ISO-10303-21;
HEADER;
FILE_DESCRIPTION(('KiCad electronic assembly'),'2;1');
FILE_NAME('pcb_right_bottom_xiao.step','2024-10-04T13:11:12',('Pcbnew'),
  ('Kicad'),'Open CASCADE STEP processor 7.7','KiCad to STEP converter',
  'Unknown');
FILE_SCHEMA(('AUTOMOTIVE_DESIGN { 1 0 10303 214 1 1 1 1 }'));
ENDSEC;
DATA;
#1 = APPLICATION_PROTOCOL_DEFINITION('international standard',
  'automotive_design',2000,#2);
#2 = APPLICATION_CONTEXT(
  'core data for automotive mechanical design processes');
#3 = SHAPE_DEFINITION_REPRESENTATION(#4,#10);
#4 = PRODUCT_DEFINITION_SHAPE('','',#5);
#5 = PRODUCT_DEFINITION('design','',#6,#9);
#6 = PRODUCT_DEFINITION_FORMATION('','',#7);
#7 = PRODUCT('pcb_right_bottom_xiao 1','pcb_right_bottom_xiao 1','',(#8)
  );
#8 = PRODUCT_CONTEXT('',#2,'mechanical');
#9 = PRODUCT_DEFINITION_CONTEXT('part definition',#2,'design');
#10 = SHAPE_REPRESENTATION('',(#11,#15),#19);
#11 = AXIS2_PLACEMENT_3D('',#12,#13,#14);
#12 = CARTESIAN_POINT('',(0.,0.,0.));
#13 = DIRECTION('',(0.,0.,1.));
#14 = DIRECTION('',(1.,0.,-0.));
#15 = AXIS2_PLACEMENT_3D('',#16,#17,#18);
#16 = CARTESIAN_POINT('',(0.,0.,0.));
#17 = DIRECTION('',(0.,0.,1.));
#18 = DIRECTION('',(1.,0.,-0.));
#19 = ( GEOMETRIC_REPRESENTATION_CONTEXT(3) 
GLOBAL_UNCERTAINTY_ASSIGNED_CONTEXT((#23)) GLOBAL_UNIT_ASSIGNED_CONTEXT(
(#20,#21,#22)) REPRESENTATION_CONTEXT('Context #1',
  '3D Context with UNIT and UNCERTAINTY') );
#20 = ( LENGTH_UNIT() NAMED_UNIT(*) SI_UNIT(.MILLI.,.METRE.) );
#21 = ( NAMED_UNIT(*) PLANE_ANGLE_UNIT() SI_UNIT($,.RADIAN.) );
#22 = ( NAMED_UNIT(*) SI_UNIT($,.STERADIAN.) SOLID_ANGLE_UNIT() );
#23 = UNCERTAINTY_MEASURE_WITH_UNIT(LENGTH_MEASURE(1.E-07),#20,
  'distance_accuracy_value','confusion accuracy');
#24 = PRODUCT_RELATED_PRODUCT_CATEGORY('part',$,(#7));
#25 = SHAPE_DEFINITION_REPRESENTATION(#26,#32);
#26 = PRODUCT_DEFINITION_SHAPE('','',#27);
#27 = PRODUCT_DEFINITION('design','',#28,#31);
#28 = PRODUCT_DEFINITION_FORMATION('','',#29);
#29 = PRODUCT('pcb_PCB','pcb_PCB','',(#30));
#30 = PRODUCT_CONTEXT('',#2,'mechanical');
#31 = PRODUCT_DEFINITION_CONTEXT('part definition',#2,'design');
#32 = ADVANCED_BREP_SHAPE_REPRESENTATION('',(#11,#33),#8859);
#33 = MANIFOLD_SOLID_BREP('',#34);
#34 = CLOSED_SHELL('',(#35,#77,#108,#139,#2453,#4767,#4784,#4801,#4818,
    #4835,#4852,#4869,#4886,#4903,#4920,#4937,#4954,#4971,#4988,#5005,
    #5022,#5039,#5056,#5073,#5090,#5107,#5124,#5141,#5158,#5175,#5192,
    #5209,#5226,#5243,#5260,#5277,#5294,#5306,#5328,#5345,#5362,#5374,
    #5391,#5413,#5430,#5442,#5464,#5481,#5498,#5510,#5532,#5549,#5561,
    #5578,#5600,#5617,#5634,#5646,#5668,#5685,#5702,#5714,#5731,#5753,
    #5770,#5787,#5804,#5821,#5838,#5855,#5867,#5889,#5906,#5923,#5935,
    #5952,#5969,#5991,#6008,#6025,#6037,#6059,#6076,#6093,#6105,#6127,
    #6144,#6161,#6173,#6190,#6212,#6229,#6246,#6258,#6275,#6297,#6314,
    #6331,#6343,#6365,#6382,#6399,#6411,#6433,#6450,#6467,#6479,#6496,
    #6518,#6535,#6552,#6564,#6586,#6603,#6620,#6632,#6649,#6671,#6688,
    #6705,#6717,#6739,#6756,#6773,#6785,#6802,#6819,#6841,#6858,#6875,
    #6887,#6909,#6926,#6943,#6955,#6977,#6994,#7011,#7023,#7045,#7062,
    #7079,#7091,#7113,#7130,#7147,#7159,#7176,#7193,#7210,#7232,#7249,
    #7266,#7278,#7300,#7317,#7334,#7346,#7368,#7385,#7402,#7414,#7431,
    #7453,#7470,#7487,#7499,#7516,#7538,#7555,#7572,#7584,#7601,#7618,
    #7635,#7652,#7669,#7686,#7703,#7725,#7742,#7759,#7771,#7793,#7810,
    #7827,#7839,#7861,#7878,#7895,#7907,#7924,#7946,#7963,#7980,#7992,
    #8009,#8031,#8048,#8065,#8077,#8099,#8116,#8133,#8145,#8167,#8184,
    #8201,#8213,#8230,#8247,#8264,#8286,#8303,#8320,#8332,#8354,#8371,
    #8388,#8400,#8422,#8439,#8456,#8468,#8490,#8507,#8524,#8536,#8553,
    #8570,#8592,#8609,#8626,#8638,#8660,#8677,#8694,#8706,#8728,#8745,
    #8762,#8774,#8791,#8808,#8825,#8842));
#35 = ADVANCED_FACE('',(#36),#72,.T.);
#36 = FACE_BOUND('',#37,.T.);
#37 = EDGE_LOOP('',(#38,#48,#57,#65));
#38 = ORIENTED_EDGE('',*,*,#39,.T.);
#39 = EDGE_CURVE('',#40,#42,#44,.T.);
#40 = VERTEX_POINT('',#41);
#41 = CARTESIAN_POINT('',(74.2,-48.49097,0.));
#42 = VERTEX_POINT('',#43);
#43 = CARTESIAN_POINT('',(74.2,-48.49097,1.6));
#44 = LINE('',#45,#46);
#45 = CARTESIAN_POINT('',(74.2,-48.49097,0.));
#46 = VECTOR('',#47,1.);
#47 = DIRECTION('',(0.,0.,1.));
#48 = ORIENTED_EDGE('',*,*,#49,.T.);
#49 = EDGE_CURVE('',#42,#50,#52,.T.);
#50 = VERTEX_POINT('',#51);
#51 = CARTESIAN_POINT('',(75.2,-49.49097,1.6));
#52 = CIRCLE('',#53,0.999978768374);
#53 = AXIS2_PLACEMENT_3D('',#54,#55,#56);
#54 = CARTESIAN_POINT('',(74.200021231852,-49.49094876814,1.6));
#55 = DIRECTION('',(0.,0.,-1.));
#56 = DIRECTION('',(-2.123230248643E-05,0.999999999775,0.));
#57 = ORIENTED_EDGE('',*,*,#58,.F.);
#58 = EDGE_CURVE('',#59,#50,#61,.T.);
#59 = VERTEX_POINT('',#60);
#60 = CARTESIAN_POINT('',(75.2,-49.49097,0.));
#61 = LINE('',#62,#63);
#62 = CARTESIAN_POINT('',(75.2,-49.49097,0.));
#63 = VECTOR('',#64,1.);
#64 = DIRECTION('',(0.,0.,1.));
#65 = ORIENTED_EDGE('',*,*,#66,.F.);
#66 = EDGE_CURVE('',#40,#59,#67,.T.);
#67 = CIRCLE('',#68,0.999978768374);
#68 = AXIS2_PLACEMENT_3D('',#69,#70,#71);
#69 = CARTESIAN_POINT('',(74.200021231852,-49.49094876814,0.));
#70 = DIRECTION('',(0.,0.,-1.));
#71 = DIRECTION('',(-2.123230248643E-05,0.999999999775,0.));
#72 = CYLINDRICAL_SURFACE('',#73,0.999978768374);
#73 = AXIS2_PLACEMENT_3D('',#74,#75,#76);
#74 = CARTESIAN_POINT('',(74.200021231852,-49.49094876814,0.));
#75 = DIRECTION('',(0.,0.,-1.));
#76 = DIRECTION('',(-2.123230248643E-05,0.999999999775,0.));
#77 = ADVANCED_FACE('',(#78),#103,.T.);
#78 = FACE_BOUND('',#79,.T.);
#79 = EDGE_LOOP('',(#80,#90,#96,#97));
#80 = ORIENTED_EDGE('',*,*,#81,.T.);
#81 = EDGE_CURVE('',#82,#84,#86,.T.);
#82 = VERTEX_POINT('',#83);
#83 = CARTESIAN_POINT('',(58.8,-48.49097,0.));
#84 = VERTEX_POINT('',#85);
#85 = CARTESIAN_POINT('',(58.8,-48.49097,1.6));
#86 = LINE('',#87,#88);
#87 = CARTESIAN_POINT('',(58.8,-48.49097,0.));
#88 = VECTOR('',#89,1.);
#89 = DIRECTION('',(0.,0.,1.));
#90 = ORIENTED_EDGE('',*,*,#91,.T.);
#91 = EDGE_CURVE('',#84,#42,#92,.T.);
#92 = LINE('',#93,#94);
#93 = CARTESIAN_POINT('',(58.8,-48.49097,1.6));
#94 = VECTOR('',#95,1.);
#95 = DIRECTION('',(1.,0.,0.));
#96 = ORIENTED_EDGE('',*,*,#39,.F.);
#97 = ORIENTED_EDGE('',*,*,#98,.F.);
#98 = EDGE_CURVE('',#82,#40,#99,.T.);
#99 = LINE('',#100,#101);
#100 = CARTESIAN_POINT('',(58.8,-48.49097,0.));
#101 = VECTOR('',#102,1.);
#102 = DIRECTION('',(1.,0.,0.));
#103 = PLANE('',#104);
#104 = AXIS2_PLACEMENT_3D('',#105,#106,#107);
#105 = CARTESIAN_POINT('',(58.8,-48.49097,0.));
#106 = DIRECTION('',(0.,1.,0.));
#107 = DIRECTION('',(1.,0.,0.));
#108 = ADVANCED_FACE('',(#109),#134,.T.);
#109 = FACE_BOUND('',#110,.T.);
#110 = EDGE_LOOP('',(#111,#112,#120,#128));
#111 = ORIENTED_EDGE('',*,*,#58,.T.);
#112 = ORIENTED_EDGE('',*,*,#113,.T.);
#113 = EDGE_CURVE('',#50,#114,#116,.T.);
#114 = VERTEX_POINT('',#115);
#115 = CARTESIAN_POINT('',(75.2,-52.49097,1.6));
#116 = LINE('',#117,#118);
#117 = CARTESIAN_POINT('',(75.2,-49.49097,1.6));
#118 = VECTOR('',#119,1.);
#119 = DIRECTION('',(0.,-1.,0.));
#120 = ORIENTED_EDGE('',*,*,#121,.F.);
#121 = EDGE_CURVE('',#122,#114,#124,.T.);
#122 = VERTEX_POINT('',#123);
#123 = CARTESIAN_POINT('',(75.2,-52.49097,0.));
#124 = LINE('',#125,#126);
#125 = CARTESIAN_POINT('',(75.2,-52.49097,0.));
#126 = VECTOR('',#127,1.);
#127 = DIRECTION('',(0.,0.,1.));
#128 = ORIENTED_EDGE('',*,*,#129,.F.);
#129 = EDGE_CURVE('',#59,#122,#130,.T.);
#130 = LINE('',#131,#132);
#131 = CARTESIAN_POINT('',(75.2,-49.49097,0.));
#132 = VECTOR('',#133,1.);
#133 = DIRECTION('',(0.,-1.,0.));
#134 = PLANE('',#135);
#135 = AXIS2_PLACEMENT_3D('',#136,#137,#138);
#136 = CARTESIAN_POINT('',(75.2,-49.49097,0.));
#137 = DIRECTION('',(1.,0.,-0.));
#138 = DIRECTION('',(0.,-1.,0.));
#139 = ADVANCED_FACE('',(#140,#415,#453,#464,#493,#531,#560,#571,#609,
    #647,#658,#728,#766,#777,#788,#826,#864,#902,#913,#951,#962,#1000,
    #1038,#1076,#1087,#1125,#1163,#1174,#1212,#1250,#1261,#1272,#1310,
    #1348,#1386,#1424,#1462,#1473,#1484,#1495,#1533,#1571,#1609,#1620,
    #1658,#1669,#1707,#1718,#1729,#1740,#1751,#1762,#1773,#1784,#1822,
    #1860,#1898,#1909,#1947,#1958,#1996,#2034,#2072,#2083,#2094,#2105,
    #2143,#2181,#2219,#2257,#2268,#2279,#2317,#2355,#2393,#2404,#2415,
    #2426,#2437),#2448,.T.);
#140 = FACE_BOUND('',#141,.T.);
#141 = EDGE_LOOP('',(#142,#143,#144,#153,#161,#170,#178,#187,#195,#204,
    #212,#221,#229,#238,#246,#255,#263,#272,#280,#289,#297,#306,#314,
    #322,#331,#339,#348,#356,#365,#373,#382,#390,#399,#407,#414));
#142 = ORIENTED_EDGE('',*,*,#66,.T.);
#143 = ORIENTED_EDGE('',*,*,#129,.T.);
#144 = ORIENTED_EDGE('',*,*,#145,.T.);
#145 = EDGE_CURVE('',#122,#146,#148,.T.);
#146 = VERTEX_POINT('',#147);
#147 = CARTESIAN_POINT('',(76.2,-53.49097,0.));
#148 = CIRCLE('',#149,0.999999252925);
#149 = AXIS2_PLACEMENT_3D('',#150,#151,#152);
#150 = CARTESIAN_POINT('',(76.199999252925,-52.49097074707,0.));
#151 = DIRECTION('',(0.,0.,1.));
#152 = DIRECTION('',(-1.,7.470757491648E-07,0.));
#153 = ORIENTED_EDGE('',*,*,#154,.T.);
#154 = EDGE_CURVE('',#146,#155,#157,.T.);
#155 = VERTEX_POINT('',#156);
#156 = CARTESIAN_POINT('',(93.2,-53.49097,0.));
#157 = LINE('',#158,#159);
#158 = CARTESIAN_POINT('',(76.2,-53.49097,0.));
#159 = VECTOR('',#160,1.);
#160 = DIRECTION('',(1.,0.,0.));
#161 = ORIENTED_EDGE('',*,*,#162,.T.);
#162 = EDGE_CURVE('',#155,#163,#165,.T.);
#163 = VERTEX_POINT('',#164);
#164 = CARTESIAN_POINT('',(94.2,-54.49097,0.));
#165 = CIRCLE('',#166,0.999999252925);
#166 = AXIS2_PLACEMENT_3D('',#167,#168,#169);
#167 = CARTESIAN_POINT('',(93.200000747075,-54.49096925292,0.));
#168 = DIRECTION('',(0.,0.,-1.));
#169 = DIRECTION('',(-7.47075720743E-07,1.,0.));
#170 = ORIENTED_EDGE('',*,*,#171,.T.);
#171 = EDGE_CURVE('',#163,#172,#174,.T.);
#172 = VERTEX_POINT('',#173);
#173 = CARTESIAN_POINT('',(94.2,-54.69097,0.));
#174 = LINE('',#175,#176);
#175 = CARTESIAN_POINT('',(94.2,-54.49097,0.));
#176 = VECTOR('',#177,1.);
#177 = DIRECTION('',(0.,-1.,0.));
#178 = ORIENTED_EDGE('',*,*,#179,.T.);
#179 = EDGE_CURVE('',#172,#180,#182,.T.);
#180 = VERTEX_POINT('',#181);
#181 = CARTESIAN_POINT('',(94.8,-55.29097,0.));
#182 = CIRCLE('',#183,0.600000234597);
#183 = AXIS2_PLACEMENT_3D('',#184,#185,#186);
#184 = CARTESIAN_POINT('',(94.800000234597,-54.6909697654,0.));
#185 = DIRECTION('',(0.,0.,1.));
#186 = DIRECTION('',(-1.,-3.909953616065E-07,0.));
#187 = ORIENTED_EDGE('',*,*,#188,.T.);
#188 = EDGE_CURVE('',#180,#189,#191,.T.);
#189 = VERTEX_POINT('',#190);
#190 = CARTESIAN_POINT('',(138.,-55.29097,0.));
#191 = LINE('',#192,#193);
#192 = CARTESIAN_POINT('',(94.8,-55.29097,0.));
#193 = VECTOR('',#194,1.);
#194 = DIRECTION('',(1.,0.,0.));
#195 = ORIENTED_EDGE('',*,*,#196,.T.);
#196 = EDGE_CURVE('',#189,#197,#199,.T.);
#197 = VERTEX_POINT('',#198);
#198 = CARTESIAN_POINT('',(139.,-56.29097,0.));
#199 = CIRCLE('',#200,0.999999252925);
#200 = AXIS2_PLACEMENT_3D('',#201,#202,#203);
#201 = CARTESIAN_POINT('',(138.00000074707,-56.29096925292,0.));
#202 = DIRECTION('',(0.,0.,-1.));
#203 = DIRECTION('',(-7.470757633756E-07,1.,0.));
#204 = ORIENTED_EDGE('',*,*,#205,.T.);
#205 = EDGE_CURVE('',#197,#206,#208,.T.);
#206 = VERTEX_POINT('',#207);
#207 = CARTESIAN_POINT('',(139.,-134.746655,0.));
#208 = LINE('',#209,#210);
#209 = CARTESIAN_POINT('',(139.,-56.29097,0.));
#210 = VECTOR('',#211,1.);
#211 = DIRECTION('',(0.,-1.,0.));
#212 = ORIENTED_EDGE('',*,*,#213,.T.);
#213 = EDGE_CURVE('',#206,#214,#216,.T.);
#214 = VERTEX_POINT('',#215);
#215 = CARTESIAN_POINT('',(138.788024,-135.362299,0.));
#216 = CIRCLE('',#217,0.999745421632);
#217 = AXIS2_PLACEMENT_3D('',#218,#219,#220);
#218 = CARTESIAN_POINT('',(138.00025458216,-134.7467421363,0.));
#219 = DIRECTION('',(0.,0.,-1.));
#220 = DIRECTION('',(0.999999996202,8.71585290166E-05,0.));
#221 = ORIENTED_EDGE('',*,*,#222,.T.);
#222 = EDGE_CURVE('',#214,#223,#225,.T.);
#223 = VERTEX_POINT('',#224);
#224 = CARTESIAN_POINT('',(129.619619,-147.097858,0.));
#225 = LINE('',#226,#227);
#226 = CARTESIAN_POINT('',(138.788024,-135.362299,0.));
#227 = VECTOR('',#228,1.);
#228 = DIRECTION('',(-0.615644022426,-0.788024388995,0.));
#229 = ORIENTED_EDGE('',*,*,#230,.T.);
#230 = EDGE_CURVE('',#223,#231,#233,.T.);
#231 = VERTEX_POINT('',#232);
#232 = CARTESIAN_POINT('',(128.210892,-147.26626,0.));
#233 = CIRCLE('',#234,1.000022043586);
#234 = AXIS2_PLACEMENT_3D('',#235,#236,#237);
#235 = CARTESIAN_POINT('',(128.83159093061,-146.4821828831,0.));
#236 = DIRECTION('',(-0.,0.,-1.));
#237 = DIRECTION('',(0.7880106988,-0.615661545475,-0.));
#238 = ORIENTED_EDGE('',*,*,#239,.T.);
#239 = EDGE_CURVE('',#231,#240,#242,.T.);
#240 = VERTEX_POINT('',#241);
#241 = CARTESIAN_POINT('',(114.731367,-136.594969,0.));
#242 = LINE('',#243,#244);
#243 = CARTESIAN_POINT('',(128.210892,-147.26626,0.));
#244 = VECTOR('',#245,1.);
#245 = DIRECTION('',(-0.784045813847,0.620702957774,0.));
#246 = ORIENTED_EDGE('',*,*,#247,.T.);
#247 = EDGE_CURVE('',#240,#248,#250,.T.);
#248 = VERTEX_POINT('',#249);
#249 = CARTESIAN_POINT('',(114.441909,-136.43547,0.));
#250 = CIRCLE('',#251,1.000008616568);
#251 = AXIS2_PLACEMENT_3D('',#252,#253,#254);
#252 = CARTESIAN_POINT('',(114.11065978038,-137.3790224297,0.));
#253 = DIRECTION('',(0.,0.,1.));
#254 = DIRECTION('',(0.620701871299,0.784046673972,-0.));
#255 = ORIENTED_EDGE('',*,*,#256,.T.);
#256 = EDGE_CURVE('',#248,#257,#259,.T.);
#257 = VERTEX_POINT('',#258);
#258 = CARTESIAN_POINT('',(95.960811,-129.947425,0.));
#259 = LINE('',#260,#261);
#260 = CARTESIAN_POINT('',(114.441909,-136.43547,0.));
#261 = VECTOR('',#262,1.);
#262 = DIRECTION('',(-0.943544953549,0.331244502797,0.));
#263 = ORIENTED_EDGE('',*,*,#264,.T.);
#264 = EDGE_CURVE('',#257,#265,#267,.T.);
#265 = VERTEX_POINT('',#266);
#266 = CARTESIAN_POINT('',(95.629567,-129.89097,0.));
#267 = CIRCLE('',#268,1.000015575656);
#268 = AXIS2_PLACEMENT_3D('',#269,#270,#271);
#269 = CARTESIAN_POINT('',(95.62956397491,-130.8909855756,0.));
#270 = DIRECTION('',(0.,0.,1.));
#271 = DIRECTION('',(0.331241865781,0.943545879305,-0.));
#272 = ORIENTED_EDGE('',*,*,#273,.T.);
#273 = EDGE_CURVE('',#265,#274,#276,.T.);
#274 = VERTEX_POINT('',#275);
#275 = CARTESIAN_POINT('',(77.4,-129.89097,0.));
#276 = LINE('',#277,#278);
#277 = CARTESIAN_POINT('',(95.629567,-129.89097,0.));
#278 = VECTOR('',#279,1.);
#279 = DIRECTION('',(-1.,0.,0.));
#280 = ORIENTED_EDGE('',*,*,#281,.T.);
#281 = EDGE_CURVE('',#274,#282,#284,.T.);
#282 = VERTEX_POINT('',#283);
#283 = CARTESIAN_POINT('',(76.4,-128.89097,0.));
#284 = CIRCLE('',#285,0.999999252925);
#285 = AXIS2_PLACEMENT_3D('',#286,#287,#288);
#286 = CARTESIAN_POINT('',(77.399999252925,-128.890970747,0.));
#287 = DIRECTION('',(0.,0.,-1.));
#288 = DIRECTION('',(7.47075720743E-07,-1.,0.));
#289 = ORIENTED_EDGE('',*,*,#290,.T.);
#290 = EDGE_CURVE('',#282,#291,#293,.T.);
#291 = VERTEX_POINT('',#292);
#292 = CARTESIAN_POINT('',(76.4,-123.29097,0.));
#293 = LINE('',#294,#295);
#294 = CARTESIAN_POINT('',(76.4,-128.89097,0.));
#295 = VECTOR('',#296,1.);
#296 = DIRECTION('',(0.,1.,0.));
#297 = ORIENTED_EDGE('',*,*,#298,.T.);
#298 = EDGE_CURVE('',#291,#299,#301,.T.);
#299 = VERTEX_POINT('',#300);
#300 = CARTESIAN_POINT('',(75.4,-122.29097,0.));
#301 = CIRCLE('',#302,0.999999252925);
#302 = AXIS2_PLACEMENT_3D('',#303,#304,#305);
#303 = CARTESIAN_POINT('',(75.400000747075,-123.2909692529,0.));
#304 = DIRECTION('',(0.,0.,1.));
#305 = DIRECTION('',(1.,-7.470757491648E-07,0.));
#306 = ORIENTED_EDGE('',*,*,#307,.T.);
#307 = EDGE_CURVE('',#299,#308,#310,.T.);
#308 = VERTEX_POINT('',#309);
#309 = CARTESIAN_POINT('',(37.4,-122.29097,0.));
#310 = LINE('',#311,#312);
#311 = CARTESIAN_POINT('',(75.4,-122.29097,0.));
#312 = VECTOR('',#313,1.);
#313 = DIRECTION('',(-1.,0.,0.));
#314 = ORIENTED_EDGE('',*,*,#315,.T.);
#315 = EDGE_CURVE('',#308,#316,#318,.T.);
#316 = VERTEX_POINT('',#317);
#317 = CARTESIAN_POINT('',(1.6,-122.29097,0.));
#318 = LINE('',#319,#320);
#319 = CARTESIAN_POINT('',(37.4,-122.29097,0.));
#320 = VECTOR('',#321,1.);
#321 = DIRECTION('',(-1.,0.,0.));
#322 = ORIENTED_EDGE('',*,*,#323,.T.);
#323 = EDGE_CURVE('',#316,#324,#326,.T.);
#324 = VERTEX_POINT('',#325);
#325 = CARTESIAN_POINT('',(0.6,-121.29097,0.));
#326 = CIRCLE('',#327,0.999999252925);
#327 = AXIS2_PLACEMENT_3D('',#328,#329,#330);
#328 = CARTESIAN_POINT('',(1.599999252925,-121.290970747,0.));
#329 = DIRECTION('',(0.,0.,-1.));
#330 = DIRECTION('',(7.470757302909E-07,-1.,0.));
#331 = ORIENTED_EDGE('',*,*,#332,.T.);
#332 = EDGE_CURVE('',#324,#333,#335,.T.);
#333 = VERTEX_POINT('',#334);
#334 = CARTESIAN_POINT('',(0.6,-67.69097,0.));
#335 = LINE('',#336,#337);
#336 = CARTESIAN_POINT('',(0.6,-121.29097,0.));
#337 = VECTOR('',#338,1.);
#338 = DIRECTION('',(0.,1.,0.));
#339 = ORIENTED_EDGE('',*,*,#340,.T.);
#340 = EDGE_CURVE('',#333,#341,#343,.T.);
#341 = VERTEX_POINT('',#342);
#342 = CARTESIAN_POINT('',(1.6,-66.69097,0.));
#343 = CIRCLE('',#344,1.000052177833);
#344 = AXIS2_PLACEMENT_3D('',#345,#346,#347);
#345 = CARTESIAN_POINT('',(1.600052176472,-67.69102217647,0.));
#346 = DIRECTION('',(0.,0.,-1.));
#347 = DIRECTION('',(-0.999999998639,5.217374921418E-05,0.));
#348 = ORIENTED_EDGE('',*,*,#349,.T.);
#349 = EDGE_CURVE('',#341,#350,#352,.T.);
#350 = VERTEX_POINT('',#351);
#351 = CARTESIAN_POINT('',(37.6,-66.69097,0.));
#352 = LINE('',#353,#354);
#353 = CARTESIAN_POINT('',(1.6,-66.69097,0.));
#354 = VECTOR('',#355,1.);
#355 = DIRECTION('',(1.,0.,0.));
#356 = ORIENTED_EDGE('',*,*,#357,.T.);
#357 = EDGE_CURVE('',#350,#358,#360,.T.);
#358 = VERTEX_POINT('',#359);
#359 = CARTESIAN_POINT('',(38.6,-65.69097,0.));
#360 = CIRCLE('',#361,0.999949751089);
#361 = AXIS2_PLACEMENT_3D('',#362,#363,#364);
#362 = CARTESIAN_POINT('',(37.600050250173,-65.69102025017,0.));
#363 = DIRECTION('',(0.,0.,1.));
#364 = DIRECTION('',(-5.025269834627E-05,-0.999999998737,0.));
#365 = ORIENTED_EDGE('',*,*,#366,.T.);
#366 = EDGE_CURVE('',#358,#367,#369,.T.);
#367 = VERTEX_POINT('',#368);
#368 = CARTESIAN_POINT('',(38.6,-54.69097,0.));
#369 = LINE('',#370,#371);
#370 = CARTESIAN_POINT('',(38.6,-65.69097,0.));
#371 = VECTOR('',#372,1.);
#372 = DIRECTION('',(0.,1.,0.));
#373 = ORIENTED_EDGE('',*,*,#374,.T.);
#374 = EDGE_CURVE('',#367,#375,#377,.T.);
#375 = VERTEX_POINT('',#376);
#376 = CARTESIAN_POINT('',(39.6,-53.69097,0.));
#377 = CIRCLE('',#378,0.999999252925);
#378 = AXIS2_PLACEMENT_3D('',#379,#380,#381);
#379 = CARTESIAN_POINT('',(39.599999252925,-54.69096925292,0.));
#380 = DIRECTION('',(0.,0.,-1.));
#381 = DIRECTION('',(-1.,-7.470757420593E-07,-0.));
#382 = ORIENTED_EDGE('',*,*,#383,.T.);
#383 = EDGE_CURVE('',#375,#384,#386,.T.);
#384 = VERTEX_POINT('',#385);
#385 = CARTESIAN_POINT('',(56.8,-53.69097,0.));
#386 = LINE('',#387,#388);
#387 = CARTESIAN_POINT('',(39.6,-53.69097,0.));
#388 = VECTOR('',#389,1.);
#389 = DIRECTION('',(1.,0.,0.));
#390 = ORIENTED_EDGE('',*,*,#391,.T.);
#391 = EDGE_CURVE('',#384,#392,#394,.T.);
#392 = VERTEX_POINT('',#393);
#393 = CARTESIAN_POINT('',(57.8,-52.69097,0.));
#394 = CIRCLE('',#395,0.999999252925);
#395 = AXIS2_PLACEMENT_3D('',#396,#397,#398);
#396 = CARTESIAN_POINT('',(56.800000747075,-52.69097074707,0.));
#397 = DIRECTION('',(0.,0.,1.));
#398 = DIRECTION('',(-7.470757491648E-07,-1.,0.));
#399 = ORIENTED_EDGE('',*,*,#400,.T.);
#400 = EDGE_CURVE('',#392,#401,#403,.T.);
#401 = VERTEX_POINT('',#402);
#402 = CARTESIAN_POINT('',(57.8,-49.49097,0.));
#403 = LINE('',#404,#405);
#404 = CARTESIAN_POINT('',(57.8,-52.69097,0.));
#405 = VECTOR('',#406,1.);
#406 = DIRECTION('',(0.,1.,0.));
#407 = ORIENTED_EDGE('',*,*,#408,.T.);
#408 = EDGE_CURVE('',#401,#82,#409,.T.);
#409 = CIRCLE('',#410,0.999999252925);
#410 = AXIS2_PLACEMENT_3D('',#411,#412,#413);
#411 = CARTESIAN_POINT('',(58.799999252925,-49.49096925292,0.));
#412 = DIRECTION('',(0.,0.,-1.));
#413 = DIRECTION('',(-1.,-7.470757420593E-07,-0.));
#414 = ORIENTED_EDGE('',*,*,#98,.T.);
#415 = FACE_BOUND('',#416,.T.);
#416 = EDGE_LOOP('',(#417,#428,#437,#446));
#417 = ORIENTED_EDGE('',*,*,#418,.F.);
#418 = EDGE_CURVE('',#419,#421,#423,.T.);
#419 = VERTEX_POINT('',#420);
#420 = CARTESIAN_POINT('',(127.640776,-143.854521,0.));
#421 = VERTEX_POINT('',#422);
#422 = CARTESIAN_POINT('',(126.46295179347,-143.2833536752,0.));
#423 = CIRCLE('',#424,1.5);
#424 = AXIS2_PLACEMENT_3D('',#425,#426,#427);
#425 = CARTESIAN_POINT('',(127.640776,-142.354521,0.));
#426 = DIRECTION('',(-0.,0.,-1.));
#427 = DIRECTION('',(9.473903143468E-15,-1.,-0.));
#428 = ORIENTED_EDGE('',*,*,#429,.F.);
#429 = EDGE_CURVE('',#430,#419,#432,.T.);
#430 = VERTEX_POINT('',#431);
#431 = CARTESIAN_POINT('',(126.75373620652,-141.1449093247,0.));
#432 = CIRCLE('',#433,1.5);
#433 = AXIS2_PLACEMENT_3D('',#434,#435,#436);
#434 = CARTESIAN_POINT('',(127.640776,-142.354521,0.));
#435 = DIRECTION('',(-0.,0.,-1.));
#436 = DIRECTION('',(9.473903143468E-15,-1.,-0.));
#437 = ORIENTED_EDGE('',*,*,#438,.F.);
#438 = EDGE_CURVE('',#439,#430,#441,.T.);
#439 = VERTEX_POINT('',#440);
#440 = CARTESIAN_POINT('',(125.575912,-143.573742,0.));
#441 = CIRCLE('',#442,1.5);
#442 = AXIS2_PLACEMENT_3D('',#443,#444,#445);
#443 = CARTESIAN_POINT('',(125.575912,-142.073742,0.));
#444 = DIRECTION('',(-0.,0.,-1.));
#445 = DIRECTION('',(-0.,-1.,0.));
#446 = ORIENTED_EDGE('',*,*,#447,.F.);
#447 = EDGE_CURVE('',#421,#439,#448,.T.);
#448 = CIRCLE('',#449,1.5);
#449 = AXIS2_PLACEMENT_3D('',#450,#451,#452);
#450 = CARTESIAN_POINT('',(125.575912,-142.073742,0.));
#451 = DIRECTION('',(-0.,0.,-1.));
#452 = DIRECTION('',(-0.,-1.,0.));
#453 = FACE_BOUND('',#454,.T.);
#454 = EDGE_LOOP('',(#455));
#455 = ORIENTED_EDGE('',*,*,#456,.F.);
#456 = EDGE_CURVE('',#457,#457,#459,.T.);
#457 = VERTEX_POINT('',#458);
#458 = CARTESIAN_POINT('',(127.067138,-138.49196,0.));
#459 = CIRCLE('',#460,2.55);
#460 = AXIS2_PLACEMENT_3D('',#461,#462,#463);
#461 = CARTESIAN_POINT('',(127.067138,-135.94196,0.));
#462 = DIRECTION('',(-0.,0.,-1.));
#463 = DIRECTION('',(-0.,-1.,0.));
#464 = FACE_BOUND('',#465,.T.);
#465 = EDGE_LOOP('',(#466,#477,#486));
#466 = ORIENTED_EDGE('',*,*,#467,.F.);
#467 = EDGE_CURVE('',#468,#470,#472,.T.);
#468 = VERTEX_POINT('',#469);
#469 = CARTESIAN_POINT('',(121.478257,-140.372302,0.));
#470 = VERTEX_POINT('',#471);
#471 = CARTESIAN_POINT('',(120.08998148757,-138.3042429347,0.));
#472 = CIRCLE('',#473,1.5);
#473 = AXIS2_PLACEMENT_3D('',#474,#475,#476);
#474 = CARTESIAN_POINT('',(121.478257,-138.872302,0.));
#475 = DIRECTION('',(-0.,0.,-1.));
#476 = DIRECTION('',(-0.,-1.,0.));
#477 = ORIENTED_EDGE('',*,*,#478,.F.);
#478 = EDGE_CURVE('',#479,#468,#481,.T.);
#479 = VERTEX_POINT('',#480);
#480 = CARTESIAN_POINT('',(122.09455751242,-137.5047590652,0.));
#481 = CIRCLE('',#482,1.5);
#482 = AXIS2_PLACEMENT_3D('',#483,#484,#485);
#483 = CARTESIAN_POINT('',(121.478257,-138.872302,0.));
#484 = DIRECTION('',(-0.,0.,-1.));
#485 = DIRECTION('',(-0.,-1.,0.));
#486 = ORIENTED_EDGE('',*,*,#487,.F.);
#487 = EDGE_CURVE('',#470,#479,#488,.T.);
#488 = CIRCLE('',#489,1.5);
#489 = AXIS2_PLACEMENT_3D('',#490,#491,#492);
#490 = CARTESIAN_POINT('',(120.706282,-136.9367,0.));
#491 = DIRECTION('',(-0.,0.,-1.));
#492 = DIRECTION('',(-0.,-1.,0.));
#493 = FACE_BOUND('',#494,.T.);
#494 = EDGE_LOOP('',(#495,#506,#515,#524));
#495 = ORIENTED_EDGE('',*,*,#496,.F.);
#496 = EDGE_CURVE('',#497,#499,#501,.T.);
#497 = VERTEX_POINT('',#498);
#498 = CARTESIAN_POINT('',(110.130111,-132.617407,0.));
#499 = VERTEX_POINT('',#500);
#500 = CARTESIAN_POINT('',(109.3188552472,-132.3790979699,0.));
#501 = CIRCLE('',#502,1.5);
#502 = AXIS2_PLACEMENT_3D('',#503,#504,#505);
#503 = CARTESIAN_POINT('',(110.130111,-131.117407,0.));
#504 = DIRECTION('',(-0.,0.,-1.));
#505 = DIRECTION('',(-0.,-1.,0.));
#506 = ORIENTED_EDGE('',*,*,#507,.F.);
#507 = EDGE_CURVE('',#508,#497,#510,.T.);
#508 = VERTEX_POINT('',#509);
#509 = CARTESIAN_POINT('',(108.89758775279,-130.26248803,0.));
#510 = CIRCLE('',#511,1.5);
#511 = AXIS2_PLACEMENT_3D('',#512,#513,#514);
#512 = CARTESIAN_POINT('',(110.130111,-131.117407,0.));
#513 = DIRECTION('',(-0.,0.,-1.));
#514 = DIRECTION('',(-0.,-1.,0.));
#515 = ORIENTED_EDGE('',*,*,#516,.F.);
#516 = EDGE_CURVE('',#517,#508,#519,.T.);
#517 = VERTEX_POINT('',#518);
#518 = CARTESIAN_POINT('',(108.086332,-133.024179,0.));
#519 = CIRCLE('',#520,1.5);
#520 = AXIS2_PLACEMENT_3D('',#521,#522,#523);
#521 = CARTESIAN_POINT('',(108.086332,-131.524179,0.));
#522 = DIRECTION('',(-0.,0.,-1.));
#523 = DIRECTION('',(-0.,-1.,0.));
#524 = ORIENTED_EDGE('',*,*,#525,.F.);
#525 = EDGE_CURVE('',#499,#517,#526,.T.);
#526 = CIRCLE('',#527,1.5);
#527 = AXIS2_PLACEMENT_3D('',#528,#529,#530);
#528 = CARTESIAN_POINT('',(108.086332,-131.524179,0.));
#529 = DIRECTION('',(-0.,0.,-1.));
#530 = DIRECTION('',(-0.,-1.,0.));
#531 = FACE_BOUND('',#532,.T.);
#532 = EDGE_LOOP('',(#533,#544,#553));
#533 = ORIENTED_EDGE('',*,*,#534,.F.);
#534 = EDGE_CURVE('',#535,#537,#539,.T.);
#535 = VERTEX_POINT('',#536);
#536 = CARTESIAN_POINT('',(103.169634,-131.331225,0.));
#537 = VERTEX_POINT('',#538);
#538 = CARTESIAN_POINT('',(101.67205176943,-129.7460929689,0.));
#539 = CIRCLE('',#540,1.5);
#540 = AXIS2_PLACEMENT_3D('',#541,#542,#543);
#541 = CARTESIAN_POINT('',(103.169634,-129.831225,0.));
#542 = DIRECTION('',(-0.,0.,-1.));
#543 = DIRECTION('',(-0.,-1.,0.));
#544 = ORIENTED_EDGE('',*,*,#545,.F.);
#545 = EDGE_CURVE('',#546,#535,#548,.T.);
#546 = VERTEX_POINT('',#547);
#547 = CARTESIAN_POINT('',(103.30713023056,-128.337540031,0.));
#548 = CIRCLE('',#549,1.5);
#549 = AXIS2_PLACEMENT_3D('',#550,#551,#552);
#550 = CARTESIAN_POINT('',(103.169634,-129.831225,0.));
#551 = DIRECTION('',(-0.,0.,-1.));
#552 = DIRECTION('',(-0.,-1.,0.));
#553 = ORIENTED_EDGE('',*,*,#554,.F.);
#554 = EDGE_CURVE('',#537,#546,#555,.T.);
#555 = CIRCLE('',#556,1.5);
#556 = AXIS2_PLACEMENT_3D('',#557,#558,#559);
#557 = CARTESIAN_POINT('',(101.809548,-128.252408,0.));
#558 = DIRECTION('',(-0.,0.,-1.));
#559 = DIRECTION('',(-0.,-1.,0.));
#560 = FACE_BOUND('',#561,.T.);
#561 = EDGE_LOOP('',(#562));
#562 = ORIENTED_EDGE('',*,*,#563,.F.);
#563 = EDGE_CURVE('',#564,#564,#566,.T.);
#564 = VERTEX_POINT('',#565);
#565 = CARTESIAN_POINT('',(107.5,-127.79097,0.));
#566 = CIRCLE('',#567,2.55);
#567 = AXIS2_PLACEMENT_3D('',#568,#569,#570);
#568 = CARTESIAN_POINT('',(107.5,-125.24097,0.));
#569 = DIRECTION('',(-0.,0.,-1.));
#570 = DIRECTION('',(-0.,-1.,0.));
#571 = FACE_BOUND('',#572,.T.);
#572 = EDGE_LOOP('',(#573,#584,#593,#602));
#573 = ORIENTED_EDGE('',*,*,#574,.F.);
#574 = EDGE_CURVE('',#575,#577,#579,.T.);
#575 = VERTEX_POINT('',#576);
#576 = CARTESIAN_POINT('',(88.1,-128.74097,0.));
#577 = VERTEX_POINT('',#578);
#578 = CARTESIAN_POINT('',(88.456291876724,-125.7838989315,0.));
#579 = CIRCLE('',#580,1.5);
#580 = AXIS2_PLACEMENT_3D('',#581,#582,#583);
#581 = CARTESIAN_POINT('',(88.1,-127.24097,0.));
#582 = DIRECTION('',(-0.,0.,-1.));
#583 = DIRECTION('',(-0.,-1.,0.));
#584 = ORIENTED_EDGE('',*,*,#585,.F.);
#585 = EDGE_CURVE('',#586,#575,#588,.T.);
#586 = VERTEX_POINT('',#587);
#587 = CARTESIAN_POINT('',(89.543708123276,-127.6480410684,0.));
#588 = CIRCLE('',#589,1.5);
#589 = AXIS2_PLACEMENT_3D('',#590,#591,#592);
#590 = CARTESIAN_POINT('',(88.1,-127.24097,0.));
#591 = DIRECTION('',(-0.,0.,-1.));
#592 = DIRECTION('',(-0.,-1.,0.));
#593 = ORIENTED_EDGE('',*,*,#594,.F.);
#594 = EDGE_CURVE('',#595,#586,#597,.T.);
#595 = VERTEX_POINT('',#596);
#596 = CARTESIAN_POINT('',(89.9,-127.69097,0.));
#597 = CIRCLE('',#598,1.5);
#598 = AXIS2_PLACEMENT_3D('',#599,#600,#601);
#599 = CARTESIAN_POINT('',(89.9,-126.19097,0.));
#600 = DIRECTION('',(-0.,0.,-1.));
#601 = DIRECTION('',(-0.,-1.,0.));
#602 = ORIENTED_EDGE('',*,*,#603,.F.);
#603 = EDGE_CURVE('',#577,#595,#604,.T.);
#604 = CIRCLE('',#605,1.5);
#605 = AXIS2_PLACEMENT_3D('',#606,#607,#608);
#606 = CARTESIAN_POINT('',(89.9,-126.19097,0.));
#607 = DIRECTION('',(-0.,0.,-1.));
#608 = DIRECTION('',(-0.,-1.,0.));
#609 = FACE_BOUND('',#610,.T.);
#610 = EDGE_LOOP('',(#611,#622,#631,#640));
#611 = ORIENTED_EDGE('',*,*,#612,.F.);
#612 = EDGE_CURVE('',#613,#615,#617,.T.);
#613 = VERTEX_POINT('',#614);
#614 = CARTESIAN_POINT('',(82.9,-128.74097,0.));
#615 = VERTEX_POINT('',#616);
#616 = CARTESIAN_POINT('',(81.456291876724,-127.6480410684,0.));
#617 = CIRCLE('',#618,1.5);
#618 = AXIS2_PLACEMENT_3D('',#619,#620,#621);
#619 = CARTESIAN_POINT('',(82.9,-127.24097,0.));
#620 = DIRECTION('',(-0.,0.,-1.));
#621 = DIRECTION('',(-0.,-1.,0.));
#622 = ORIENTED_EDGE('',*,*,#623,.F.);
#623 = EDGE_CURVE('',#624,#613,#626,.T.);
#624 = VERTEX_POINT('',#625);
#625 = CARTESIAN_POINT('',(82.543708123276,-125.7838989315,0.));
#626 = CIRCLE('',#627,1.5);
#627 = AXIS2_PLACEMENT_3D('',#628,#629,#630);
#628 = CARTESIAN_POINT('',(82.9,-127.24097,0.));
#629 = DIRECTION('',(-0.,0.,-1.));
#630 = DIRECTION('',(-0.,-1.,0.));
#631 = ORIENTED_EDGE('',*,*,#632,.F.);
#632 = EDGE_CURVE('',#633,#624,#635,.T.);
#633 = VERTEX_POINT('',#634);
#634 = CARTESIAN_POINT('',(81.1,-127.69097,0.));
#635 = CIRCLE('',#636,1.5);
#636 = AXIS2_PLACEMENT_3D('',#637,#638,#639);
#637 = CARTESIAN_POINT('',(81.1,-126.19097,0.));
#638 = DIRECTION('',(-0.,0.,-1.));
#639 = DIRECTION('',(-0.,-1.,0.));
#640 = ORIENTED_EDGE('',*,*,#641,.F.);
#641 = EDGE_CURVE('',#615,#633,#642,.T.);
#642 = CIRCLE('',#643,1.5);
#643 = AXIS2_PLACEMENT_3D('',#644,#645,#646);
#644 = CARTESIAN_POINT('',(81.1,-126.19097,0.));
#645 = DIRECTION('',(-0.,0.,-1.));
#646 = DIRECTION('',(-0.,-1.,0.));
#647 = FACE_BOUND('',#648,.T.);
#648 = EDGE_LOOP('',(#649));
#649 = ORIENTED_EDGE('',*,*,#650,.F.);
#650 = EDGE_CURVE('',#651,#651,#653,.T.);
#651 = VERTEX_POINT('',#652);
#652 = CARTESIAN_POINT('',(122.4,-123.19097,0.));
#653 = CIRCLE('',#654,2.1);
#654 = AXIS2_PLACEMENT_3D('',#655,#656,#657);
#655 = CARTESIAN_POINT('',(122.4,-121.09097,0.));
#656 = DIRECTION('',(-0.,0.,-1.));
#657 = DIRECTION('',(-0.,-1.,0.));
#658 = FACE_BOUND('',#659,.T.);
#659 = EDGE_LOOP('',(#660,#671,#679,#688,#696,#705,#713,#722));
#660 = ORIENTED_EDGE('',*,*,#661,.F.);
#661 = EDGE_CURVE('',#662,#664,#666,.T.);
#662 = VERTEX_POINT('',#663);
#663 = CARTESIAN_POINT('',(134.,-83.615972,0.));
#664 = VERTEX_POINT('',#665);
#665 = CARTESIAN_POINT('',(135.,-84.615972,0.));
#666 = CIRCLE('',#667,1.00000266715);
#667 = AXIS2_PLACEMENT_3D('',#668,#669,#670);
#668 = CARTESIAN_POINT('',(133.99999733285,-84.61597466714,0.));
#669 = DIRECTION('',(0.,0.,-1.));
#670 = DIRECTION('',(2.667139162621E-06,0.999999999996,0.));
#671 = ORIENTED_EDGE('',*,*,#672,.F.);
#672 = EDGE_CURVE('',#673,#662,#675,.T.);
#673 = VERTEX_POINT('',#674);
#674 = CARTESIAN_POINT('',(117.,-83.61597,0.));
#675 = LINE('',#676,#677);
#676 = CARTESIAN_POINT('',(117.,-83.61597,0.));
#677 = VECTOR('',#678,1.);
#678 = DIRECTION('',(1.,-1.176470585265E-07,0.));
#679 = ORIENTED_EDGE('',*,*,#680,.F.);
#680 = EDGE_CURVE('',#681,#673,#683,.T.);
#681 = VERTEX_POINT('',#682);
#682 = CARTESIAN_POINT('',(116.,-84.61597,0.));
#683 = CIRCLE('',#684,1.000000960032);
#684 = AXIS2_PLACEMENT_3D('',#685,#686,#687);
#685 = CARTESIAN_POINT('',(117.00000096003,-84.61597096003,0.));
#686 = DIRECTION('',(0.,0.,-1.));
#687 = DIRECTION('',(-1.,9.600305069164E-07,0.));
#688 = ORIENTED_EDGE('',*,*,#689,.F.);
#689 = EDGE_CURVE('',#690,#681,#692,.T.);
#690 = VERTEX_POINT('',#691);
#691 = CARTESIAN_POINT('',(116.,-114.615968,0.));
#692 = LINE('',#693,#694);
#693 = CARTESIAN_POINT('',(116.,-114.615968,0.));
#694 = VECTOR('',#695,1.);
#695 = DIRECTION('',(0.,1.,0.));
#696 = ORIENTED_EDGE('',*,*,#697,.F.);
#697 = EDGE_CURVE('',#698,#690,#700,.T.);
#698 = VERTEX_POINT('',#699);
#699 = CARTESIAN_POINT('',(117.,-115.615968,0.));
#700 = CIRCLE('',#701,1.00000266715);
#701 = AXIS2_PLACEMENT_3D('',#702,#703,#704);
#702 = CARTESIAN_POINT('',(117.00000266714,-114.6159653328,0.));
#703 = DIRECTION('',(0.,0.,-1.));
#704 = DIRECTION('',(-2.667139162621E-06,-0.999999999996,-0.));
#705 = ORIENTED_EDGE('',*,*,#706,.F.);
#706 = EDGE_CURVE('',#707,#698,#709,.T.);
#707 = VERTEX_POINT('',#708);
#708 = CARTESIAN_POINT('',(133.999998,-115.61597,0.));
#709 = LINE('',#710,#711);
#710 = CARTESIAN_POINT('',(133.999998,-115.61597,0.));
#711 = VECTOR('',#712,1.);
#712 = DIRECTION('',(-1.,1.176470732033E-07,0.));
#713 = ORIENTED_EDGE('',*,*,#714,.F.);
#714 = EDGE_CURVE('',#715,#707,#717,.T.);
#715 = VERTEX_POINT('',#716);
#716 = CARTESIAN_POINT('',(134.999998,-114.61597,0.));
#717 = CIRCLE('',#718,1.00000266715);
#718 = AXIS2_PLACEMENT_3D('',#719,#720,#721);
#719 = CARTESIAN_POINT('',(133.99999533285,-114.6159673328,0.));
#720 = DIRECTION('',(0.,0.,-1.));
#721 = DIRECTION('',(0.999999999996,-2.667139205253E-06,0.));
#722 = ORIENTED_EDGE('',*,*,#723,.F.);
#723 = EDGE_CURVE('',#664,#715,#724,.T.);
#724 = LINE('',#725,#726);
#725 = CARTESIAN_POINT('',(135.,-84.615972,0.));
#726 = VECTOR('',#727,1.);
#727 = DIRECTION('',(-6.666667094279E-08,-1.,0.));
#728 = FACE_BOUND('',#729,.T.);
#729 = EDGE_LOOP('',(#730,#741,#750,#759));
#730 = ORIENTED_EDGE('',*,*,#731,.F.);
#731 = EDGE_CURVE('',#732,#734,#736,.T.);
#732 = VERTEX_POINT('',#733);
#733 = CARTESIAN_POINT('',(108.9,-108.7,0.));
#734 = VERTEX_POINT('',#735);
#735 = CARTESIAN_POINT('',(108.54370812327,-108.6570710684,0.));
#736 = CIRCLE('',#737,1.5);
#737 = AXIS2_PLACEMENT_3D('',#738,#739,#740);
#738 = CARTESIAN_POINT('',(108.9,-107.2,0.));
#739 = DIRECTION('',(-0.,0.,-1.));
#740 = DIRECTION('',(-0.,-1.,0.));
#741 = ORIENTED_EDGE('',*,*,#742,.F.);
#742 = EDGE_CURVE('',#743,#732,#745,.T.);
#743 = VERTEX_POINT('',#744);
#744 = CARTESIAN_POINT('',(107.45629187672,-106.7929289315,0.));
#745 = CIRCLE('',#746,1.5);
#746 = AXIS2_PLACEMENT_3D('',#747,#748,#749);
#747 = CARTESIAN_POINT('',(108.9,-107.2,0.));
#748 = DIRECTION('',(-0.,0.,-1.));
#749 = DIRECTION('',(-0.,-1.,0.));
#750 = ORIENTED_EDGE('',*,*,#751,.F.);
#751 = EDGE_CURVE('',#752,#743,#754,.T.);
#752 = VERTEX_POINT('',#753);
#753 = CARTESIAN_POINT('',(107.1,-109.75,0.));
#754 = CIRCLE('',#755,1.5);
#755 = AXIS2_PLACEMENT_3D('',#756,#757,#758);
#756 = CARTESIAN_POINT('',(107.1,-108.25,0.));
#757 = DIRECTION('',(-0.,0.,-1.));
#758 = DIRECTION('',(-0.,-1.,0.));
#759 = ORIENTED_EDGE('',*,*,#760,.F.);
#760 = EDGE_CURVE('',#734,#752,#761,.T.);
#761 = CIRCLE('',#762,1.5);
#762 = AXIS2_PLACEMENT_3D('',#763,#764,#765);
#763 = CARTESIAN_POINT('',(107.1,-108.25,0.));
#764 = DIRECTION('',(-0.,0.,-1.));
#765 = DIRECTION('',(-0.,-1.,0.));
#766 = FACE_BOUND('',#767,.T.);
#767 = EDGE_LOOP('',(#768));
#768 = ORIENTED_EDGE('',*,*,#769,.F.);
#769 = EDGE_CURVE('',#770,#770,#772,.T.);
#770 = VERTEX_POINT('',#771);
#771 = CARTESIAN_POINT('',(104.5,-105.05,0.));
#772 = CIRCLE('',#773,2.55);
#773 = AXIS2_PLACEMENT_3D('',#774,#775,#776);
#774 = CARTESIAN_POINT('',(104.5,-102.5,0.));
#775 = DIRECTION('',(-0.,0.,-1.));
#776 = DIRECTION('',(-0.,-1.,0.));
#777 = FACE_BOUND('',#778,.T.);
#778 = EDGE_LOOP('',(#779));
#779 = ORIENTED_EDGE('',*,*,#780,.F.);
#780 = EDGE_CURVE('',#781,#781,#783,.T.);
#781 = VERTEX_POINT('',#782);
#782 = CARTESIAN_POINT('',(85.5,-124.04097,0.));
#783 = CIRCLE('',#784,2.55);
#784 = AXIS2_PLACEMENT_3D('',#785,#786,#787);
#785 = CARTESIAN_POINT('',(85.5,-121.49097,0.));
#786 = DIRECTION('',(-0.,0.,-1.));
#787 = DIRECTION('',(-0.,-1.,0.));
#788 = FACE_BOUND('',#789,.T.);
#789 = EDGE_LOOP('',(#790,#801,#810,#819));
#790 = ORIENTED_EDGE('',*,*,#791,.F.);
#791 = EDGE_CURVE('',#792,#794,#796,.T.);
#792 = VERTEX_POINT('',#793);
#793 = CARTESIAN_POINT('',(101.9,-109.75,0.));
#794 = VERTEX_POINT('',#795);
#795 = CARTESIAN_POINT('',(100.45629187672,-108.6570710684,0.));
#796 = CIRCLE('',#797,1.5);
#797 = AXIS2_PLACEMENT_3D('',#798,#799,#800);
#798 = CARTESIAN_POINT('',(101.9,-108.25,0.));
#799 = DIRECTION('',(-0.,0.,-1.));
#800 = DIRECTION('',(-0.,-1.,0.));
#801 = ORIENTED_EDGE('',*,*,#802,.F.);
#802 = EDGE_CURVE('',#803,#792,#805,.T.);
#803 = VERTEX_POINT('',#804);
#804 = CARTESIAN_POINT('',(101.54370812327,-106.7929289315,0.));
#805 = CIRCLE('',#806,1.5);
#806 = AXIS2_PLACEMENT_3D('',#807,#808,#809);
#807 = CARTESIAN_POINT('',(101.9,-108.25,0.));
#808 = DIRECTION('',(-0.,0.,-1.));
#809 = DIRECTION('',(-0.,-1.,0.));
#810 = ORIENTED_EDGE('',*,*,#811,.F.);
#811 = EDGE_CURVE('',#812,#803,#814,.T.);
#812 = VERTEX_POINT('',#813);
#813 = CARTESIAN_POINT('',(100.1,-108.7,0.));
#814 = CIRCLE('',#815,1.5);
#815 = AXIS2_PLACEMENT_3D('',#816,#817,#818);
#816 = CARTESIAN_POINT('',(100.1,-107.2,0.));
#817 = DIRECTION('',(-0.,0.,-1.));
#818 = DIRECTION('',(-0.,-1.,0.));
#819 = ORIENTED_EDGE('',*,*,#820,.F.);
#820 = EDGE_CURVE('',#794,#812,#821,.T.);
#821 = CIRCLE('',#822,1.5);
#822 = AXIS2_PLACEMENT_3D('',#823,#824,#825);
#823 = CARTESIAN_POINT('',(100.1,-107.2,0.));
#824 = DIRECTION('',(-0.,0.,-1.));
#825 = DIRECTION('',(-0.,-1.,0.));
#826 = FACE_BOUND('',#827,.T.);
#827 = EDGE_LOOP('',(#828,#839,#848,#857));
#828 = ORIENTED_EDGE('',*,*,#829,.F.);
#829 = EDGE_CURVE('',#830,#832,#834,.T.);
#830 = VERTEX_POINT('',#831);
#831 = CARTESIAN_POINT('',(88.1,-107.75,0.));
#832 = VERTEX_POINT('',#833);
#833 = CARTESIAN_POINT('',(88.456291876724,-104.7929289315,0.));
#834 = CIRCLE('',#835,1.5);
#835 = AXIS2_PLACEMENT_3D('',#836,#837,#838);
#836 = CARTESIAN_POINT('',(88.1,-106.25,0.));
#837 = DIRECTION('',(-0.,0.,-1.));
#838 = DIRECTION('',(-0.,-1.,0.));
#839 = ORIENTED_EDGE('',*,*,#840,.F.);
#840 = EDGE_CURVE('',#841,#830,#843,.T.);
#841 = VERTEX_POINT('',#842);
#842 = CARTESIAN_POINT('',(89.543708123276,-106.6570710684,0.));
#843 = CIRCLE('',#844,1.5);
#844 = AXIS2_PLACEMENT_3D('',#845,#846,#847);
#845 = CARTESIAN_POINT('',(88.1,-106.25,0.));
#846 = DIRECTION('',(-0.,0.,-1.));
#847 = DIRECTION('',(-0.,-1.,0.));
#848 = ORIENTED_EDGE('',*,*,#849,.F.);
#849 = EDGE_CURVE('',#850,#841,#852,.T.);
#850 = VERTEX_POINT('',#851);
#851 = CARTESIAN_POINT('',(89.9,-106.7,0.));
#852 = CIRCLE('',#853,1.5);
#853 = AXIS2_PLACEMENT_3D('',#854,#855,#856);
#854 = CARTESIAN_POINT('',(89.9,-105.2,0.));
#855 = DIRECTION('',(-0.,0.,-1.));
#856 = DIRECTION('',(-0.,-1.,0.));
#857 = ORIENTED_EDGE('',*,*,#858,.F.);
#858 = EDGE_CURVE('',#832,#850,#859,.T.);
#859 = CIRCLE('',#860,1.5);
#860 = AXIS2_PLACEMENT_3D('',#861,#862,#863);
#861 = CARTESIAN_POINT('',(89.9,-105.2,0.));
#862 = DIRECTION('',(-0.,0.,-1.));
#863 = DIRECTION('',(-0.,-1.,0.));
#864 = FACE_BOUND('',#865,.T.);
#865 = EDGE_LOOP('',(#866,#877,#886,#895));
#866 = ORIENTED_EDGE('',*,*,#867,.F.);
#867 = EDGE_CURVE('',#868,#870,#872,.T.);
#868 = VERTEX_POINT('',#869);
#869 = CARTESIAN_POINT('',(82.9,-107.75,0.));
#870 = VERTEX_POINT('',#871);
#871 = CARTESIAN_POINT('',(81.456291876724,-106.6570710684,0.));
#872 = CIRCLE('',#873,1.5);
#873 = AXIS2_PLACEMENT_3D('',#874,#875,#876);
#874 = CARTESIAN_POINT('',(82.9,-106.25,0.));
#875 = DIRECTION('',(-0.,0.,-1.));
#876 = DIRECTION('',(-0.,-1.,0.));
#877 = ORIENTED_EDGE('',*,*,#878,.F.);
#878 = EDGE_CURVE('',#879,#868,#881,.T.);
#879 = VERTEX_POINT('',#880);
#880 = CARTESIAN_POINT('',(82.543708123276,-104.7929289315,0.));
#881 = CIRCLE('',#882,1.5);
#882 = AXIS2_PLACEMENT_3D('',#883,#884,#885);
#883 = CARTESIAN_POINT('',(82.9,-106.25,0.));
#884 = DIRECTION('',(-0.,0.,-1.));
#885 = DIRECTION('',(-0.,-1.,0.));
#886 = ORIENTED_EDGE('',*,*,#887,.F.);
#887 = EDGE_CURVE('',#888,#879,#890,.T.);
#888 = VERTEX_POINT('',#889);
#889 = CARTESIAN_POINT('',(81.1,-106.7,0.));
#890 = CIRCLE('',#891,1.5);
#891 = AXIS2_PLACEMENT_3D('',#892,#893,#894);
#892 = CARTESIAN_POINT('',(81.1,-105.2,0.));
#893 = DIRECTION('',(-0.,0.,-1.));
#894 = DIRECTION('',(-0.,-1.,0.));
#895 = ORIENTED_EDGE('',*,*,#896,.F.);
#896 = EDGE_CURVE('',#870,#888,#897,.T.);
#897 = CIRCLE('',#898,1.5);
#898 = AXIS2_PLACEMENT_3D('',#899,#900,#901);
#899 = CARTESIAN_POINT('',(81.1,-105.2,0.));
#900 = DIRECTION('',(-0.,0.,-1.));
#901 = DIRECTION('',(-0.,-1.,0.));
#902 = FACE_BOUND('',#903,.T.);
#903 = EDGE_LOOP('',(#904));
#904 = ORIENTED_EDGE('',*,*,#905,.F.);
#905 = EDGE_CURVE('',#906,#906,#908,.T.);
#906 = VERTEX_POINT('',#907);
#907 = CARTESIAN_POINT('',(85.5,-103.05,0.));
#908 = CIRCLE('',#909,2.55);
#909 = AXIS2_PLACEMENT_3D('',#910,#911,#912);
#910 = CARTESIAN_POINT('',(85.5,-100.5,0.));
#911 = DIRECTION('',(-0.,0.,-1.));
#912 = DIRECTION('',(-0.,-1.,0.));
#913 = FACE_BOUND('',#914,.T.);
#914 = EDGE_LOOP('',(#915,#926,#935,#944));
#915 = ORIENTED_EDGE('',*,*,#916,.F.);
#916 = EDGE_CURVE('',#917,#919,#921,.T.);
#917 = VERTEX_POINT('',#918);
#918 = CARTESIAN_POINT('',(70.9,-101.7,0.));
#919 = VERTEX_POINT('',#920);
#920 = CARTESIAN_POINT('',(70.543708123276,-101.6570710684,0.));
#921 = CIRCLE('',#922,1.5);
#922 = AXIS2_PLACEMENT_3D('',#923,#924,#925);
#923 = CARTESIAN_POINT('',(70.9,-100.2,0.));
#924 = DIRECTION('',(-0.,0.,-1.));
#925 = DIRECTION('',(-0.,-1.,0.));
#926 = ORIENTED_EDGE('',*,*,#927,.F.);
#927 = EDGE_CURVE('',#928,#917,#930,.T.);
#928 = VERTEX_POINT('',#929);
#929 = CARTESIAN_POINT('',(69.456291876724,-99.79292893152,0.));
#930 = CIRCLE('',#931,1.5);
#931 = AXIS2_PLACEMENT_3D('',#932,#933,#934);
#932 = CARTESIAN_POINT('',(70.9,-100.2,0.));
#933 = DIRECTION('',(-0.,0.,-1.));
#934 = DIRECTION('',(-0.,-1.,0.));
#935 = ORIENTED_EDGE('',*,*,#936,.F.);
#936 = EDGE_CURVE('',#937,#928,#939,.T.);
#937 = VERTEX_POINT('',#938);
#938 = CARTESIAN_POINT('',(69.1,-102.75,0.));
#939 = CIRCLE('',#940,1.5);
#940 = AXIS2_PLACEMENT_3D('',#941,#942,#943);
#941 = CARTESIAN_POINT('',(69.1,-101.25,0.));
#942 = DIRECTION('',(-0.,0.,-1.));
#943 = DIRECTION('',(-0.,-1.,0.));
#944 = ORIENTED_EDGE('',*,*,#945,.F.);
#945 = EDGE_CURVE('',#919,#937,#946,.T.);
#946 = CIRCLE('',#947,1.5);
#947 = AXIS2_PLACEMENT_3D('',#948,#949,#950);
#948 = CARTESIAN_POINT('',(69.1,-101.25,0.));
#949 = DIRECTION('',(-0.,0.,-1.));
#950 = DIRECTION('',(-0.,-1.,0.));
#951 = FACE_BOUND('',#952,.T.);
#952 = EDGE_LOOP('',(#953));
#953 = ORIENTED_EDGE('',*,*,#954,.F.);
#954 = EDGE_CURVE('',#955,#955,#957,.T.);
#955 = VERTEX_POINT('',#956);
#956 = CARTESIAN_POINT('',(66.5,-114.1,0.));
#957 = CIRCLE('',#958,2.1);
#958 = AXIS2_PLACEMENT_3D('',#959,#960,#961);
#959 = CARTESIAN_POINT('',(66.5,-112.,0.));
#960 = DIRECTION('',(-0.,0.,-1.));
#961 = DIRECTION('',(-0.,-1.,0.));
#962 = FACE_BOUND('',#963,.T.);
#963 = EDGE_LOOP('',(#964,#975,#984,#993));
#964 = ORIENTED_EDGE('',*,*,#965,.F.);
#965 = EDGE_CURVE('',#966,#968,#970,.T.);
#966 = VERTEX_POINT('',#967);
#967 = CARTESIAN_POINT('',(62.1,-101.7,0.));
#968 = VERTEX_POINT('',#969);
#969 = CARTESIAN_POINT('',(63.543708123276,-99.79292893152,0.));
#970 = CIRCLE('',#971,1.5);
#971 = AXIS2_PLACEMENT_3D('',#972,#973,#974);
#972 = CARTESIAN_POINT('',(62.1,-100.2,0.));
#973 = DIRECTION('',(-0.,0.,-1.));
#974 = DIRECTION('',(-0.,-1.,0.));
#975 = ORIENTED_EDGE('',*,*,#976,.F.);
#976 = EDGE_CURVE('',#977,#966,#979,.T.);
#977 = VERTEX_POINT('',#978);
#978 = CARTESIAN_POINT('',(62.456291876724,-101.6570710684,0.));
#979 = CIRCLE('',#980,1.5);
#980 = AXIS2_PLACEMENT_3D('',#981,#982,#983);
#981 = CARTESIAN_POINT('',(62.1,-100.2,0.));
#982 = DIRECTION('',(-0.,0.,-1.));
#983 = DIRECTION('',(-0.,-1.,0.));
#984 = ORIENTED_EDGE('',*,*,#985,.F.);
#985 = EDGE_CURVE('',#986,#977,#988,.T.);
#986 = VERTEX_POINT('',#987);
#987 = CARTESIAN_POINT('',(63.9,-102.75,0.));
#988 = CIRCLE('',#989,1.5);
#989 = AXIS2_PLACEMENT_3D('',#990,#991,#992);
#990 = CARTESIAN_POINT('',(63.9,-101.25,0.));
#991 = DIRECTION('',(-0.,0.,-1.));
#992 = DIRECTION('',(-4.736951571734E-15,-1.,0.));
#993 = ORIENTED_EDGE('',*,*,#994,.F.);
#994 = EDGE_CURVE('',#968,#986,#995,.T.);
#995 = CIRCLE('',#996,1.5);
#996 = AXIS2_PLACEMENT_3D('',#997,#998,#999);
#997 = CARTESIAN_POINT('',(63.9,-101.25,0.));
#998 = DIRECTION('',(-0.,0.,-1.));
#999 = DIRECTION('',(-4.736951571734E-15,-1.,0.));
#1000 = FACE_BOUND('',#1001,.T.);
#1001 = EDGE_LOOP('',(#1002,#1013,#1022,#1031));
#1002 = ORIENTED_EDGE('',*,*,#1003,.F.);
#1003 = EDGE_CURVE('',#1004,#1006,#1008,.T.);
#1004 = VERTEX_POINT('',#1005);
#1005 = CARTESIAN_POINT('',(51.9,-106.7,0.));
#1006 = VERTEX_POINT('',#1007);
#1007 = CARTESIAN_POINT('',(51.543708123276,-106.6570710684,0.));
#1008 = CIRCLE('',#1009,1.5);
#1009 = AXIS2_PLACEMENT_3D('',#1010,#1011,#1012);
#1010 = CARTESIAN_POINT('',(51.9,-105.2,0.));
#1011 = DIRECTION('',(-0.,0.,-1.));
#1012 = DIRECTION('',(-0.,-1.,0.));
#1013 = ORIENTED_EDGE('',*,*,#1014,.F.);
#1014 = EDGE_CURVE('',#1015,#1004,#1017,.T.);
#1015 = VERTEX_POINT('',#1016);
#1016 = CARTESIAN_POINT('',(50.456291876724,-104.7929289315,0.));
#1017 = CIRCLE('',#1018,1.5);
#1018 = AXIS2_PLACEMENT_3D('',#1019,#1020,#1021);
#1019 = CARTESIAN_POINT('',(51.9,-105.2,0.));
#1020 = DIRECTION('',(-0.,0.,-1.));
#1021 = DIRECTION('',(-0.,-1.,0.));
#1022 = ORIENTED_EDGE('',*,*,#1023,.F.);
#1023 = EDGE_CURVE('',#1024,#1015,#1026,.T.);
#1024 = VERTEX_POINT('',#1025);
#1025 = CARTESIAN_POINT('',(50.1,-107.75,0.));
#1026 = CIRCLE('',#1027,1.5);
#1027 = AXIS2_PLACEMENT_3D('',#1028,#1029,#1030);
#1028 = CARTESIAN_POINT('',(50.1,-106.25,0.));
#1029 = DIRECTION('',(-0.,0.,-1.));
#1030 = DIRECTION('',(-0.,-1.,0.));
#1031 = ORIENTED_EDGE('',*,*,#1032,.F.);
#1032 = EDGE_CURVE('',#1006,#1024,#1033,.T.);
#1033 = CIRCLE('',#1034,1.5);
#1034 = AXIS2_PLACEMENT_3D('',#1035,#1036,#1037);
#1035 = CARTESIAN_POINT('',(50.1,-106.25,0.));
#1036 = DIRECTION('',(-0.,0.,-1.));
#1037 = DIRECTION('',(-0.,-1.,0.));
#1038 = FACE_BOUND('',#1039,.T.);
#1039 = EDGE_LOOP('',(#1040,#1051,#1060,#1069));
#1040 = ORIENTED_EDGE('',*,*,#1041,.F.);
#1041 = EDGE_CURVE('',#1042,#1044,#1046,.T.);
#1042 = VERTEX_POINT('',#1043);
#1043 = CARTESIAN_POINT('',(44.9,-107.75,0.));
#1044 = VERTEX_POINT('',#1045);
#1045 = CARTESIAN_POINT('',(43.456291876724,-106.6570710684,0.));
#1046 = CIRCLE('',#1047,1.5);
#1047 = AXIS2_PLACEMENT_3D('',#1048,#1049,#1050);
#1048 = CARTESIAN_POINT('',(44.9,-106.25,0.));
#1049 = DIRECTION('',(-0.,0.,-1.));
#1050 = DIRECTION('',(-0.,-1.,0.));
#1051 = ORIENTED_EDGE('',*,*,#1052,.F.);
#1052 = EDGE_CURVE('',#1053,#1042,#1055,.T.);
#1053 = VERTEX_POINT('',#1054);
#1054 = CARTESIAN_POINT('',(44.543708123276,-104.7929289315,0.));
#1055 = CIRCLE('',#1056,1.5);
#1056 = AXIS2_PLACEMENT_3D('',#1057,#1058,#1059);
#1057 = CARTESIAN_POINT('',(44.9,-106.25,0.));
#1058 = DIRECTION('',(-0.,0.,-1.));
#1059 = DIRECTION('',(-0.,-1.,0.));
#1060 = ORIENTED_EDGE('',*,*,#1061,.F.);
#1061 = EDGE_CURVE('',#1062,#1053,#1064,.T.);
#1062 = VERTEX_POINT('',#1063);
#1063 = CARTESIAN_POINT('',(43.1,-106.7,0.));
#1064 = CIRCLE('',#1065,1.5);
#1065 = AXIS2_PLACEMENT_3D('',#1066,#1067,#1068);
#1066 = CARTESIAN_POINT('',(43.1,-105.2,0.));
#1067 = DIRECTION('',(-0.,0.,-1.));
#1068 = DIRECTION('',(-0.,-1.,0.));
#1069 = ORIENTED_EDGE('',*,*,#1070,.F.);
#1070 = EDGE_CURVE('',#1044,#1062,#1071,.T.);
#1071 = CIRCLE('',#1072,1.5);
#1072 = AXIS2_PLACEMENT_3D('',#1073,#1074,#1075);
#1073 = CARTESIAN_POINT('',(43.1,-105.2,0.));
#1074 = DIRECTION('',(-0.,0.,-1.));
#1075 = DIRECTION('',(-0.,-1.,0.));
#1076 = FACE_BOUND('',#1077,.T.);
#1077 = EDGE_LOOP('',(#1078));
#1078 = ORIENTED_EDGE('',*,*,#1079,.F.);
#1079 = EDGE_CURVE('',#1080,#1080,#1082,.T.);
#1080 = VERTEX_POINT('',#1081);
#1081 = CARTESIAN_POINT('',(47.5,-103.05,0.));
#1082 = CIRCLE('',#1083,2.55);
#1083 = AXIS2_PLACEMENT_3D('',#1084,#1085,#1086);
#1084 = CARTESIAN_POINT('',(47.5,-100.5,0.));
#1085 = DIRECTION('',(-0.,0.,-1.));
#1086 = DIRECTION('',(-0.,-1.,0.));
#1087 = FACE_BOUND('',#1088,.T.);
#1088 = EDGE_LOOP('',(#1089,#1100,#1109,#1118));
#1089 = ORIENTED_EDGE('',*,*,#1090,.F.);
#1090 = EDGE_CURVE('',#1091,#1093,#1095,.T.);
#1091 = VERTEX_POINT('',#1092);
#1092 = CARTESIAN_POINT('',(32.9,-119.7,0.));
#1093 = VERTEX_POINT('',#1094);
#1094 = CARTESIAN_POINT('',(32.543708123276,-119.6570710684,0.));
#1095 = CIRCLE('',#1096,1.5);
#1096 = AXIS2_PLACEMENT_3D('',#1097,#1098,#1099);
#1097 = CARTESIAN_POINT('',(32.9,-118.2,0.));
#1098 = DIRECTION('',(-0.,0.,-1.));
#1099 = DIRECTION('',(-0.,-1.,0.));
#1100 = ORIENTED_EDGE('',*,*,#1101,.F.);
#1101 = EDGE_CURVE('',#1102,#1091,#1104,.T.);
#1102 = VERTEX_POINT('',#1103);
#1103 = CARTESIAN_POINT('',(31.456291876724,-117.7929289315,0.));
#1104 = CIRCLE('',#1105,1.5);
#1105 = AXIS2_PLACEMENT_3D('',#1106,#1107,#1108);
#1106 = CARTESIAN_POINT('',(32.9,-118.2,0.));
#1107 = DIRECTION('',(-0.,0.,-1.));
#1108 = DIRECTION('',(-0.,-1.,0.));
#1109 = ORIENTED_EDGE('',*,*,#1110,.F.);
#1110 = EDGE_CURVE('',#1111,#1102,#1113,.T.);
#1111 = VERTEX_POINT('',#1112);
#1112 = CARTESIAN_POINT('',(31.1,-120.75,0.));
#1113 = CIRCLE('',#1114,1.5);
#1114 = AXIS2_PLACEMENT_3D('',#1115,#1116,#1117);
#1115 = CARTESIAN_POINT('',(31.1,-119.25,0.));
#1116 = DIRECTION('',(-0.,0.,-1.));
#1117 = DIRECTION('',(-0.,-1.,0.));
#1118 = ORIENTED_EDGE('',*,*,#1119,.F.);
#1119 = EDGE_CURVE('',#1093,#1111,#1120,.T.);
#1120 = CIRCLE('',#1121,1.5);
#1121 = AXIS2_PLACEMENT_3D('',#1122,#1123,#1124);
#1122 = CARTESIAN_POINT('',(31.1,-119.25,0.));
#1123 = DIRECTION('',(-0.,0.,-1.));
#1124 = DIRECTION('',(-0.,-1.,0.));
#1125 = FACE_BOUND('',#1126,.T.);
#1126 = EDGE_LOOP('',(#1127,#1138,#1147,#1156));
#1127 = ORIENTED_EDGE('',*,*,#1128,.F.);
#1128 = EDGE_CURVE('',#1129,#1131,#1133,.T.);
#1129 = VERTEX_POINT('',#1130);
#1130 = CARTESIAN_POINT('',(25.9,-120.75,0.));
#1131 = VERTEX_POINT('',#1132);
#1132 = CARTESIAN_POINT('',(24.456291876724,-119.6570710684,0.));
#1133 = CIRCLE('',#1134,1.5);
#1134 = AXIS2_PLACEMENT_3D('',#1135,#1136,#1137);
#1135 = CARTESIAN_POINT('',(25.9,-119.25,0.));
#1136 = DIRECTION('',(-0.,0.,-1.));
#1137 = DIRECTION('',(-0.,-1.,0.));
#1138 = ORIENTED_EDGE('',*,*,#1139,.F.);
#1139 = EDGE_CURVE('',#1140,#1129,#1142,.T.);
#1140 = VERTEX_POINT('',#1141);
#1141 = CARTESIAN_POINT('',(25.543708123276,-117.7929289315,0.));
#1142 = CIRCLE('',#1143,1.5);
#1143 = AXIS2_PLACEMENT_3D('',#1144,#1145,#1146);
#1144 = CARTESIAN_POINT('',(25.9,-119.25,0.));
#1145 = DIRECTION('',(-0.,0.,-1.));
#1146 = DIRECTION('',(-0.,-1.,0.));
#1147 = ORIENTED_EDGE('',*,*,#1148,.F.);
#1148 = EDGE_CURVE('',#1149,#1140,#1151,.T.);
#1149 = VERTEX_POINT('',#1150);
#1150 = CARTESIAN_POINT('',(24.1,-119.7,0.));
#1151 = CIRCLE('',#1152,1.5);
#1152 = AXIS2_PLACEMENT_3D('',#1153,#1154,#1155);
#1153 = CARTESIAN_POINT('',(24.1,-118.2,0.));
#1154 = DIRECTION('',(-0.,0.,-1.));
#1155 = DIRECTION('',(-0.,-1.,0.));
#1156 = ORIENTED_EDGE('',*,*,#1157,.F.);
#1157 = EDGE_CURVE('',#1131,#1149,#1158,.T.);
#1158 = CIRCLE('',#1159,1.5);
#1159 = AXIS2_PLACEMENT_3D('',#1160,#1161,#1162);
#1160 = CARTESIAN_POINT('',(24.1,-118.2,0.));
#1161 = DIRECTION('',(-0.,0.,-1.));
#1162 = DIRECTION('',(-0.,-1.,0.));
#1163 = FACE_BOUND('',#1164,.T.);
#1164 = EDGE_LOOP('',(#1165));
#1165 = ORIENTED_EDGE('',*,*,#1166,.F.);
#1166 = EDGE_CURVE('',#1167,#1167,#1169,.T.);
#1167 = VERTEX_POINT('',#1168);
#1168 = CARTESIAN_POINT('',(28.5,-116.05,0.));
#1169 = CIRCLE('',#1170,2.55);
#1170 = AXIS2_PLACEMENT_3D('',#1171,#1172,#1173);
#1171 = CARTESIAN_POINT('',(28.5,-113.5,0.));
#1172 = DIRECTION('',(-0.,0.,-1.));
#1173 = DIRECTION('',(-0.,-1.,0.));
#1174 = FACE_BOUND('',#1175,.T.);
#1175 = EDGE_LOOP('',(#1176,#1187,#1196,#1205));
#1176 = ORIENTED_EDGE('',*,*,#1177,.F.);
#1177 = EDGE_CURVE('',#1178,#1180,#1182,.T.);
#1178 = VERTEX_POINT('',#1179);
#1179 = CARTESIAN_POINT('',(13.9,-119.69097,0.));
#1180 = VERTEX_POINT('',#1181);
#1181 = CARTESIAN_POINT('',(13.543708123276,-119.6480410684,0.));
#1182 = CIRCLE('',#1183,1.5);
#1183 = AXIS2_PLACEMENT_3D('',#1184,#1185,#1186);
#1184 = CARTESIAN_POINT('',(13.9,-118.19097,0.));
#1185 = DIRECTION('',(-0.,0.,-1.));
#1186 = DIRECTION('',(-0.,-1.,0.));
#1187 = ORIENTED_EDGE('',*,*,#1188,.F.);
#1188 = EDGE_CURVE('',#1189,#1178,#1191,.T.);
#1189 = VERTEX_POINT('',#1190);
#1190 = CARTESIAN_POINT('',(12.456291876724,-117.7838989315,0.));
#1191 = CIRCLE('',#1192,1.5);
#1192 = AXIS2_PLACEMENT_3D('',#1193,#1194,#1195);
#1193 = CARTESIAN_POINT('',(13.9,-118.19097,0.));
#1194 = DIRECTION('',(-0.,0.,-1.));
#1195 = DIRECTION('',(-0.,-1.,0.));
#1196 = ORIENTED_EDGE('',*,*,#1197,.F.);
#1197 = EDGE_CURVE('',#1198,#1189,#1200,.T.);
#1198 = VERTEX_POINT('',#1199);
#1199 = CARTESIAN_POINT('',(12.1,-120.74097,0.));
#1200 = CIRCLE('',#1201,1.5);
#1201 = AXIS2_PLACEMENT_3D('',#1202,#1203,#1204);
#1202 = CARTESIAN_POINT('',(12.1,-119.24097,0.));
#1203 = DIRECTION('',(-0.,0.,-1.));
#1204 = DIRECTION('',(-0.,-1.,0.));
#1205 = ORIENTED_EDGE('',*,*,#1206,.F.);
#1206 = EDGE_CURVE('',#1180,#1198,#1207,.T.);
#1207 = CIRCLE('',#1208,1.5);
#1208 = AXIS2_PLACEMENT_3D('',#1209,#1210,#1211);
#1209 = CARTESIAN_POINT('',(12.1,-119.24097,0.));
#1210 = DIRECTION('',(-0.,0.,-1.));
#1211 = DIRECTION('',(-0.,-1.,0.));
#1212 = FACE_BOUND('',#1213,.T.);
#1213 = EDGE_LOOP('',(#1214,#1225,#1234,#1243));
#1214 = ORIENTED_EDGE('',*,*,#1215,.F.);
#1215 = EDGE_CURVE('',#1216,#1218,#1220,.T.);
#1216 = VERTEX_POINT('',#1217);
#1217 = CARTESIAN_POINT('',(6.9,-120.74097,0.));
#1218 = VERTEX_POINT('',#1219);
#1219 = CARTESIAN_POINT('',(5.456291876724,-119.6480410684,0.));
#1220 = CIRCLE('',#1221,1.5);
#1221 = AXIS2_PLACEMENT_3D('',#1222,#1223,#1224);
#1222 = CARTESIAN_POINT('',(6.9,-119.24097,0.));
#1223 = DIRECTION('',(-0.,0.,-1.));
#1224 = DIRECTION('',(-0.,-1.,0.));
#1225 = ORIENTED_EDGE('',*,*,#1226,.F.);
#1226 = EDGE_CURVE('',#1227,#1216,#1229,.T.);
#1227 = VERTEX_POINT('',#1228);
#1228 = CARTESIAN_POINT('',(6.543708123276,-117.7838989315,0.));
#1229 = CIRCLE('',#1230,1.5);
#1230 = AXIS2_PLACEMENT_3D('',#1231,#1232,#1233);
#1231 = CARTESIAN_POINT('',(6.9,-119.24097,0.));
#1232 = DIRECTION('',(-0.,0.,-1.));
#1233 = DIRECTION('',(-0.,-1.,0.));
#1234 = ORIENTED_EDGE('',*,*,#1235,.F.);
#1235 = EDGE_CURVE('',#1236,#1227,#1238,.T.);
#1236 = VERTEX_POINT('',#1237);
#1237 = CARTESIAN_POINT('',(5.1,-119.69097,0.));
#1238 = CIRCLE('',#1239,1.5);
#1239 = AXIS2_PLACEMENT_3D('',#1240,#1241,#1242);
#1240 = CARTESIAN_POINT('',(5.1,-118.19097,0.));
#1241 = DIRECTION('',(-0.,0.,-1.));
#1242 = DIRECTION('',(-0.,-1.,0.));
#1243 = ORIENTED_EDGE('',*,*,#1244,.F.);
#1244 = EDGE_CURVE('',#1218,#1236,#1245,.T.);
#1245 = CIRCLE('',#1246,1.5);
#1246 = AXIS2_PLACEMENT_3D('',#1247,#1248,#1249);
#1247 = CARTESIAN_POINT('',(5.1,-118.19097,0.));
#1248 = DIRECTION('',(-0.,0.,-1.));
#1249 = DIRECTION('',(-0.,-1.,0.));
#1250 = FACE_BOUND('',#1251,.T.);
#1251 = EDGE_LOOP('',(#1252));
#1252 = ORIENTED_EDGE('',*,*,#1253,.F.);
#1253 = EDGE_CURVE('',#1254,#1254,#1256,.T.);
#1254 = VERTEX_POINT('',#1255);
#1255 = CARTESIAN_POINT('',(19.,-114.1,0.));
#1256 = CIRCLE('',#1257,2.1);
#1257 = AXIS2_PLACEMENT_3D('',#1258,#1259,#1260);
#1258 = CARTESIAN_POINT('',(19.,-112.,0.));
#1259 = DIRECTION('',(-0.,0.,-1.));
#1260 = DIRECTION('',(-0.,-1.,0.));
#1261 = FACE_BOUND('',#1262,.T.);
#1262 = EDGE_LOOP('',(#1263));
#1263 = ORIENTED_EDGE('',*,*,#1264,.F.);
#1264 = EDGE_CURVE('',#1265,#1265,#1267,.T.);
#1265 = VERTEX_POINT('',#1266);
#1266 = CARTESIAN_POINT('',(9.5,-116.04097,0.));
#1267 = CIRCLE('',#1268,2.55);
#1268 = AXIS2_PLACEMENT_3D('',#1269,#1270,#1271);
#1269 = CARTESIAN_POINT('',(9.5,-113.49097,0.));
#1270 = DIRECTION('',(-0.,0.,-1.));
#1271 = DIRECTION('',(-0.,-1.,0.));
#1272 = FACE_BOUND('',#1273,.T.);
#1273 = EDGE_LOOP('',(#1274,#1285,#1294,#1303));
#1274 = ORIENTED_EDGE('',*,*,#1275,.F.);
#1275 = EDGE_CURVE('',#1276,#1278,#1280,.T.);
#1276 = VERTEX_POINT('',#1277);
#1277 = CARTESIAN_POINT('',(32.9,-100.69097,0.));
#1278 = VERTEX_POINT('',#1279);
#1279 = CARTESIAN_POINT('',(32.543708123276,-100.6480410684,0.));
#1280 = CIRCLE('',#1281,1.5);
#1281 = AXIS2_PLACEMENT_3D('',#1282,#1283,#1284);
#1282 = CARTESIAN_POINT('',(32.9,-99.19097,0.));
#1283 = DIRECTION('',(-0.,0.,-1.));
#1284 = DIRECTION('',(-0.,-1.,0.));
#1285 = ORIENTED_EDGE('',*,*,#1286,.F.);
#1286 = EDGE_CURVE('',#1287,#1276,#1289,.T.);
#1287 = VERTEX_POINT('',#1288);
#1288 = CARTESIAN_POINT('',(31.456291876724,-98.78389893152,0.));
#1289 = CIRCLE('',#1290,1.5);
#1290 = AXIS2_PLACEMENT_3D('',#1291,#1292,#1293);
#1291 = CARTESIAN_POINT('',(32.9,-99.19097,0.));
#1292 = DIRECTION('',(-0.,0.,-1.));
#1293 = DIRECTION('',(-0.,-1.,0.));
#1294 = ORIENTED_EDGE('',*,*,#1295,.F.);
#1295 = EDGE_CURVE('',#1296,#1287,#1298,.T.);
#1296 = VERTEX_POINT('',#1297);
#1297 = CARTESIAN_POINT('',(31.1,-101.74097,0.));
#1298 = CIRCLE('',#1299,1.5);
#1299 = AXIS2_PLACEMENT_3D('',#1300,#1301,#1302);
#1300 = CARTESIAN_POINT('',(31.1,-100.24097,0.));
#1301 = DIRECTION('',(-0.,0.,-1.));
#1302 = DIRECTION('',(-0.,-1.,0.));
#1303 = ORIENTED_EDGE('',*,*,#1304,.F.);
#1304 = EDGE_CURVE('',#1278,#1296,#1305,.T.);
#1305 = CIRCLE('',#1306,1.5);
#1306 = AXIS2_PLACEMENT_3D('',#1307,#1308,#1309);
#1307 = CARTESIAN_POINT('',(31.1,-100.24097,0.));
#1308 = DIRECTION('',(-0.,0.,-1.));
#1309 = DIRECTION('',(-0.,-1.,0.));
#1310 = FACE_BOUND('',#1311,.T.);
#1311 = EDGE_LOOP('',(#1312,#1323,#1332,#1341));
#1312 = ORIENTED_EDGE('',*,*,#1313,.F.);
#1313 = EDGE_CURVE('',#1314,#1316,#1318,.T.);
#1314 = VERTEX_POINT('',#1315);
#1315 = CARTESIAN_POINT('',(25.9,-101.74097,0.));
#1316 = VERTEX_POINT('',#1317);
#1317 = CARTESIAN_POINT('',(24.456291876724,-100.6480410684,0.));
#1318 = CIRCLE('',#1319,1.5);
#1319 = AXIS2_PLACEMENT_3D('',#1320,#1321,#1322);
#1320 = CARTESIAN_POINT('',(25.9,-100.24097,0.));
#1321 = DIRECTION('',(-0.,0.,-1.));
#1322 = DIRECTION('',(-0.,-1.,0.));
#1323 = ORIENTED_EDGE('',*,*,#1324,.F.);
#1324 = EDGE_CURVE('',#1325,#1314,#1327,.T.);
#1325 = VERTEX_POINT('',#1326);
#1326 = CARTESIAN_POINT('',(25.543708123276,-98.78389893152,0.));
#1327 = CIRCLE('',#1328,1.5);
#1328 = AXIS2_PLACEMENT_3D('',#1329,#1330,#1331);
#1329 = CARTESIAN_POINT('',(25.9,-100.24097,0.));
#1330 = DIRECTION('',(-0.,0.,-1.));
#1331 = DIRECTION('',(-0.,-1.,0.));
#1332 = ORIENTED_EDGE('',*,*,#1333,.F.);
#1333 = EDGE_CURVE('',#1334,#1325,#1336,.T.);
#1334 = VERTEX_POINT('',#1335);
#1335 = CARTESIAN_POINT('',(24.1,-100.69097,0.));
#1336 = CIRCLE('',#1337,1.5);
#1337 = AXIS2_PLACEMENT_3D('',#1338,#1339,#1340);
#1338 = CARTESIAN_POINT('',(24.1,-99.19097,0.));
#1339 = DIRECTION('',(-0.,0.,-1.));
#1340 = DIRECTION('',(-0.,-1.,0.));
#1341 = ORIENTED_EDGE('',*,*,#1342,.F.);
#1342 = EDGE_CURVE('',#1316,#1334,#1343,.T.);
#1343 = CIRCLE('',#1344,1.5);
#1344 = AXIS2_PLACEMENT_3D('',#1345,#1346,#1347);
#1345 = CARTESIAN_POINT('',(24.1,-99.19097,0.));
#1346 = DIRECTION('',(-0.,0.,-1.));
#1347 = DIRECTION('',(-0.,-1.,0.));
#1348 = FACE_BOUND('',#1349,.T.);
#1349 = EDGE_LOOP('',(#1350,#1361,#1370,#1379));
#1350 = ORIENTED_EDGE('',*,*,#1351,.F.);
#1351 = EDGE_CURVE('',#1352,#1354,#1356,.T.);
#1352 = VERTEX_POINT('',#1353);
#1353 = CARTESIAN_POINT('',(13.9,-100.69097,0.));
#1354 = VERTEX_POINT('',#1355);
#1355 = CARTESIAN_POINT('',(13.543708123276,-100.6480410684,0.));
#1356 = CIRCLE('',#1357,1.5);
#1357 = AXIS2_PLACEMENT_3D('',#1358,#1359,#1360);
#1358 = CARTESIAN_POINT('',(13.9,-99.19097,0.));
#1359 = DIRECTION('',(-0.,0.,-1.));
#1360 = DIRECTION('',(-0.,-1.,0.));
#1361 = ORIENTED_EDGE('',*,*,#1362,.F.);
#1362 = EDGE_CURVE('',#1363,#1352,#1365,.T.);
#1363 = VERTEX_POINT('',#1364);
#1364 = CARTESIAN_POINT('',(12.456291876724,-98.78389893152,0.));
#1365 = CIRCLE('',#1366,1.5);
#1366 = AXIS2_PLACEMENT_3D('',#1367,#1368,#1369);
#1367 = CARTESIAN_POINT('',(13.9,-99.19097,0.));
#1368 = DIRECTION('',(-0.,0.,-1.));
#1369 = DIRECTION('',(-0.,-1.,0.));
#1370 = ORIENTED_EDGE('',*,*,#1371,.F.);
#1371 = EDGE_CURVE('',#1372,#1363,#1374,.T.);
#1372 = VERTEX_POINT('',#1373);
#1373 = CARTESIAN_POINT('',(12.1,-101.74097,0.));
#1374 = CIRCLE('',#1375,1.5);
#1375 = AXIS2_PLACEMENT_3D('',#1376,#1377,#1378);
#1376 = CARTESIAN_POINT('',(12.1,-100.24097,0.));
#1377 = DIRECTION('',(-0.,0.,-1.));
#1378 = DIRECTION('',(-0.,-1.,0.));
#1379 = ORIENTED_EDGE('',*,*,#1380,.F.);
#1380 = EDGE_CURVE('',#1354,#1372,#1381,.T.);
#1381 = CIRCLE('',#1382,1.5);
#1382 = AXIS2_PLACEMENT_3D('',#1383,#1384,#1385);
#1383 = CARTESIAN_POINT('',(12.1,-100.24097,0.));
#1384 = DIRECTION('',(-0.,0.,-1.));
#1385 = DIRECTION('',(-0.,-1.,0.));
#1386 = FACE_BOUND('',#1387,.T.);
#1387 = EDGE_LOOP('',(#1388,#1399,#1408,#1417));
#1388 = ORIENTED_EDGE('',*,*,#1389,.F.);
#1389 = EDGE_CURVE('',#1390,#1392,#1394,.T.);
#1390 = VERTEX_POINT('',#1391);
#1391 = CARTESIAN_POINT('',(6.9,-101.74097,0.));
#1392 = VERTEX_POINT('',#1393);
#1393 = CARTESIAN_POINT('',(5.456291876724,-100.6480410684,0.));
#1394 = CIRCLE('',#1395,1.5);
#1395 = AXIS2_PLACEMENT_3D('',#1396,#1397,#1398);
#1396 = CARTESIAN_POINT('',(6.9,-100.24097,0.));
#1397 = DIRECTION('',(-0.,0.,-1.));
#1398 = DIRECTION('',(-0.,-1.,0.));
#1399 = ORIENTED_EDGE('',*,*,#1400,.F.);
#1400 = EDGE_CURVE('',#1401,#1390,#1403,.T.);
#1401 = VERTEX_POINT('',#1402);
#1402 = CARTESIAN_POINT('',(6.543708123276,-98.78389893152,0.));
#1403 = CIRCLE('',#1404,1.5);
#1404 = AXIS2_PLACEMENT_3D('',#1405,#1406,#1407);
#1405 = CARTESIAN_POINT('',(6.9,-100.24097,0.));
#1406 = DIRECTION('',(-0.,0.,-1.));
#1407 = DIRECTION('',(-0.,-1.,0.));
#1408 = ORIENTED_EDGE('',*,*,#1409,.F.);
#1409 = EDGE_CURVE('',#1410,#1401,#1412,.T.);
#1410 = VERTEX_POINT('',#1411);
#1411 = CARTESIAN_POINT('',(5.1,-100.69097,0.));
#1412 = CIRCLE('',#1413,1.5);
#1413 = AXIS2_PLACEMENT_3D('',#1414,#1415,#1416);
#1414 = CARTESIAN_POINT('',(5.1,-99.19097,0.));
#1415 = DIRECTION('',(-0.,0.,-1.));
#1416 = DIRECTION('',(-0.,-1.,0.));
#1417 = ORIENTED_EDGE('',*,*,#1418,.F.);
#1418 = EDGE_CURVE('',#1392,#1410,#1419,.T.);
#1419 = CIRCLE('',#1420,1.5);
#1420 = AXIS2_PLACEMENT_3D('',#1421,#1422,#1423);
#1421 = CARTESIAN_POINT('',(5.1,-99.19097,0.));
#1422 = DIRECTION('',(-0.,0.,-1.));
#1423 = DIRECTION('',(-0.,-1.,0.));
#1424 = FACE_BOUND('',#1425,.T.);
#1425 = EDGE_LOOP('',(#1426,#1437,#1446,#1455));
#1426 = ORIENTED_EDGE('',*,*,#1427,.F.);
#1427 = EDGE_CURVE('',#1428,#1430,#1432,.T.);
#1428 = VERTEX_POINT('',#1429);
#1429 = CARTESIAN_POINT('',(108.9,-89.7,0.));
#1430 = VERTEX_POINT('',#1431);
#1431 = CARTESIAN_POINT('',(108.54370812327,-89.65707106847,0.));
#1432 = CIRCLE('',#1433,1.5);
#1433 = AXIS2_PLACEMENT_3D('',#1434,#1435,#1436);
#1434 = CARTESIAN_POINT('',(108.9,-88.2,0.));
#1435 = DIRECTION('',(-0.,0.,-1.));
#1436 = DIRECTION('',(-0.,-1.,0.));
#1437 = ORIENTED_EDGE('',*,*,#1438,.F.);
#1438 = EDGE_CURVE('',#1439,#1428,#1441,.T.);
#1439 = VERTEX_POINT('',#1440);
#1440 = CARTESIAN_POINT('',(107.45629187672,-87.79292893152,0.));
#1441 = CIRCLE('',#1442,1.5);
#1442 = AXIS2_PLACEMENT_3D('',#1443,#1444,#1445);
#1443 = CARTESIAN_POINT('',(108.9,-88.2,0.));
#1444 = DIRECTION('',(-0.,0.,-1.));
#1445 = DIRECTION('',(-0.,-1.,0.));
#1446 = ORIENTED_EDGE('',*,*,#1447,.F.);
#1447 = EDGE_CURVE('',#1448,#1439,#1450,.T.);
#1448 = VERTEX_POINT('',#1449);
#1449 = CARTESIAN_POINT('',(107.1,-90.75,0.));
#1450 = CIRCLE('',#1451,1.5);
#1451 = AXIS2_PLACEMENT_3D('',#1452,#1453,#1454);
#1452 = CARTESIAN_POINT('',(107.1,-89.25,0.));
#1453 = DIRECTION('',(-0.,0.,-1.));
#1454 = DIRECTION('',(-0.,-1.,0.));
#1455 = ORIENTED_EDGE('',*,*,#1456,.F.);
#1456 = EDGE_CURVE('',#1430,#1448,#1457,.T.);
#1457 = CIRCLE('',#1458,1.5);
#1458 = AXIS2_PLACEMENT_3D('',#1459,#1460,#1461);
#1459 = CARTESIAN_POINT('',(107.1,-89.25,0.));
#1460 = DIRECTION('',(-0.,0.,-1.));
#1461 = DIRECTION('',(-0.,-1.,0.));
#1462 = FACE_BOUND('',#1463,.T.);
#1463 = EDGE_LOOP('',(#1464));
#1464 = ORIENTED_EDGE('',*,*,#1465,.F.);
#1465 = EDGE_CURVE('',#1466,#1466,#1468,.T.);
#1466 = VERTEX_POINT('',#1467);
#1467 = CARTESIAN_POINT('',(123.,-78.61597,0.));
#1468 = CIRCLE('',#1469,0.5);
#1469 = AXIS2_PLACEMENT_3D('',#1470,#1471,#1472);
#1470 = CARTESIAN_POINT('',(123.,-78.11597,0.));
#1471 = DIRECTION('',(-0.,0.,-1.));
#1472 = DIRECTION('',(-0.,-1.,0.));
#1473 = FACE_BOUND('',#1474,.T.);
#1474 = EDGE_LOOP('',(#1475));
#1475 = ORIENTED_EDGE('',*,*,#1476,.F.);
#1476 = EDGE_CURVE('',#1477,#1477,#1479,.T.);
#1477 = VERTEX_POINT('',#1478);
#1478 = CARTESIAN_POINT('',(119.,-78.61597,0.));
#1479 = CIRCLE('',#1480,0.5);
#1480 = AXIS2_PLACEMENT_3D('',#1481,#1482,#1483);
#1481 = CARTESIAN_POINT('',(119.,-78.11597,0.));
#1482 = DIRECTION('',(-0.,0.,-1.));
#1483 = DIRECTION('',(-0.,-1.,0.));
#1484 = FACE_BOUND('',#1485,.T.);
#1485 = EDGE_LOOP('',(#1486));
#1486 = ORIENTED_EDGE('',*,*,#1487,.F.);
#1487 = EDGE_CURVE('',#1488,#1488,#1490,.T.);
#1488 = VERTEX_POINT('',#1489);
#1489 = CARTESIAN_POINT('',(104.5,-86.05,0.));
#1490 = CIRCLE('',#1491,2.55);
#1491 = AXIS2_PLACEMENT_3D('',#1492,#1493,#1494);
#1492 = CARTESIAN_POINT('',(104.5,-83.5,0.));
#1493 = DIRECTION('',(-0.,0.,-1.));
#1494 = DIRECTION('',(-0.,-1.,0.));
#1495 = FACE_BOUND('',#1496,.T.);
#1496 = EDGE_LOOP('',(#1497,#1508,#1517,#1526));
#1497 = ORIENTED_EDGE('',*,*,#1498,.F.);
#1498 = EDGE_CURVE('',#1499,#1501,#1503,.T.);
#1499 = VERTEX_POINT('',#1500);
#1500 = CARTESIAN_POINT('',(101.9,-90.75,0.));
#1501 = VERTEX_POINT('',#1502);
#1502 = CARTESIAN_POINT('',(100.45629187672,-89.65707106847,0.));
#1503 = CIRCLE('',#1504,1.5);
#1504 = AXIS2_PLACEMENT_3D('',#1505,#1506,#1507);
#1505 = CARTESIAN_POINT('',(101.9,-89.25,0.));
#1506 = DIRECTION('',(-0.,0.,-1.));
#1507 = DIRECTION('',(-0.,-1.,0.));
#1508 = ORIENTED_EDGE('',*,*,#1509,.F.);
#1509 = EDGE_CURVE('',#1510,#1499,#1512,.T.);
#1510 = VERTEX_POINT('',#1511);
#1511 = CARTESIAN_POINT('',(101.54370812327,-87.79292893152,0.));
#1512 = CIRCLE('',#1513,1.5);
#1513 = AXIS2_PLACEMENT_3D('',#1514,#1515,#1516);
#1514 = CARTESIAN_POINT('',(101.9,-89.25,0.));
#1515 = DIRECTION('',(-0.,0.,-1.));
#1516 = DIRECTION('',(-0.,-1.,0.));
#1517 = ORIENTED_EDGE('',*,*,#1518,.F.);
#1518 = EDGE_CURVE('',#1519,#1510,#1521,.T.);
#1519 = VERTEX_POINT('',#1520);
#1520 = CARTESIAN_POINT('',(100.1,-89.7,0.));
#1521 = CIRCLE('',#1522,1.5);
#1522 = AXIS2_PLACEMENT_3D('',#1523,#1524,#1525);
#1523 = CARTESIAN_POINT('',(100.1,-88.2,0.));
#1524 = DIRECTION('',(-0.,0.,-1.));
#1525 = DIRECTION('',(-0.,-1.,0.));
#1526 = ORIENTED_EDGE('',*,*,#1527,.F.);
#1527 = EDGE_CURVE('',#1501,#1519,#1528,.T.);
#1528 = CIRCLE('',#1529,1.5);
#1529 = AXIS2_PLACEMENT_3D('',#1530,#1531,#1532);
#1530 = CARTESIAN_POINT('',(100.1,-88.2,0.));
#1531 = DIRECTION('',(-0.,0.,-1.));
#1532 = DIRECTION('',(-0.,-1.,0.));
#1533 = FACE_BOUND('',#1534,.T.);
#1534 = EDGE_LOOP('',(#1535,#1546,#1555,#1564));
#1535 = ORIENTED_EDGE('',*,*,#1536,.F.);
#1536 = EDGE_CURVE('',#1537,#1539,#1541,.T.);
#1537 = VERTEX_POINT('',#1538);
#1538 = CARTESIAN_POINT('',(88.1,-88.75,0.));
#1539 = VERTEX_POINT('',#1540);
#1540 = CARTESIAN_POINT('',(88.456291876724,-85.79292893152,0.));
#1541 = CIRCLE('',#1542,1.5);
#1542 = AXIS2_PLACEMENT_3D('',#1543,#1544,#1545);
#1543 = CARTESIAN_POINT('',(88.1,-87.25,0.));
#1544 = DIRECTION('',(-0.,0.,-1.));
#1545 = DIRECTION('',(-0.,-1.,0.));
#1546 = ORIENTED_EDGE('',*,*,#1547,.F.);
#1547 = EDGE_CURVE('',#1548,#1537,#1550,.T.);
#1548 = VERTEX_POINT('',#1549);
#1549 = CARTESIAN_POINT('',(89.543708123276,-87.65707106847,0.));
#1550 = CIRCLE('',#1551,1.5);
#1551 = AXIS2_PLACEMENT_3D('',#1552,#1553,#1554);
#1552 = CARTESIAN_POINT('',(88.1,-87.25,0.));
#1553 = DIRECTION('',(-0.,0.,-1.));
#1554 = DIRECTION('',(-0.,-1.,0.));
#1555 = ORIENTED_EDGE('',*,*,#1556,.F.);
#1556 = EDGE_CURVE('',#1557,#1548,#1559,.T.);
#1557 = VERTEX_POINT('',#1558);
#1558 = CARTESIAN_POINT('',(89.9,-87.7,0.));
#1559 = CIRCLE('',#1560,1.5);
#1560 = AXIS2_PLACEMENT_3D('',#1561,#1562,#1563);
#1561 = CARTESIAN_POINT('',(89.9,-86.2,0.));
#1562 = DIRECTION('',(-0.,0.,-1.));
#1563 = DIRECTION('',(-0.,-1.,0.));
#1564 = ORIENTED_EDGE('',*,*,#1565,.F.);
#1565 = EDGE_CURVE('',#1539,#1557,#1566,.T.);
#1566 = CIRCLE('',#1567,1.5);
#1567 = AXIS2_PLACEMENT_3D('',#1568,#1569,#1570);
#1568 = CARTESIAN_POINT('',(89.9,-86.2,0.));
#1569 = DIRECTION('',(-0.,0.,-1.));
#1570 = DIRECTION('',(-0.,-1.,0.));
#1571 = FACE_BOUND('',#1572,.T.);
#1572 = EDGE_LOOP('',(#1573,#1584,#1593,#1602));
#1573 = ORIENTED_EDGE('',*,*,#1574,.F.);
#1574 = EDGE_CURVE('',#1575,#1577,#1579,.T.);
#1575 = VERTEX_POINT('',#1576);
#1576 = CARTESIAN_POINT('',(82.9,-88.75,0.));
#1577 = VERTEX_POINT('',#1578);
#1578 = CARTESIAN_POINT('',(81.456291876724,-87.65707106847,0.));
#1579 = CIRCLE('',#1580,1.5);
#1580 = AXIS2_PLACEMENT_3D('',#1581,#1582,#1583);
#1581 = CARTESIAN_POINT('',(82.9,-87.25,0.));
#1582 = DIRECTION('',(-0.,0.,-1.));
#1583 = DIRECTION('',(-0.,-1.,0.));
#1584 = ORIENTED_EDGE('',*,*,#1585,.F.);
#1585 = EDGE_CURVE('',#1586,#1575,#1588,.T.);
#1586 = VERTEX_POINT('',#1587);
#1587 = CARTESIAN_POINT('',(82.543708123276,-85.79292893152,0.));
#1588 = CIRCLE('',#1589,1.5);
#1589 = AXIS2_PLACEMENT_3D('',#1590,#1591,#1592);
#1590 = CARTESIAN_POINT('',(82.9,-87.25,0.));
#1591 = DIRECTION('',(-0.,0.,-1.));
#1592 = DIRECTION('',(-0.,-1.,0.));
#1593 = ORIENTED_EDGE('',*,*,#1594,.F.);
#1594 = EDGE_CURVE('',#1595,#1586,#1597,.T.);
#1595 = VERTEX_POINT('',#1596);
#1596 = CARTESIAN_POINT('',(81.1,-87.7,0.));
#1597 = CIRCLE('',#1598,1.5);
#1598 = AXIS2_PLACEMENT_3D('',#1599,#1600,#1601);
#1599 = CARTESIAN_POINT('',(81.1,-86.2,0.));
#1600 = DIRECTION('',(-0.,0.,-1.));
#1601 = DIRECTION('',(-0.,-1.,0.));
#1602 = ORIENTED_EDGE('',*,*,#1603,.F.);
#1603 = EDGE_CURVE('',#1577,#1595,#1604,.T.);
#1604 = CIRCLE('',#1605,1.5);
#1605 = AXIS2_PLACEMENT_3D('',#1606,#1607,#1608);
#1606 = CARTESIAN_POINT('',(81.1,-86.2,0.));
#1607 = DIRECTION('',(-0.,0.,-1.));
#1608 = DIRECTION('',(-0.,-1.,0.));
#1609 = FACE_BOUND('',#1610,.T.);
#1610 = EDGE_LOOP('',(#1611));
#1611 = ORIENTED_EDGE('',*,*,#1612,.F.);
#1612 = EDGE_CURVE('',#1613,#1613,#1615,.T.);
#1613 = VERTEX_POINT('',#1614);
#1614 = CARTESIAN_POINT('',(85.5,-84.05,0.));
#1615 = CIRCLE('',#1616,2.55);
#1616 = AXIS2_PLACEMENT_3D('',#1617,#1618,#1619);
#1617 = CARTESIAN_POINT('',(85.5,-81.5,0.));
#1618 = DIRECTION('',(-0.,0.,-1.));
#1619 = DIRECTION('',(-0.,-1.,0.));
#1620 = FACE_BOUND('',#1621,.T.);
#1621 = EDGE_LOOP('',(#1622,#1633,#1642,#1651));
#1622 = ORIENTED_EDGE('',*,*,#1623,.F.);
#1623 = EDGE_CURVE('',#1624,#1626,#1628,.T.);
#1624 = VERTEX_POINT('',#1625);
#1625 = CARTESIAN_POINT('',(70.9,-82.69097,0.));
#1626 = VERTEX_POINT('',#1627);
#1627 = CARTESIAN_POINT('',(70.543708123276,-82.64804106847,0.));
#1628 = CIRCLE('',#1629,1.5);
#1629 = AXIS2_PLACEMENT_3D('',#1630,#1631,#1632);
#1630 = CARTESIAN_POINT('',(70.9,-81.19097,0.));
#1631 = DIRECTION('',(-0.,0.,-1.));
#1632 = DIRECTION('',(-0.,-1.,0.));
#1633 = ORIENTED_EDGE('',*,*,#1634,.F.);
#1634 = EDGE_CURVE('',#1635,#1624,#1637,.T.);
#1635 = VERTEX_POINT('',#1636);
#1636 = CARTESIAN_POINT('',(69.456291876724,-80.78389893152,0.));
#1637 = CIRCLE('',#1638,1.5);
#1638 = AXIS2_PLACEMENT_3D('',#1639,#1640,#1641);
#1639 = CARTESIAN_POINT('',(70.9,-81.19097,0.));
#1640 = DIRECTION('',(-0.,0.,-1.));
#1641 = DIRECTION('',(-0.,-1.,0.));
#1642 = ORIENTED_EDGE('',*,*,#1643,.F.);
#1643 = EDGE_CURVE('',#1644,#1635,#1646,.T.);
#1644 = VERTEX_POINT('',#1645);
#1645 = CARTESIAN_POINT('',(69.1,-83.74097,0.));
#1646 = CIRCLE('',#1647,1.5);
#1647 = AXIS2_PLACEMENT_3D('',#1648,#1649,#1650);
#1648 = CARTESIAN_POINT('',(69.1,-82.24097,0.));
#1649 = DIRECTION('',(-0.,0.,-1.));
#1650 = DIRECTION('',(-0.,-1.,0.));
#1651 = ORIENTED_EDGE('',*,*,#1652,.F.);
#1652 = EDGE_CURVE('',#1626,#1644,#1653,.T.);
#1653 = CIRCLE('',#1654,1.5);
#1654 = AXIS2_PLACEMENT_3D('',#1655,#1656,#1657);
#1655 = CARTESIAN_POINT('',(69.1,-82.24097,0.));
#1656 = DIRECTION('',(-0.,0.,-1.));
#1657 = DIRECTION('',(-0.,-1.,0.));
#1658 = FACE_BOUND('',#1659,.T.);
#1659 = EDGE_LOOP('',(#1660));
#1660 = ORIENTED_EDGE('',*,*,#1661,.F.);
#1661 = EDGE_CURVE('',#1662,#1662,#1664,.T.);
#1662 = VERTEX_POINT('',#1663);
#1663 = CARTESIAN_POINT('',(109.4,-75.99097,0.));
#1664 = CIRCLE('',#1665,2.1);
#1665 = AXIS2_PLACEMENT_3D('',#1666,#1667,#1668);
#1666 = CARTESIAN_POINT('',(109.4,-73.89097,0.));
#1667 = DIRECTION('',(-0.,0.,-1.));
#1668 = DIRECTION('',(-0.,-1.,0.));
#1669 = FACE_BOUND('',#1670,.T.);
#1670 = EDGE_LOOP('',(#1671,#1682,#1691,#1700));
#1671 = ORIENTED_EDGE('',*,*,#1672,.F.);
#1672 = EDGE_CURVE('',#1673,#1675,#1677,.T.);
#1673 = VERTEX_POINT('',#1674);
#1674 = CARTESIAN_POINT('',(108.9,-70.7,0.));
#1675 = VERTEX_POINT('',#1676);
#1676 = CARTESIAN_POINT('',(108.54370812327,-70.65707106847,0.));
#1677 = CIRCLE('',#1678,1.5);
#1678 = AXIS2_PLACEMENT_3D('',#1679,#1680,#1681);
#1679 = CARTESIAN_POINT('',(108.9,-69.2,0.));
#1680 = DIRECTION('',(-0.,0.,-1.));
#1681 = DIRECTION('',(-0.,-1.,0.));
#1682 = ORIENTED_EDGE('',*,*,#1683,.F.);
#1683 = EDGE_CURVE('',#1684,#1673,#1686,.T.);
#1684 = VERTEX_POINT('',#1685);
#1685 = CARTESIAN_POINT('',(107.45629187672,-68.79292893152,0.));
#1686 = CIRCLE('',#1687,1.5);
#1687 = AXIS2_PLACEMENT_3D('',#1688,#1689,#1690);
#1688 = CARTESIAN_POINT('',(108.9,-69.2,0.));
#1689 = DIRECTION('',(-0.,0.,-1.));
#1690 = DIRECTION('',(-0.,-1.,0.));
#1691 = ORIENTED_EDGE('',*,*,#1692,.F.);
#1692 = EDGE_CURVE('',#1693,#1684,#1695,.T.);
#1693 = VERTEX_POINT('',#1694);
#1694 = CARTESIAN_POINT('',(107.1,-71.75,0.));
#1695 = CIRCLE('',#1696,1.5);
#1696 = AXIS2_PLACEMENT_3D('',#1697,#1698,#1699);
#1697 = CARTESIAN_POINT('',(107.1,-70.25,0.));
#1698 = DIRECTION('',(-0.,0.,-1.));
#1699 = DIRECTION('',(-0.,-1.,0.));
#1700 = ORIENTED_EDGE('',*,*,#1701,.F.);
#1701 = EDGE_CURVE('',#1675,#1693,#1702,.T.);
#1702 = CIRCLE('',#1703,1.5);
#1703 = AXIS2_PLACEMENT_3D('',#1704,#1705,#1706);
#1704 = CARTESIAN_POINT('',(107.1,-70.25,0.));
#1705 = DIRECTION('',(-0.,0.,-1.));
#1706 = DIRECTION('',(-0.,-1.,0.));
#1707 = FACE_BOUND('',#1708,.T.);
#1708 = EDGE_LOOP('',(#1709));
#1709 = ORIENTED_EDGE('',*,*,#1710,.F.);
#1710 = EDGE_CURVE('',#1711,#1711,#1713,.T.);
#1711 = VERTEX_POINT('',#1712);
#1712 = CARTESIAN_POINT('',(129.945,-66.299046,0.));
#1713 = CIRCLE('',#1714,0.5);
#1714 = AXIS2_PLACEMENT_3D('',#1715,#1716,#1717);
#1715 = CARTESIAN_POINT('',(129.945,-65.799046,0.));
#1716 = DIRECTION('',(-0.,0.,-1.));
#1717 = DIRECTION('',(-0.,-1.,0.));
#1718 = FACE_BOUND('',#1719,.T.);
#1719 = EDGE_LOOP('',(#1720));
#1720 = ORIENTED_EDGE('',*,*,#1721,.F.);
#1721 = EDGE_CURVE('',#1722,#1722,#1724,.T.);
#1722 = VERTEX_POINT('',#1723);
#1723 = CARTESIAN_POINT('',(129.945,-64.394046,0.));
#1724 = CIRCLE('',#1725,0.5);
#1725 = AXIS2_PLACEMENT_3D('',#1726,#1727,#1728);
#1726 = CARTESIAN_POINT('',(129.945,-63.894046,0.));
#1727 = DIRECTION('',(-0.,0.,-1.));
#1728 = DIRECTION('',(-0.,-1.,0.));
#1729 = FACE_BOUND('',#1730,.T.);
#1730 = EDGE_LOOP('',(#1731));
#1731 = ORIENTED_EDGE('',*,*,#1732,.F.);
#1732 = EDGE_CURVE('',#1733,#1733,#1735,.T.);
#1733 = VERTEX_POINT('',#1734);
#1734 = CARTESIAN_POINT('',(121.055,-66.299046,0.));
#1735 = CIRCLE('',#1736,0.5);
#1736 = AXIS2_PLACEMENT_3D('',#1737,#1738,#1739);
#1737 = CARTESIAN_POINT('',(121.055,-65.799046,0.));
#1738 = DIRECTION('',(-0.,0.,-1.));
#1739 = DIRECTION('',(-0.,-1.,0.));
#1740 = FACE_BOUND('',#1741,.T.);
#1741 = EDGE_LOOP('',(#1742));
#1742 = ORIENTED_EDGE('',*,*,#1743,.F.);
#1743 = EDGE_CURVE('',#1744,#1744,#1746,.T.);
#1744 = VERTEX_POINT('',#1745);
#1745 = CARTESIAN_POINT('',(121.055,-64.394046,0.));
#1746 = CIRCLE('',#1747,0.5);
#1747 = AXIS2_PLACEMENT_3D('',#1748,#1749,#1750);
#1748 = CARTESIAN_POINT('',(121.055,-63.894046,0.));
#1749 = DIRECTION('',(-0.,0.,-1.));
#1750 = DIRECTION('',(-0.,-1.,0.));
#1751 = FACE_BOUND('',#1752,.T.);
#1752 = EDGE_LOOP('',(#1753));
#1753 = ORIENTED_EDGE('',*,*,#1754,.F.);
#1754 = EDGE_CURVE('',#1755,#1755,#1757,.T.);
#1755 = VERTEX_POINT('',#1756);
#1756 = CARTESIAN_POINT('',(127.,-57.336046,0.));
#1757 = CIRCLE('',#1758,0.45);
#1758 = AXIS2_PLACEMENT_3D('',#1759,#1760,#1761);
#1759 = CARTESIAN_POINT('',(127.,-56.886046,0.));
#1760 = DIRECTION('',(-0.,0.,-1.));
#1761 = DIRECTION('',(-0.,-1.,0.));
#1762 = FACE_BOUND('',#1763,.T.);
#1763 = EDGE_LOOP('',(#1764));
#1764 = ORIENTED_EDGE('',*,*,#1765,.F.);
#1765 = EDGE_CURVE('',#1766,#1766,#1768,.T.);
#1766 = VERTEX_POINT('',#1767);
#1767 = CARTESIAN_POINT('',(124.,-57.336046,0.));
#1768 = CIRCLE('',#1769,0.45);
#1769 = AXIS2_PLACEMENT_3D('',#1770,#1771,#1772);
#1770 = CARTESIAN_POINT('',(124.,-56.886046,0.));
#1771 = DIRECTION('',(-0.,0.,-1.));
#1772 = DIRECTION('',(-0.,-1.,0.));
#1773 = FACE_BOUND('',#1774,.T.);
#1774 = EDGE_LOOP('',(#1775));
#1775 = ORIENTED_EDGE('',*,*,#1776,.F.);
#1776 = EDGE_CURVE('',#1777,#1777,#1779,.T.);
#1777 = VERTEX_POINT('',#1778);
#1778 = CARTESIAN_POINT('',(104.5,-67.05,0.));
#1779 = CIRCLE('',#1780,2.55);
#1780 = AXIS2_PLACEMENT_3D('',#1781,#1782,#1783);
#1781 = CARTESIAN_POINT('',(104.5,-64.5,0.));
#1782 = DIRECTION('',(-0.,0.,-1.));
#1783 = DIRECTION('',(-0.,-1.,0.));
#1784 = FACE_BOUND('',#1785,.T.);
#1785 = EDGE_LOOP('',(#1786,#1797,#1806,#1815));
#1786 = ORIENTED_EDGE('',*,*,#1787,.F.);
#1787 = EDGE_CURVE('',#1788,#1790,#1792,.T.);
#1788 = VERTEX_POINT('',#1789);
#1789 = CARTESIAN_POINT('',(101.9,-71.75,0.));
#1790 = VERTEX_POINT('',#1791);
#1791 = CARTESIAN_POINT('',(100.45629187672,-70.65707106847,0.));
#1792 = CIRCLE('',#1793,1.5);
#1793 = AXIS2_PLACEMENT_3D('',#1794,#1795,#1796);
#1794 = CARTESIAN_POINT('',(101.9,-70.25,0.));
#1795 = DIRECTION('',(-0.,0.,-1.));
#1796 = DIRECTION('',(-0.,-1.,0.));
#1797 = ORIENTED_EDGE('',*,*,#1798,.F.);
#1798 = EDGE_CURVE('',#1799,#1788,#1801,.T.);
#1799 = VERTEX_POINT('',#1800);
#1800 = CARTESIAN_POINT('',(101.54370812327,-68.79292893152,0.));
#1801 = CIRCLE('',#1802,1.5);
#1802 = AXIS2_PLACEMENT_3D('',#1803,#1804,#1805);
#1803 = CARTESIAN_POINT('',(101.9,-70.25,0.));
#1804 = DIRECTION('',(-0.,0.,-1.));
#1805 = DIRECTION('',(-0.,-1.,0.));
#1806 = ORIENTED_EDGE('',*,*,#1807,.F.);
#1807 = EDGE_CURVE('',#1808,#1799,#1810,.T.);
#1808 = VERTEX_POINT('',#1809);
#1809 = CARTESIAN_POINT('',(100.1,-70.7,0.));
#1810 = CIRCLE('',#1811,1.5);
#1811 = AXIS2_PLACEMENT_3D('',#1812,#1813,#1814);
#1812 = CARTESIAN_POINT('',(100.1,-69.2,0.));
#1813 = DIRECTION('',(-0.,0.,-1.));
#1814 = DIRECTION('',(-0.,-1.,0.));
#1815 = ORIENTED_EDGE('',*,*,#1816,.F.);
#1816 = EDGE_CURVE('',#1790,#1808,#1817,.T.);
#1817 = CIRCLE('',#1818,1.5);
#1818 = AXIS2_PLACEMENT_3D('',#1819,#1820,#1821);
#1819 = CARTESIAN_POINT('',(100.1,-69.2,0.));
#1820 = DIRECTION('',(-0.,0.,-1.));
#1821 = DIRECTION('',(-0.,-1.,0.));
#1822 = FACE_BOUND('',#1823,.T.);
#1823 = EDGE_LOOP('',(#1824,#1835,#1844,#1853));
#1824 = ORIENTED_EDGE('',*,*,#1825,.F.);
#1825 = EDGE_CURVE('',#1826,#1828,#1830,.T.);
#1826 = VERTEX_POINT('',#1827);
#1827 = CARTESIAN_POINT('',(88.1,-69.75,0.));
#1828 = VERTEX_POINT('',#1829);
#1829 = CARTESIAN_POINT('',(88.456291876724,-66.79292893152,0.));
#1830 = CIRCLE('',#1831,1.5);
#1831 = AXIS2_PLACEMENT_3D('',#1832,#1833,#1834);
#1832 = CARTESIAN_POINT('',(88.1,-68.25,0.));
#1833 = DIRECTION('',(-0.,0.,-1.));
#1834 = DIRECTION('',(-0.,-1.,0.));
#1835 = ORIENTED_EDGE('',*,*,#1836,.F.);
#1836 = EDGE_CURVE('',#1837,#1826,#1839,.T.);
#1837 = VERTEX_POINT('',#1838);
#1838 = CARTESIAN_POINT('',(89.543708123276,-68.65707106847,0.));
#1839 = CIRCLE('',#1840,1.5);
#1840 = AXIS2_PLACEMENT_3D('',#1841,#1842,#1843);
#1841 = CARTESIAN_POINT('',(88.1,-68.25,0.));
#1842 = DIRECTION('',(-0.,0.,-1.));
#1843 = DIRECTION('',(-0.,-1.,0.));
#1844 = ORIENTED_EDGE('',*,*,#1845,.F.);
#1845 = EDGE_CURVE('',#1846,#1837,#1848,.T.);
#1846 = VERTEX_POINT('',#1847);
#1847 = CARTESIAN_POINT('',(89.9,-68.7,0.));
#1848 = CIRCLE('',#1849,1.5);
#1849 = AXIS2_PLACEMENT_3D('',#1850,#1851,#1852);
#1850 = CARTESIAN_POINT('',(89.9,-67.2,0.));
#1851 = DIRECTION('',(-0.,0.,-1.));
#1852 = DIRECTION('',(-0.,-1.,0.));
#1853 = ORIENTED_EDGE('',*,*,#1854,.F.);
#1854 = EDGE_CURVE('',#1828,#1846,#1855,.T.);
#1855 = CIRCLE('',#1856,1.5);
#1856 = AXIS2_PLACEMENT_3D('',#1857,#1858,#1859);
#1857 = CARTESIAN_POINT('',(89.9,-67.2,0.));
#1858 = DIRECTION('',(-0.,0.,-1.));
#1859 = DIRECTION('',(-0.,-1.,0.));
#1860 = FACE_BOUND('',#1861,.T.);
#1861 = EDGE_LOOP('',(#1862,#1873,#1882,#1891));
#1862 = ORIENTED_EDGE('',*,*,#1863,.F.);
#1863 = EDGE_CURVE('',#1864,#1866,#1868,.T.);
#1864 = VERTEX_POINT('',#1865);
#1865 = CARTESIAN_POINT('',(82.9,-69.75,0.));
#1866 = VERTEX_POINT('',#1867);
#1867 = CARTESIAN_POINT('',(81.456291876724,-68.65707106847,0.));
#1868 = CIRCLE('',#1869,1.5);
#1869 = AXIS2_PLACEMENT_3D('',#1870,#1871,#1872);
#1870 = CARTESIAN_POINT('',(82.9,-68.25,0.));
#1871 = DIRECTION('',(-0.,0.,-1.));
#1872 = DIRECTION('',(-0.,-1.,0.));
#1873 = ORIENTED_EDGE('',*,*,#1874,.F.);
#1874 = EDGE_CURVE('',#1875,#1864,#1877,.T.);
#1875 = VERTEX_POINT('',#1876);
#1876 = CARTESIAN_POINT('',(82.543708123276,-66.79292893152,0.));
#1877 = CIRCLE('',#1878,1.5);
#1878 = AXIS2_PLACEMENT_3D('',#1879,#1880,#1881);
#1879 = CARTESIAN_POINT('',(82.9,-68.25,0.));
#1880 = DIRECTION('',(-0.,0.,-1.));
#1881 = DIRECTION('',(-0.,-1.,0.));
#1882 = ORIENTED_EDGE('',*,*,#1883,.F.);
#1883 = EDGE_CURVE('',#1884,#1875,#1886,.T.);
#1884 = VERTEX_POINT('',#1885);
#1885 = CARTESIAN_POINT('',(81.1,-68.7,0.));
#1886 = CIRCLE('',#1887,1.5);
#1887 = AXIS2_PLACEMENT_3D('',#1888,#1889,#1890);
#1888 = CARTESIAN_POINT('',(81.1,-67.2,0.));
#1889 = DIRECTION('',(-0.,0.,-1.));
#1890 = DIRECTION('',(-0.,-1.,0.));
#1891 = ORIENTED_EDGE('',*,*,#1892,.F.);
#1892 = EDGE_CURVE('',#1866,#1884,#1893,.T.);
#1893 = CIRCLE('',#1894,1.5);
#1894 = AXIS2_PLACEMENT_3D('',#1895,#1896,#1897);
#1895 = CARTESIAN_POINT('',(81.1,-67.2,0.));
#1896 = DIRECTION('',(-0.,0.,-1.));
#1897 = DIRECTION('',(-0.,-1.,0.));
#1898 = FACE_BOUND('',#1899,.T.);
#1899 = EDGE_LOOP('',(#1900));
#1900 = ORIENTED_EDGE('',*,*,#1901,.F.);
#1901 = EDGE_CURVE('',#1902,#1902,#1904,.T.);
#1902 = VERTEX_POINT('',#1903);
#1903 = CARTESIAN_POINT('',(85.5,-65.05,0.));
#1904 = CIRCLE('',#1905,2.55);
#1905 = AXIS2_PLACEMENT_3D('',#1906,#1907,#1908);
#1906 = CARTESIAN_POINT('',(85.5,-62.5,0.));
#1907 = DIRECTION('',(-0.,0.,-1.));
#1908 = DIRECTION('',(-0.,-1.,0.));
#1909 = FACE_BOUND('',#1910,.T.);
#1910 = EDGE_LOOP('',(#1911,#1922,#1931,#1940));
#1911 = ORIENTED_EDGE('',*,*,#1912,.F.);
#1912 = EDGE_CURVE('',#1913,#1915,#1917,.T.);
#1913 = VERTEX_POINT('',#1914);
#1914 = CARTESIAN_POINT('',(70.9,-63.69097,0.));
#1915 = VERTEX_POINT('',#1916);
#1916 = CARTESIAN_POINT('',(70.543708123276,-63.64804106847,0.));
#1917 = CIRCLE('',#1918,1.5);
#1918 = AXIS2_PLACEMENT_3D('',#1919,#1920,#1921);
#1919 = CARTESIAN_POINT('',(70.9,-62.19097,0.));
#1920 = DIRECTION('',(-0.,0.,-1.));
#1921 = DIRECTION('',(-0.,-1.,0.));
#1922 = ORIENTED_EDGE('',*,*,#1923,.F.);
#1923 = EDGE_CURVE('',#1924,#1913,#1926,.T.);
#1924 = VERTEX_POINT('',#1925);
#1925 = CARTESIAN_POINT('',(69.456291876724,-61.78389893152,0.));
#1926 = CIRCLE('',#1927,1.5);
#1927 = AXIS2_PLACEMENT_3D('',#1928,#1929,#1930);
#1928 = CARTESIAN_POINT('',(70.9,-62.19097,0.));
#1929 = DIRECTION('',(-0.,0.,-1.));
#1930 = DIRECTION('',(-0.,-1.,0.));
#1931 = ORIENTED_EDGE('',*,*,#1932,.F.);
#1932 = EDGE_CURVE('',#1933,#1924,#1935,.T.);
#1933 = VERTEX_POINT('',#1934);
#1934 = CARTESIAN_POINT('',(69.1,-64.74097,0.));
#1935 = CIRCLE('',#1936,1.5);
#1936 = AXIS2_PLACEMENT_3D('',#1937,#1938,#1939);
#1937 = CARTESIAN_POINT('',(69.1,-63.24097,0.));
#1938 = DIRECTION('',(-0.,0.,-1.));
#1939 = DIRECTION('',(-0.,-1.,0.));
#1940 = ORIENTED_EDGE('',*,*,#1941,.F.);
#1941 = EDGE_CURVE('',#1915,#1933,#1942,.T.);
#1942 = CIRCLE('',#1943,1.5);
#1943 = AXIS2_PLACEMENT_3D('',#1944,#1945,#1946);
#1944 = CARTESIAN_POINT('',(69.1,-63.24097,0.));
#1945 = DIRECTION('',(-0.,0.,-1.));
#1946 = DIRECTION('',(-0.,-1.,0.));
#1947 = FACE_BOUND('',#1948,.T.);
#1948 = EDGE_LOOP('',(#1949));
#1949 = ORIENTED_EDGE('',*,*,#1950,.F.);
#1950 = EDGE_CURVE('',#1951,#1951,#1953,.T.);
#1951 = VERTEX_POINT('',#1952);
#1952 = CARTESIAN_POINT('',(66.5,-98.05,0.));
#1953 = CIRCLE('',#1954,2.55);
#1954 = AXIS2_PLACEMENT_3D('',#1955,#1956,#1957);
#1955 = CARTESIAN_POINT('',(66.5,-95.5,0.));
#1956 = DIRECTION('',(-0.,0.,-1.));
#1957 = DIRECTION('',(-0.,-1.,0.));
#1958 = FACE_BOUND('',#1959,.T.);
#1959 = EDGE_LOOP('',(#1960,#1971,#1980,#1989));
#1960 = ORIENTED_EDGE('',*,*,#1961,.F.);
#1961 = EDGE_CURVE('',#1962,#1964,#1966,.T.);
#1962 = VERTEX_POINT('',#1963);
#1963 = CARTESIAN_POINT('',(62.1,-82.69097,0.));
#1964 = VERTEX_POINT('',#1965);
#1965 = CARTESIAN_POINT('',(63.543708123276,-80.78389893152,0.));
#1966 = CIRCLE('',#1967,1.5);
#1967 = AXIS2_PLACEMENT_3D('',#1968,#1969,#1970);
#1968 = CARTESIAN_POINT('',(62.1,-81.19097,0.));
#1969 = DIRECTION('',(-0.,0.,-1.));
#1970 = DIRECTION('',(-0.,-1.,0.));
#1971 = ORIENTED_EDGE('',*,*,#1972,.F.);
#1972 = EDGE_CURVE('',#1973,#1962,#1975,.T.);
#1973 = VERTEX_POINT('',#1974);
#1974 = CARTESIAN_POINT('',(62.456291876724,-82.64804106847,0.));
#1975 = CIRCLE('',#1976,1.5);
#1976 = AXIS2_PLACEMENT_3D('',#1977,#1978,#1979);
#1977 = CARTESIAN_POINT('',(62.1,-81.19097,0.));
#1978 = DIRECTION('',(-0.,0.,-1.));
#1979 = DIRECTION('',(-0.,-1.,0.));
#1980 = ORIENTED_EDGE('',*,*,#1981,.F.);
#1981 = EDGE_CURVE('',#1982,#1973,#1984,.T.);
#1982 = VERTEX_POINT('',#1983);
#1983 = CARTESIAN_POINT('',(63.9,-83.74097,0.));
#1984 = CIRCLE('',#1985,1.5);
#1985 = AXIS2_PLACEMENT_3D('',#1986,#1987,#1988);
#1986 = CARTESIAN_POINT('',(63.9,-82.24097,0.));
#1987 = DIRECTION('',(-0.,0.,-1.));
#1988 = DIRECTION('',(-4.736951571734E-15,-1.,0.));
#1989 = ORIENTED_EDGE('',*,*,#1990,.F.);
#1990 = EDGE_CURVE('',#1964,#1982,#1991,.T.);
#1991 = CIRCLE('',#1992,1.5);
#1992 = AXIS2_PLACEMENT_3D('',#1993,#1994,#1995);
#1993 = CARTESIAN_POINT('',(63.9,-82.24097,0.));
#1994 = DIRECTION('',(-0.,0.,-1.));
#1995 = DIRECTION('',(-4.736951571734E-15,-1.,0.));
#1996 = FACE_BOUND('',#1997,.T.);
#1997 = EDGE_LOOP('',(#1998,#2009,#2018,#2027));
#1998 = ORIENTED_EDGE('',*,*,#1999,.F.);
#1999 = EDGE_CURVE('',#2000,#2002,#2004,.T.);
#2000 = VERTEX_POINT('',#2001);
#2001 = CARTESIAN_POINT('',(51.9,-87.7,0.));
#2002 = VERTEX_POINT('',#2003);
#2003 = CARTESIAN_POINT('',(51.543708123276,-87.65707106847,0.));
#2004 = CIRCLE('',#2005,1.5);
#2005 = AXIS2_PLACEMENT_3D('',#2006,#2007,#2008);
#2006 = CARTESIAN_POINT('',(51.9,-86.2,0.));
#2007 = DIRECTION('',(-0.,0.,-1.));
#2008 = DIRECTION('',(-0.,-1.,0.));
#2009 = ORIENTED_EDGE('',*,*,#2010,.F.);
#2010 = EDGE_CURVE('',#2011,#2000,#2013,.T.);
#2011 = VERTEX_POINT('',#2012);
#2012 = CARTESIAN_POINT('',(50.456291876724,-85.79292893152,0.));
#2013 = CIRCLE('',#2014,1.5);
#2014 = AXIS2_PLACEMENT_3D('',#2015,#2016,#2017);
#2015 = CARTESIAN_POINT('',(51.9,-86.2,0.));
#2016 = DIRECTION('',(-0.,0.,-1.));
#2017 = DIRECTION('',(-0.,-1.,0.));
#2018 = ORIENTED_EDGE('',*,*,#2019,.F.);
#2019 = EDGE_CURVE('',#2020,#2011,#2022,.T.);
#2020 = VERTEX_POINT('',#2021);
#2021 = CARTESIAN_POINT('',(50.1,-88.75,0.));
#2022 = CIRCLE('',#2023,1.5);
#2023 = AXIS2_PLACEMENT_3D('',#2024,#2025,#2026);
#2024 = CARTESIAN_POINT('',(50.1,-87.25,0.));
#2025 = DIRECTION('',(-0.,0.,-1.));
#2026 = DIRECTION('',(-0.,-1.,0.));
#2027 = ORIENTED_EDGE('',*,*,#2028,.F.);
#2028 = EDGE_CURVE('',#2002,#2020,#2029,.T.);
#2029 = CIRCLE('',#2030,1.5);
#2030 = AXIS2_PLACEMENT_3D('',#2031,#2032,#2033);
#2031 = CARTESIAN_POINT('',(50.1,-87.25,0.));
#2032 = DIRECTION('',(-0.,0.,-1.));
#2033 = DIRECTION('',(-0.,-1.,0.));
#2034 = FACE_BOUND('',#2035,.T.);
#2035 = EDGE_LOOP('',(#2036,#2047,#2056,#2065));
#2036 = ORIENTED_EDGE('',*,*,#2037,.F.);
#2037 = EDGE_CURVE('',#2038,#2040,#2042,.T.);
#2038 = VERTEX_POINT('',#2039);
#2039 = CARTESIAN_POINT('',(44.9,-88.75,0.));
#2040 = VERTEX_POINT('',#2041);
#2041 = CARTESIAN_POINT('',(43.456291876724,-87.65707106847,0.));
#2042 = CIRCLE('',#2043,1.5);
#2043 = AXIS2_PLACEMENT_3D('',#2044,#2045,#2046);
#2044 = CARTESIAN_POINT('',(44.9,-87.25,0.));
#2045 = DIRECTION('',(-0.,0.,-1.));
#2046 = DIRECTION('',(-0.,-1.,0.));
#2047 = ORIENTED_EDGE('',*,*,#2048,.F.);
#2048 = EDGE_CURVE('',#2049,#2038,#2051,.T.);
#2049 = VERTEX_POINT('',#2050);
#2050 = CARTESIAN_POINT('',(44.543708123276,-85.79292893152,0.));
#2051 = CIRCLE('',#2052,1.5);
#2052 = AXIS2_PLACEMENT_3D('',#2053,#2054,#2055);
#2053 = CARTESIAN_POINT('',(44.9,-87.25,0.));
#2054 = DIRECTION('',(-0.,0.,-1.));
#2055 = DIRECTION('',(-0.,-1.,0.));
#2056 = ORIENTED_EDGE('',*,*,#2057,.F.);
#2057 = EDGE_CURVE('',#2058,#2049,#2060,.T.);
#2058 = VERTEX_POINT('',#2059);
#2059 = CARTESIAN_POINT('',(43.1,-87.7,0.));
#2060 = CIRCLE('',#2061,1.5);
#2061 = AXIS2_PLACEMENT_3D('',#2062,#2063,#2064);
#2062 = CARTESIAN_POINT('',(43.1,-86.2,0.));
#2063 = DIRECTION('',(-0.,0.,-1.));
#2064 = DIRECTION('',(-0.,-1.,0.));
#2065 = ORIENTED_EDGE('',*,*,#2066,.F.);
#2066 = EDGE_CURVE('',#2040,#2058,#2067,.T.);
#2067 = CIRCLE('',#2068,1.5);
#2068 = AXIS2_PLACEMENT_3D('',#2069,#2070,#2071);
#2069 = CARTESIAN_POINT('',(43.1,-86.2,0.));
#2070 = DIRECTION('',(-0.,0.,-1.));
#2071 = DIRECTION('',(-0.,-1.,0.));
#2072 = FACE_BOUND('',#2073,.T.);
#2073 = EDGE_LOOP('',(#2074));
#2074 = ORIENTED_EDGE('',*,*,#2075,.F.);
#2075 = EDGE_CURVE('',#2076,#2076,#2078,.T.);
#2076 = VERTEX_POINT('',#2077);
#2077 = CARTESIAN_POINT('',(47.5,-84.05,0.));
#2078 = CIRCLE('',#2079,2.55);
#2079 = AXIS2_PLACEMENT_3D('',#2080,#2081,#2082);
#2080 = CARTESIAN_POINT('',(47.5,-81.5,0.));
#2081 = DIRECTION('',(-0.,0.,-1.));
#2082 = DIRECTION('',(-0.,-1.,0.));
#2083 = FACE_BOUND('',#2084,.T.);
#2084 = EDGE_LOOP('',(#2085));
#2085 = ORIENTED_EDGE('',*,*,#2086,.F.);
#2086 = EDGE_CURVE('',#2087,#2087,#2089,.T.);
#2087 = VERTEX_POINT('',#2088);
#2088 = CARTESIAN_POINT('',(28.5,-97.04097,0.));
#2089 = CIRCLE('',#2090,2.55);
#2090 = AXIS2_PLACEMENT_3D('',#2091,#2092,#2093);
#2091 = CARTESIAN_POINT('',(28.5,-94.49097,0.));
#2092 = DIRECTION('',(-0.,0.,-1.));
#2093 = DIRECTION('',(-0.,-1.,0.));
#2094 = FACE_BOUND('',#2095,.T.);
#2095 = EDGE_LOOP('',(#2096));
#2096 = ORIENTED_EDGE('',*,*,#2097,.F.);
#2097 = EDGE_CURVE('',#2098,#2098,#2100,.T.);
#2098 = VERTEX_POINT('',#2099);
#2099 = CARTESIAN_POINT('',(9.5,-97.04097,0.));
#2100 = CIRCLE('',#2101,2.55);
#2101 = AXIS2_PLACEMENT_3D('',#2102,#2103,#2104);
#2102 = CARTESIAN_POINT('',(9.5,-94.49097,0.));
#2103 = DIRECTION('',(-0.,0.,-1.));
#2104 = DIRECTION('',(-0.,-1.,0.));
#2105 = FACE_BOUND('',#2106,.T.);
#2106 = EDGE_LOOP('',(#2107,#2118,#2127,#2136));
#2107 = ORIENTED_EDGE('',*,*,#2108,.F.);
#2108 = EDGE_CURVE('',#2109,#2111,#2113,.T.);
#2109 = VERTEX_POINT('',#2110);
#2110 = CARTESIAN_POINT('',(32.9,-81.7,0.));
#2111 = VERTEX_POINT('',#2112);
#2112 = CARTESIAN_POINT('',(32.543708123276,-81.65707106847,0.));
#2113 = CIRCLE('',#2114,1.5);
#2114 = AXIS2_PLACEMENT_3D('',#2115,#2116,#2117);
#2115 = CARTESIAN_POINT('',(32.9,-80.2,0.));
#2116 = DIRECTION('',(-0.,0.,-1.));
#2117 = DIRECTION('',(-0.,-1.,0.));
#2118 = ORIENTED_EDGE('',*,*,#2119,.F.);
#2119 = EDGE_CURVE('',#2120,#2109,#2122,.T.);
#2120 = VERTEX_POINT('',#2121);
#2121 = CARTESIAN_POINT('',(31.456291876724,-79.79292893152,0.));
#2122 = CIRCLE('',#2123,1.5);
#2123 = AXIS2_PLACEMENT_3D('',#2124,#2125,#2126);
#2124 = CARTESIAN_POINT('',(32.9,-80.2,0.));
#2125 = DIRECTION('',(-0.,0.,-1.));
#2126 = DIRECTION('',(-0.,-1.,0.));
#2127 = ORIENTED_EDGE('',*,*,#2128,.F.);
#2128 = EDGE_CURVE('',#2129,#2120,#2131,.T.);
#2129 = VERTEX_POINT('',#2130);
#2130 = CARTESIAN_POINT('',(31.1,-82.75,0.));
#2131 = CIRCLE('',#2132,1.5);
#2132 = AXIS2_PLACEMENT_3D('',#2133,#2134,#2135);
#2133 = CARTESIAN_POINT('',(31.1,-81.25,0.));
#2134 = DIRECTION('',(-0.,0.,-1.));
#2135 = DIRECTION('',(-0.,-1.,0.));
#2136 = ORIENTED_EDGE('',*,*,#2137,.F.);
#2137 = EDGE_CURVE('',#2111,#2129,#2138,.T.);
#2138 = CIRCLE('',#2139,1.5);
#2139 = AXIS2_PLACEMENT_3D('',#2140,#2141,#2142);
#2140 = CARTESIAN_POINT('',(31.1,-81.25,0.));
#2141 = DIRECTION('',(-0.,0.,-1.));
#2142 = DIRECTION('',(-0.,-1.,0.));
#2143 = FACE_BOUND('',#2144,.T.);
#2144 = EDGE_LOOP('',(#2145,#2156,#2165,#2174));
#2145 = ORIENTED_EDGE('',*,*,#2146,.F.);
#2146 = EDGE_CURVE('',#2147,#2149,#2151,.T.);
#2147 = VERTEX_POINT('',#2148);
#2148 = CARTESIAN_POINT('',(25.9,-82.75,0.));
#2149 = VERTEX_POINT('',#2150);
#2150 = CARTESIAN_POINT('',(24.456291876724,-81.65707106847,0.));
#2151 = CIRCLE('',#2152,1.5);
#2152 = AXIS2_PLACEMENT_3D('',#2153,#2154,#2155);
#2153 = CARTESIAN_POINT('',(25.9,-81.25,0.));
#2154 = DIRECTION('',(-0.,0.,-1.));
#2155 = DIRECTION('',(-0.,-1.,0.));
#2156 = ORIENTED_EDGE('',*,*,#2157,.F.);
#2157 = EDGE_CURVE('',#2158,#2147,#2160,.T.);
#2158 = VERTEX_POINT('',#2159);
#2159 = CARTESIAN_POINT('',(25.543708123276,-79.79292893152,0.));
#2160 = CIRCLE('',#2161,1.5);
#2161 = AXIS2_PLACEMENT_3D('',#2162,#2163,#2164);
#2162 = CARTESIAN_POINT('',(25.9,-81.25,0.));
#2163 = DIRECTION('',(-0.,0.,-1.));
#2164 = DIRECTION('',(-0.,-1.,0.));
#2165 = ORIENTED_EDGE('',*,*,#2166,.F.);
#2166 = EDGE_CURVE('',#2167,#2158,#2169,.T.);
#2167 = VERTEX_POINT('',#2168);
#2168 = CARTESIAN_POINT('',(24.1,-81.7,0.));
#2169 = CIRCLE('',#2170,1.5);
#2170 = AXIS2_PLACEMENT_3D('',#2171,#2172,#2173);
#2171 = CARTESIAN_POINT('',(24.1,-80.2,0.));
#2172 = DIRECTION('',(-0.,0.,-1.));
#2173 = DIRECTION('',(-0.,-1.,0.));
#2174 = ORIENTED_EDGE('',*,*,#2175,.F.);
#2175 = EDGE_CURVE('',#2149,#2167,#2176,.T.);
#2176 = CIRCLE('',#2177,1.5);
#2177 = AXIS2_PLACEMENT_3D('',#2178,#2179,#2180);
#2178 = CARTESIAN_POINT('',(24.1,-80.2,0.));
#2179 = DIRECTION('',(-0.,0.,-1.));
#2180 = DIRECTION('',(-0.,-1.,0.));
#2181 = FACE_BOUND('',#2182,.T.);
#2182 = EDGE_LOOP('',(#2183,#2194,#2203,#2212));
#2183 = ORIENTED_EDGE('',*,*,#2184,.F.);
#2184 = EDGE_CURVE('',#2185,#2187,#2189,.T.);
#2185 = VERTEX_POINT('',#2186);
#2186 = CARTESIAN_POINT('',(13.9,-81.7,0.));
#2187 = VERTEX_POINT('',#2188);
#2188 = CARTESIAN_POINT('',(13.543708123276,-81.65707106847,0.));
#2189 = CIRCLE('',#2190,1.5);
#2190 = AXIS2_PLACEMENT_3D('',#2191,#2192,#2193);
#2191 = CARTESIAN_POINT('',(13.9,-80.2,0.));
#2192 = DIRECTION('',(-0.,0.,-1.));
#2193 = DIRECTION('',(-0.,-1.,0.));
#2194 = ORIENTED_EDGE('',*,*,#2195,.F.);
#2195 = EDGE_CURVE('',#2196,#2185,#2198,.T.);
#2196 = VERTEX_POINT('',#2197);
#2197 = CARTESIAN_POINT('',(12.456291876724,-79.79292893152,0.));
#2198 = CIRCLE('',#2199,1.5);
#2199 = AXIS2_PLACEMENT_3D('',#2200,#2201,#2202);
#2200 = CARTESIAN_POINT('',(13.9,-80.2,0.));
#2201 = DIRECTION('',(-0.,0.,-1.));
#2202 = DIRECTION('',(-0.,-1.,0.));
#2203 = ORIENTED_EDGE('',*,*,#2204,.F.);
#2204 = EDGE_CURVE('',#2205,#2196,#2207,.T.);
#2205 = VERTEX_POINT('',#2206);
#2206 = CARTESIAN_POINT('',(12.1,-82.75,0.));
#2207 = CIRCLE('',#2208,1.5);
#2208 = AXIS2_PLACEMENT_3D('',#2209,#2210,#2211);
#2209 = CARTESIAN_POINT('',(12.1,-81.25,0.));
#2210 = DIRECTION('',(-0.,0.,-1.));
#2211 = DIRECTION('',(-0.,-1.,0.));
#2212 = ORIENTED_EDGE('',*,*,#2213,.F.);
#2213 = EDGE_CURVE('',#2187,#2205,#2214,.T.);
#2214 = CIRCLE('',#2215,1.5);
#2215 = AXIS2_PLACEMENT_3D('',#2216,#2217,#2218);
#2216 = CARTESIAN_POINT('',(12.1,-81.25,0.));
#2217 = DIRECTION('',(-0.,0.,-1.));
#2218 = DIRECTION('',(-0.,-1.,0.));
#2219 = FACE_BOUND('',#2220,.T.);
#2220 = EDGE_LOOP('',(#2221,#2232,#2241,#2250));
#2221 = ORIENTED_EDGE('',*,*,#2222,.F.);
#2222 = EDGE_CURVE('',#2223,#2225,#2227,.T.);
#2223 = VERTEX_POINT('',#2224);
#2224 = CARTESIAN_POINT('',(6.9,-82.75,0.));
#2225 = VERTEX_POINT('',#2226);
#2226 = CARTESIAN_POINT('',(5.456291876724,-81.65707106847,0.));
#2227 = CIRCLE('',#2228,1.5);
#2228 = AXIS2_PLACEMENT_3D('',#2229,#2230,#2231);
#2229 = CARTESIAN_POINT('',(6.9,-81.25,0.));
#2230 = DIRECTION('',(-0.,0.,-1.));
#2231 = DIRECTION('',(-0.,-1.,0.));
#2232 = ORIENTED_EDGE('',*,*,#2233,.F.);
#2233 = EDGE_CURVE('',#2234,#2223,#2236,.T.);
#2234 = VERTEX_POINT('',#2235);
#2235 = CARTESIAN_POINT('',(6.543708123276,-79.79292893152,0.));
#2236 = CIRCLE('',#2237,1.5);
#2237 = AXIS2_PLACEMENT_3D('',#2238,#2239,#2240);
#2238 = CARTESIAN_POINT('',(6.9,-81.25,0.));
#2239 = DIRECTION('',(-0.,0.,-1.));
#2240 = DIRECTION('',(-0.,-1.,0.));
#2241 = ORIENTED_EDGE('',*,*,#2242,.F.);
#2242 = EDGE_CURVE('',#2243,#2234,#2245,.T.);
#2243 = VERTEX_POINT('',#2244);
#2244 = CARTESIAN_POINT('',(5.1,-81.7,0.));
#2245 = CIRCLE('',#2246,1.5);
#2246 = AXIS2_PLACEMENT_3D('',#2247,#2248,#2249);
#2247 = CARTESIAN_POINT('',(5.1,-80.2,0.));
#2248 = DIRECTION('',(-0.,0.,-1.));
#2249 = DIRECTION('',(-0.,-1.,0.));
#2250 = ORIENTED_EDGE('',*,*,#2251,.F.);
#2251 = EDGE_CURVE('',#2225,#2243,#2252,.T.);
#2252 = CIRCLE('',#2253,1.5);
#2253 = AXIS2_PLACEMENT_3D('',#2254,#2255,#2256);
#2254 = CARTESIAN_POINT('',(5.1,-80.2,0.));
#2255 = DIRECTION('',(-0.,0.,-1.));
#2256 = DIRECTION('',(-0.,-1.,0.));
#2257 = FACE_BOUND('',#2258,.T.);
#2258 = EDGE_LOOP('',(#2259));
#2259 = ORIENTED_EDGE('',*,*,#2260,.F.);
#2260 = EDGE_CURVE('',#2261,#2261,#2263,.T.);
#2261 = VERTEX_POINT('',#2262);
#2262 = CARTESIAN_POINT('',(66.5,-79.04097,0.));
#2263 = CIRCLE('',#2264,2.55);
#2264 = AXIS2_PLACEMENT_3D('',#2265,#2266,#2267);
#2265 = CARTESIAN_POINT('',(66.5,-76.49097,0.));
#2266 = DIRECTION('',(-0.,0.,-1.));
#2267 = DIRECTION('',(-0.,-1.,0.));
#2268 = FACE_BOUND('',#2269,.T.);
#2269 = EDGE_LOOP('',(#2270));
#2270 = ORIENTED_EDGE('',*,*,#2271,.F.);
#2271 = EDGE_CURVE('',#2272,#2272,#2274,.T.);
#2272 = VERTEX_POINT('',#2273);
#2273 = CARTESIAN_POINT('',(66.5,-69.1,0.));
#2274 = CIRCLE('',#2275,2.1);
#2275 = AXIS2_PLACEMENT_3D('',#2276,#2277,#2278);
#2276 = CARTESIAN_POINT('',(66.5,-67.,0.));
#2277 = DIRECTION('',(-0.,0.,-1.));
#2278 = DIRECTION('',(-0.,-1.,0.));
#2279 = FACE_BOUND('',#2280,.T.);
#2280 = EDGE_LOOP('',(#2281,#2292,#2301,#2310));
#2281 = ORIENTED_EDGE('',*,*,#2282,.F.);
#2282 = EDGE_CURVE('',#2283,#2285,#2287,.T.);
#2283 = VERTEX_POINT('',#2284);
#2284 = CARTESIAN_POINT('',(51.9,-68.7,0.));
#2285 = VERTEX_POINT('',#2286);
#2286 = CARTESIAN_POINT('',(51.543708123276,-68.65707106847,0.));
#2287 = CIRCLE('',#2288,1.5);
#2288 = AXIS2_PLACEMENT_3D('',#2289,#2290,#2291);
#2289 = CARTESIAN_POINT('',(51.9,-67.2,0.));
#2290 = DIRECTION('',(-0.,0.,-1.));
#2291 = DIRECTION('',(-0.,-1.,0.));
#2292 = ORIENTED_EDGE('',*,*,#2293,.F.);
#2293 = EDGE_CURVE('',#2294,#2283,#2296,.T.);
#2294 = VERTEX_POINT('',#2295);
#2295 = CARTESIAN_POINT('',(50.456291876724,-66.79292893152,0.));
#2296 = CIRCLE('',#2297,1.5);
#2297 = AXIS2_PLACEMENT_3D('',#2298,#2299,#2300);
#2298 = CARTESIAN_POINT('',(51.9,-67.2,0.));
#2299 = DIRECTION('',(-0.,0.,-1.));
#2300 = DIRECTION('',(-0.,-1.,0.));
#2301 = ORIENTED_EDGE('',*,*,#2302,.F.);
#2302 = EDGE_CURVE('',#2303,#2294,#2305,.T.);
#2303 = VERTEX_POINT('',#2304);
#2304 = CARTESIAN_POINT('',(50.1,-69.75,0.));
#2305 = CIRCLE('',#2306,1.5);
#2306 = AXIS2_PLACEMENT_3D('',#2307,#2308,#2309);
#2307 = CARTESIAN_POINT('',(50.1,-68.25,0.));
#2308 = DIRECTION('',(-0.,0.,-1.));
#2309 = DIRECTION('',(-0.,-1.,0.));
#2310 = ORIENTED_EDGE('',*,*,#2311,.F.);
#2311 = EDGE_CURVE('',#2285,#2303,#2312,.T.);
#2312 = CIRCLE('',#2313,1.5);
#2313 = AXIS2_PLACEMENT_3D('',#2314,#2315,#2316);
#2314 = CARTESIAN_POINT('',(50.1,-68.25,0.));
#2315 = DIRECTION('',(-0.,0.,-1.));
#2316 = DIRECTION('',(-0.,-1.,0.));
#2317 = FACE_BOUND('',#2318,.T.);
#2318 = EDGE_LOOP('',(#2319,#2330,#2339,#2348));
#2319 = ORIENTED_EDGE('',*,*,#2320,.F.);
#2320 = EDGE_CURVE('',#2321,#2323,#2325,.T.);
#2321 = VERTEX_POINT('',#2322);
#2322 = CARTESIAN_POINT('',(44.9,-69.75,0.));
#2323 = VERTEX_POINT('',#2324);
#2324 = CARTESIAN_POINT('',(43.456291876724,-68.65707106847,0.));
#2325 = CIRCLE('',#2326,1.5);
#2326 = AXIS2_PLACEMENT_3D('',#2327,#2328,#2329);
#2327 = CARTESIAN_POINT('',(44.9,-68.25,0.));
#2328 = DIRECTION('',(-0.,0.,-1.));
#2329 = DIRECTION('',(-0.,-1.,0.));
#2330 = ORIENTED_EDGE('',*,*,#2331,.F.);
#2331 = EDGE_CURVE('',#2332,#2321,#2334,.T.);
#2332 = VERTEX_POINT('',#2333);
#2333 = CARTESIAN_POINT('',(44.543708123276,-66.79292893152,0.));
#2334 = CIRCLE('',#2335,1.5);
#2335 = AXIS2_PLACEMENT_3D('',#2336,#2337,#2338);
#2336 = CARTESIAN_POINT('',(44.9,-68.25,0.));
#2337 = DIRECTION('',(-0.,0.,-1.));
#2338 = DIRECTION('',(-0.,-1.,0.));
#2339 = ORIENTED_EDGE('',*,*,#2340,.F.);
#2340 = EDGE_CURVE('',#2341,#2332,#2343,.T.);
#2341 = VERTEX_POINT('',#2342);
#2342 = CARTESIAN_POINT('',(43.1,-68.7,0.));
#2343 = CIRCLE('',#2344,1.5);
#2344 = AXIS2_PLACEMENT_3D('',#2345,#2346,#2347);
#2345 = CARTESIAN_POINT('',(43.1,-67.2,0.));
#2346 = DIRECTION('',(-0.,0.,-1.));
#2347 = DIRECTION('',(-0.,-1.,0.));
#2348 = ORIENTED_EDGE('',*,*,#2349,.F.);
#2349 = EDGE_CURVE('',#2323,#2341,#2350,.T.);
#2350 = CIRCLE('',#2351,1.5);
#2351 = AXIS2_PLACEMENT_3D('',#2352,#2353,#2354);
#2352 = CARTESIAN_POINT('',(43.1,-67.2,0.));
#2353 = DIRECTION('',(-0.,0.,-1.));
#2354 = DIRECTION('',(-0.,-1.,0.));
#2355 = FACE_BOUND('',#2356,.T.);
#2356 = EDGE_LOOP('',(#2357,#2368,#2377,#2386));
#2357 = ORIENTED_EDGE('',*,*,#2358,.F.);
#2358 = EDGE_CURVE('',#2359,#2361,#2363,.T.);
#2359 = VERTEX_POINT('',#2360);
#2360 = CARTESIAN_POINT('',(62.1,-63.69097,0.));
#2361 = VERTEX_POINT('',#2362);
#2362 = CARTESIAN_POINT('',(63.543708123276,-61.78389893152,0.));
#2363 = CIRCLE('',#2364,1.5);
#2364 = AXIS2_PLACEMENT_3D('',#2365,#2366,#2367);
#2365 = CARTESIAN_POINT('',(62.1,-62.19097,0.));
#2366 = DIRECTION('',(-0.,0.,-1.));
#2367 = DIRECTION('',(-0.,-1.,0.));
#2368 = ORIENTED_EDGE('',*,*,#2369,.F.);
#2369 = EDGE_CURVE('',#2370,#2359,#2372,.T.);
#2370 = VERTEX_POINT('',#2371);
#2371 = CARTESIAN_POINT('',(62.456291876724,-63.64804106847,0.));
#2372 = CIRCLE('',#2373,1.5);
#2373 = AXIS2_PLACEMENT_3D('',#2374,#2375,#2376);
#2374 = CARTESIAN_POINT('',(62.1,-62.19097,0.));
#2375 = DIRECTION('',(-0.,0.,-1.));
#2376 = DIRECTION('',(-0.,-1.,0.));
#2377 = ORIENTED_EDGE('',*,*,#2378,.F.);
#2378 = EDGE_CURVE('',#2379,#2370,#2381,.T.);
#2379 = VERTEX_POINT('',#2380);
#2380 = CARTESIAN_POINT('',(63.9,-64.74097,0.));
#2381 = CIRCLE('',#2382,1.5);
#2382 = AXIS2_PLACEMENT_3D('',#2383,#2384,#2385);
#2383 = CARTESIAN_POINT('',(63.9,-63.24097,0.));
#2384 = DIRECTION('',(-0.,0.,-1.));
#2385 = DIRECTION('',(-4.736951571734E-15,-1.,0.));
#2386 = ORIENTED_EDGE('',*,*,#2387,.F.);
#2387 = EDGE_CURVE('',#2361,#2379,#2388,.T.);
#2388 = CIRCLE('',#2389,1.5);
#2389 = AXIS2_PLACEMENT_3D('',#2390,#2391,#2392);
#2390 = CARTESIAN_POINT('',(63.9,-63.24097,0.));
#2391 = DIRECTION('',(-0.,0.,-1.));
#2392 = DIRECTION('',(-4.736951571734E-15,-1.,0.));
#2393 = FACE_BOUND('',#2394,.T.);
#2394 = EDGE_LOOP('',(#2395));
#2395 = ORIENTED_EDGE('',*,*,#2396,.F.);
#2396 = EDGE_CURVE('',#2397,#2397,#2399,.T.);
#2397 = VERTEX_POINT('',#2398);
#2398 = CARTESIAN_POINT('',(66.5,-60.04097,0.));
#2399 = CIRCLE('',#2400,2.55);
#2400 = AXIS2_PLACEMENT_3D('',#2401,#2402,#2403);
#2401 = CARTESIAN_POINT('',(66.5,-57.49097,0.));
#2402 = DIRECTION('',(-0.,0.,-1.));
#2403 = DIRECTION('',(-0.,-1.,0.));
#2404 = FACE_BOUND('',#2405,.T.);
#2405 = EDGE_LOOP('',(#2406));
#2406 = ORIENTED_EDGE('',*,*,#2407,.F.);
#2407 = EDGE_CURVE('',#2408,#2408,#2410,.T.);
#2408 = VERTEX_POINT('',#2409);
#2409 = CARTESIAN_POINT('',(47.5,-65.05,0.));
#2410 = CIRCLE('',#2411,2.55);
#2411 = AXIS2_PLACEMENT_3D('',#2412,#2413,#2414);
#2412 = CARTESIAN_POINT('',(47.5,-62.5,0.));
#2413 = DIRECTION('',(-0.,0.,-1.));
#2414 = DIRECTION('',(-0.,-1.,0.));
#2415 = FACE_BOUND('',#2416,.T.);
#2416 = EDGE_LOOP('',(#2417));
#2417 = ORIENTED_EDGE('',*,*,#2418,.F.);
#2418 = EDGE_CURVE('',#2419,#2419,#2421,.T.);
#2419 = VERTEX_POINT('',#2420);
#2420 = CARTESIAN_POINT('',(28.5,-78.05,0.));
#2421 = CIRCLE('',#2422,2.55);
#2422 = AXIS2_PLACEMENT_3D('',#2423,#2424,#2425);
#2423 = CARTESIAN_POINT('',(28.5,-75.5,0.));
#2424 = DIRECTION('',(-0.,0.,-1.));
#2425 = DIRECTION('',(-0.,-1.,0.));
#2426 = FACE_BOUND('',#2427,.T.);
#2427 = EDGE_LOOP('',(#2428));
#2428 = ORIENTED_EDGE('',*,*,#2429,.F.);
#2429 = EDGE_CURVE('',#2430,#2430,#2432,.T.);
#2430 = VERTEX_POINT('',#2431);
#2431 = CARTESIAN_POINT('',(19.,-74.1,0.));
#2432 = CIRCLE('',#2433,2.1);
#2433 = AXIS2_PLACEMENT_3D('',#2434,#2435,#2436);
#2434 = CARTESIAN_POINT('',(19.,-72.,0.));
#2435 = DIRECTION('',(-0.,0.,-1.));
#2436 = DIRECTION('',(-0.,-1.,0.));
#2437 = FACE_BOUND('',#2438,.T.);
#2438 = EDGE_LOOP('',(#2439));
#2439 = ORIENTED_EDGE('',*,*,#2440,.F.);
#2440 = EDGE_CURVE('',#2441,#2441,#2443,.T.);
#2441 = VERTEX_POINT('',#2442);
#2442 = CARTESIAN_POINT('',(9.5,-78.05,0.));
#2443 = CIRCLE('',#2444,2.55);
#2444 = AXIS2_PLACEMENT_3D('',#2445,#2446,#2447);
#2445 = CARTESIAN_POINT('',(9.5,-75.5,0.));
#2446 = DIRECTION('',(-0.,0.,-1.));
#2447 = DIRECTION('',(-0.,-1.,0.));
#2448 = PLANE('',#2449);
#2449 = AXIS2_PLACEMENT_3D('',#2450,#2451,#2452);
#2450 = CARTESIAN_POINT('',(74.215486812542,-93.30203378999,0.));
#2451 = DIRECTION('',(-0.,-0.,-1.));
#2452 = DIRECTION('',(-1.,0.,0.));
#2453 = ADVANCED_FACE('',(#2454,#2729,#2767,#2778,#2807,#2845,#2874,
    #2885,#2923,#2961,#2972,#3042,#3080,#3091,#3102,#3140,#3178,#3216,
    #3227,#3265,#3276,#3314,#3352,#3390,#3401,#3439,#3477,#3488,#3526,
    #3564,#3575,#3586,#3624,#3662,#3700,#3738,#3776,#3787,#3798,#3809,
    #3847,#3885,#3923,#3934,#3972,#3983,#4021,#4032,#4043,#4054,#4065,
    #4076,#4087,#4098,#4136,#4174,#4212,#4223,#4261,#4272,#4310,#4348,
    #4386,#4397,#4408,#4419,#4457,#4495,#4533,#4571,#4582,#4593,#4631,
    #4669,#4707,#4718,#4729,#4740,#4751),#4762,.F.);
#2454 = FACE_BOUND('',#2455,.F.);
#2455 = EDGE_LOOP('',(#2456,#2457,#2458,#2467,#2475,#2484,#2492,#2501,
    #2509,#2518,#2526,#2535,#2543,#2552,#2560,#2569,#2577,#2586,#2594,
    #2603,#2611,#2620,#2628,#2636,#2645,#2653,#2662,#2670,#2679,#2687,
    #2696,#2704,#2713,#2721,#2728));
#2456 = ORIENTED_EDGE('',*,*,#49,.T.);
#2457 = ORIENTED_EDGE('',*,*,#113,.T.);
#2458 = ORIENTED_EDGE('',*,*,#2459,.T.);
#2459 = EDGE_CURVE('',#114,#2460,#2462,.T.);
#2460 = VERTEX_POINT('',#2461);
#2461 = CARTESIAN_POINT('',(76.2,-53.49097,1.6));
#2462 = CIRCLE('',#2463,0.999999252925);
#2463 = AXIS2_PLACEMENT_3D('',#2464,#2465,#2466);
#2464 = CARTESIAN_POINT('',(76.199999252925,-52.49097074707,1.6));
#2465 = DIRECTION('',(0.,0.,1.));
#2466 = DIRECTION('',(-1.,7.470757491648E-07,0.));
#2467 = ORIENTED_EDGE('',*,*,#2468,.T.);
#2468 = EDGE_CURVE('',#2460,#2469,#2471,.T.);
#2469 = VERTEX_POINT('',#2470);
#2470 = CARTESIAN_POINT('',(93.2,-53.49097,1.6));
#2471 = LINE('',#2472,#2473);
#2472 = CARTESIAN_POINT('',(76.2,-53.49097,1.6));
#2473 = VECTOR('',#2474,1.);
#2474 = DIRECTION('',(1.,0.,0.));
#2475 = ORIENTED_EDGE('',*,*,#2476,.T.);
#2476 = EDGE_CURVE('',#2469,#2477,#2479,.T.);
#2477 = VERTEX_POINT('',#2478);
#2478 = CARTESIAN_POINT('',(94.2,-54.49097,1.6));
#2479 = CIRCLE('',#2480,0.999999252925);
#2480 = AXIS2_PLACEMENT_3D('',#2481,#2482,#2483);
#2481 = CARTESIAN_POINT('',(93.200000747075,-54.49096925292,1.6));
#2482 = DIRECTION('',(0.,0.,-1.));
#2483 = DIRECTION('',(-7.47075720743E-07,1.,0.));
#2484 = ORIENTED_EDGE('',*,*,#2485,.T.);
#2485 = EDGE_CURVE('',#2477,#2486,#2488,.T.);
#2486 = VERTEX_POINT('',#2487);
#2487 = CARTESIAN_POINT('',(94.2,-54.69097,1.6));
#2488 = LINE('',#2489,#2490);
#2489 = CARTESIAN_POINT('',(94.2,-54.49097,1.6));
#2490 = VECTOR('',#2491,1.);
#2491 = DIRECTION('',(0.,-1.,0.));
#2492 = ORIENTED_EDGE('',*,*,#2493,.T.);
#2493 = EDGE_CURVE('',#2486,#2494,#2496,.T.);
#2494 = VERTEX_POINT('',#2495);
#2495 = CARTESIAN_POINT('',(94.8,-55.29097,1.6));
#2496 = CIRCLE('',#2497,0.600000234597);
#2497 = AXIS2_PLACEMENT_3D('',#2498,#2499,#2500);
#2498 = CARTESIAN_POINT('',(94.800000234597,-54.6909697654,1.6));
#2499 = DIRECTION('',(0.,0.,1.));
#2500 = DIRECTION('',(-1.,-3.909953616065E-07,0.));
#2501 = ORIENTED_EDGE('',*,*,#2502,.T.);
#2502 = EDGE_CURVE('',#2494,#2503,#2505,.T.);
#2503 = VERTEX_POINT('',#2504);
#2504 = CARTESIAN_POINT('',(138.,-55.29097,1.6));
#2505 = LINE('',#2506,#2507);
#2506 = CARTESIAN_POINT('',(94.8,-55.29097,1.6));
#2507 = VECTOR('',#2508,1.);
#2508 = DIRECTION('',(1.,0.,0.));
#2509 = ORIENTED_EDGE('',*,*,#2510,.T.);
#2510 = EDGE_CURVE('',#2503,#2511,#2513,.T.);
#2511 = VERTEX_POINT('',#2512);
#2512 = CARTESIAN_POINT('',(139.,-56.29097,1.6));
#2513 = CIRCLE('',#2514,0.999999252925);
#2514 = AXIS2_PLACEMENT_3D('',#2515,#2516,#2517);
#2515 = CARTESIAN_POINT('',(138.00000074707,-56.29096925292,1.6));
#2516 = DIRECTION('',(0.,0.,-1.));
#2517 = DIRECTION('',(-7.470757633756E-07,1.,0.));
#2518 = ORIENTED_EDGE('',*,*,#2519,.T.);
#2519 = EDGE_CURVE('',#2511,#2520,#2522,.T.);
#2520 = VERTEX_POINT('',#2521);
#2521 = CARTESIAN_POINT('',(139.,-134.746655,1.6));
#2522 = LINE('',#2523,#2524);
#2523 = CARTESIAN_POINT('',(139.,-56.29097,1.6));
#2524 = VECTOR('',#2525,1.);
#2525 = DIRECTION('',(0.,-1.,0.));
#2526 = ORIENTED_EDGE('',*,*,#2527,.T.);
#2527 = EDGE_CURVE('',#2520,#2528,#2530,.T.);
#2528 = VERTEX_POINT('',#2529);
#2529 = CARTESIAN_POINT('',(138.788024,-135.362299,1.6));
#2530 = CIRCLE('',#2531,0.999745421632);
#2531 = AXIS2_PLACEMENT_3D('',#2532,#2533,#2534);
#2532 = CARTESIAN_POINT('',(138.00025458216,-134.7467421363,1.6));
#2533 = DIRECTION('',(0.,0.,-1.));
#2534 = DIRECTION('',(0.999999996202,8.71585290166E-05,0.));
#2535 = ORIENTED_EDGE('',*,*,#2536,.T.);
#2536 = EDGE_CURVE('',#2528,#2537,#2539,.T.);
#2537 = VERTEX_POINT('',#2538);
#2538 = CARTESIAN_POINT('',(129.619619,-147.097858,1.6));
#2539 = LINE('',#2540,#2541);
#2540 = CARTESIAN_POINT('',(138.788024,-135.362299,1.6));
#2541 = VECTOR('',#2542,1.);
#2542 = DIRECTION('',(-0.615644022426,-0.788024388995,0.));
#2543 = ORIENTED_EDGE('',*,*,#2544,.T.);
#2544 = EDGE_CURVE('',#2537,#2545,#2547,.T.);
#2545 = VERTEX_POINT('',#2546);
#2546 = CARTESIAN_POINT('',(128.210892,-147.26626,1.6));
#2547 = CIRCLE('',#2548,1.000022043586);
#2548 = AXIS2_PLACEMENT_3D('',#2549,#2550,#2551);
#2549 = CARTESIAN_POINT('',(128.83159093061,-146.4821828831,1.6));
#2550 = DIRECTION('',(-0.,0.,-1.));
#2551 = DIRECTION('',(0.7880106988,-0.615661545475,-0.));
#2552 = ORIENTED_EDGE('',*,*,#2553,.T.);
#2553 = EDGE_CURVE('',#2545,#2554,#2556,.T.);
#2554 = VERTEX_POINT('',#2555);
#2555 = CARTESIAN_POINT('',(114.731367,-136.594969,1.6));
#2556 = LINE('',#2557,#2558);
#2557 = CARTESIAN_POINT('',(128.210892,-147.26626,1.6));
#2558 = VECTOR('',#2559,1.);
#2559 = DIRECTION('',(-0.784045813847,0.620702957774,0.));
#2560 = ORIENTED_EDGE('',*,*,#2561,.T.);
#2561 = EDGE_CURVE('',#2554,#2562,#2564,.T.);
#2562 = VERTEX_POINT('',#2563);
#2563 = CARTESIAN_POINT('',(114.441909,-136.43547,1.6));
#2564 = CIRCLE('',#2565,1.000008616568);
#2565 = AXIS2_PLACEMENT_3D('',#2566,#2567,#2568);
#2566 = CARTESIAN_POINT('',(114.11065978038,-137.3790224297,1.6));
#2567 = DIRECTION('',(0.,0.,1.));
#2568 = DIRECTION('',(0.620701871299,0.784046673972,-0.));
#2569 = ORIENTED_EDGE('',*,*,#2570,.T.);
#2570 = EDGE_CURVE('',#2562,#2571,#2573,.T.);
#2571 = VERTEX_POINT('',#2572);
#2572 = CARTESIAN_POINT('',(95.960811,-129.947425,1.6));
#2573 = LINE('',#2574,#2575);
#2574 = CARTESIAN_POINT('',(114.441909,-136.43547,1.6));
#2575 = VECTOR('',#2576,1.);
#2576 = DIRECTION('',(-0.943544953549,0.331244502797,0.));
#2577 = ORIENTED_EDGE('',*,*,#2578,.T.);
#2578 = EDGE_CURVE('',#2571,#2579,#2581,.T.);
#2579 = VERTEX_POINT('',#2580);
#2580 = CARTESIAN_POINT('',(95.629567,-129.89097,1.6));
#2581 = CIRCLE('',#2582,1.000015575656);
#2582 = AXIS2_PLACEMENT_3D('',#2583,#2584,#2585);
#2583 = CARTESIAN_POINT('',(95.62956397491,-130.8909855756,1.6));
#2584 = DIRECTION('',(0.,0.,1.));
#2585 = DIRECTION('',(0.331241865781,0.943545879305,-0.));
#2586 = ORIENTED_EDGE('',*,*,#2587,.T.);
#2587 = EDGE_CURVE('',#2579,#2588,#2590,.T.);
#2588 = VERTEX_POINT('',#2589);
#2589 = CARTESIAN_POINT('',(77.4,-129.89097,1.6));
#2590 = LINE('',#2591,#2592);
#2591 = CARTESIAN_POINT('',(95.629567,-129.89097,1.6));
#2592 = VECTOR('',#2593,1.);
#2593 = DIRECTION('',(-1.,0.,0.));
#2594 = ORIENTED_EDGE('',*,*,#2595,.T.);
#2595 = EDGE_CURVE('',#2588,#2596,#2598,.T.);
#2596 = VERTEX_POINT('',#2597);
#2597 = CARTESIAN_POINT('',(76.4,-128.89097,1.6));
#2598 = CIRCLE('',#2599,0.999999252925);
#2599 = AXIS2_PLACEMENT_3D('',#2600,#2601,#2602);
#2600 = CARTESIAN_POINT('',(77.399999252925,-128.890970747,1.6));
#2601 = DIRECTION('',(0.,0.,-1.));
#2602 = DIRECTION('',(7.47075720743E-07,-1.,0.));
#2603 = ORIENTED_EDGE('',*,*,#2604,.T.);
#2604 = EDGE_CURVE('',#2596,#2605,#2607,.T.);
#2605 = VERTEX_POINT('',#2606);
#2606 = CARTESIAN_POINT('',(76.4,-123.29097,1.6));
#2607 = LINE('',#2608,#2609);
#2608 = CARTESIAN_POINT('',(76.4,-128.89097,1.6));
#2609 = VECTOR('',#2610,1.);
#2610 = DIRECTION('',(0.,1.,0.));
#2611 = ORIENTED_EDGE('',*,*,#2612,.T.);
#2612 = EDGE_CURVE('',#2605,#2613,#2615,.T.);
#2613 = VERTEX_POINT('',#2614);
#2614 = CARTESIAN_POINT('',(75.4,-122.29097,1.6));
#2615 = CIRCLE('',#2616,0.999999252925);
#2616 = AXIS2_PLACEMENT_3D('',#2617,#2618,#2619);
#2617 = CARTESIAN_POINT('',(75.400000747075,-123.2909692529,1.6));
#2618 = DIRECTION('',(0.,0.,1.));
#2619 = DIRECTION('',(1.,-7.470757491648E-07,0.));
#2620 = ORIENTED_EDGE('',*,*,#2621,.T.);
#2621 = EDGE_CURVE('',#2613,#2622,#2624,.T.);
#2622 = VERTEX_POINT('',#2623);
#2623 = CARTESIAN_POINT('',(37.4,-122.29097,1.6));
#2624 = LINE('',#2625,#2626);
#2625 = CARTESIAN_POINT('',(75.4,-122.29097,1.6));
#2626 = VECTOR('',#2627,1.);
#2627 = DIRECTION('',(-1.,0.,0.));
#2628 = ORIENTED_EDGE('',*,*,#2629,.T.);
#2629 = EDGE_CURVE('',#2622,#2630,#2632,.T.);
#2630 = VERTEX_POINT('',#2631);
#2631 = CARTESIAN_POINT('',(1.6,-122.29097,1.6));
#2632 = LINE('',#2633,#2634);
#2633 = CARTESIAN_POINT('',(37.4,-122.29097,1.6));
#2634 = VECTOR('',#2635,1.);
#2635 = DIRECTION('',(-1.,0.,0.));
#2636 = ORIENTED_EDGE('',*,*,#2637,.T.);
#2637 = EDGE_CURVE('',#2630,#2638,#2640,.T.);
#2638 = VERTEX_POINT('',#2639);
#2639 = CARTESIAN_POINT('',(0.6,-121.29097,1.6));
#2640 = CIRCLE('',#2641,0.999999252925);
#2641 = AXIS2_PLACEMENT_3D('',#2642,#2643,#2644);
#2642 = CARTESIAN_POINT('',(1.599999252925,-121.290970747,1.6));
#2643 = DIRECTION('',(0.,0.,-1.));
#2644 = DIRECTION('',(7.470757302909E-07,-1.,0.));
#2645 = ORIENTED_EDGE('',*,*,#2646,.T.);
#2646 = EDGE_CURVE('',#2638,#2647,#2649,.T.);
#2647 = VERTEX_POINT('',#2648);
#2648 = CARTESIAN_POINT('',(0.6,-67.69097,1.6));
#2649 = LINE('',#2650,#2651);
#2650 = CARTESIAN_POINT('',(0.6,-121.29097,1.6));
#2651 = VECTOR('',#2652,1.);
#2652 = DIRECTION('',(0.,1.,0.));
#2653 = ORIENTED_EDGE('',*,*,#2654,.T.);
#2654 = EDGE_CURVE('',#2647,#2655,#2657,.T.);
#2655 = VERTEX_POINT('',#2656);
#2656 = CARTESIAN_POINT('',(1.6,-66.69097,1.6));
#2657 = CIRCLE('',#2658,1.000052177833);
#2658 = AXIS2_PLACEMENT_3D('',#2659,#2660,#2661);
#2659 = CARTESIAN_POINT('',(1.600052176472,-67.69102217647,1.6));
#2660 = DIRECTION('',(0.,0.,-1.));
#2661 = DIRECTION('',(-0.999999998639,5.217374921418E-05,0.));
#2662 = ORIENTED_EDGE('',*,*,#2663,.T.);
#2663 = EDGE_CURVE('',#2655,#2664,#2666,.T.);
#2664 = VERTEX_POINT('',#2665);
#2665 = CARTESIAN_POINT('',(37.6,-66.69097,1.6));
#2666 = LINE('',#2667,#2668);
#2667 = CARTESIAN_POINT('',(1.6,-66.69097,1.6));
#2668 = VECTOR('',#2669,1.);
#2669 = DIRECTION('',(1.,0.,0.));
#2670 = ORIENTED_EDGE('',*,*,#2671,.T.);
#2671 = EDGE_CURVE('',#2664,#2672,#2674,.T.);
#2672 = VERTEX_POINT('',#2673);
#2673 = CARTESIAN_POINT('',(38.6,-65.69097,1.6));
#2674 = CIRCLE('',#2675,0.999949751089);
#2675 = AXIS2_PLACEMENT_3D('',#2676,#2677,#2678);
#2676 = CARTESIAN_POINT('',(37.600050250173,-65.69102025017,1.6));
#2677 = DIRECTION('',(0.,0.,1.));
#2678 = DIRECTION('',(-5.025269834627E-05,-0.999999998737,0.));
#2679 = ORIENTED_EDGE('',*,*,#2680,.T.);
#2680 = EDGE_CURVE('',#2672,#2681,#2683,.T.);
#2681 = VERTEX_POINT('',#2682);
#2682 = CARTESIAN_POINT('',(38.6,-54.69097,1.6));
#2683 = LINE('',#2684,#2685);
#2684 = CARTESIAN_POINT('',(38.6,-65.69097,1.6));
#2685 = VECTOR('',#2686,1.);
#2686 = DIRECTION('',(0.,1.,0.));
#2687 = ORIENTED_EDGE('',*,*,#2688,.T.);
#2688 = EDGE_CURVE('',#2681,#2689,#2691,.T.);
#2689 = VERTEX_POINT('',#2690);
#2690 = CARTESIAN_POINT('',(39.6,-53.69097,1.6));
#2691 = CIRCLE('',#2692,0.999999252925);
#2692 = AXIS2_PLACEMENT_3D('',#2693,#2694,#2695);
#2693 = CARTESIAN_POINT('',(39.599999252925,-54.69096925292,1.6));
#2694 = DIRECTION('',(0.,0.,-1.));
#2695 = DIRECTION('',(-1.,-7.470757420593E-07,-0.));
#2696 = ORIENTED_EDGE('',*,*,#2697,.T.);
#2697 = EDGE_CURVE('',#2689,#2698,#2700,.T.);
#2698 = VERTEX_POINT('',#2699);
#2699 = CARTESIAN_POINT('',(56.8,-53.69097,1.6));
#2700 = LINE('',#2701,#2702);
#2701 = CARTESIAN_POINT('',(39.6,-53.69097,1.6));
#2702 = VECTOR('',#2703,1.);
#2703 = DIRECTION('',(1.,0.,0.));
#2704 = ORIENTED_EDGE('',*,*,#2705,.T.);
#2705 = EDGE_CURVE('',#2698,#2706,#2708,.T.);
#2706 = VERTEX_POINT('',#2707);
#2707 = CARTESIAN_POINT('',(57.8,-52.69097,1.6));
#2708 = CIRCLE('',#2709,0.999999252925);
#2709 = AXIS2_PLACEMENT_3D('',#2710,#2711,#2712);
#2710 = CARTESIAN_POINT('',(56.800000747075,-52.69097074707,1.6));
#2711 = DIRECTION('',(0.,0.,1.));
#2712 = DIRECTION('',(-7.470757491648E-07,-1.,0.));
#2713 = ORIENTED_EDGE('',*,*,#2714,.T.);
#2714 = EDGE_CURVE('',#2706,#2715,#2717,.T.);
#2715 = VERTEX_POINT('',#2716);
#2716 = CARTESIAN_POINT('',(57.8,-49.49097,1.6));
#2717 = LINE('',#2718,#2719);
#2718 = CARTESIAN_POINT('',(57.8,-52.69097,1.6));
#2719 = VECTOR('',#2720,1.);
#2720 = DIRECTION('',(0.,1.,0.));
#2721 = ORIENTED_EDGE('',*,*,#2722,.T.);
#2722 = EDGE_CURVE('',#2715,#84,#2723,.T.);
#2723 = CIRCLE('',#2724,0.999999252925);
#2724 = AXIS2_PLACEMENT_3D('',#2725,#2726,#2727);
#2725 = CARTESIAN_POINT('',(58.799999252925,-49.49096925292,1.6));
#2726 = DIRECTION('',(0.,0.,-1.));
#2727 = DIRECTION('',(-1.,-7.470757420593E-07,-0.));
#2728 = ORIENTED_EDGE('',*,*,#91,.T.);
#2729 = FACE_BOUND('',#2730,.F.);
#2730 = EDGE_LOOP('',(#2731,#2742,#2751,#2760));
#2731 = ORIENTED_EDGE('',*,*,#2732,.F.);
#2732 = EDGE_CURVE('',#2733,#2735,#2737,.T.);
#2733 = VERTEX_POINT('',#2734);
#2734 = CARTESIAN_POINT('',(127.640776,-143.854521,1.6));
#2735 = VERTEX_POINT('',#2736);
#2736 = CARTESIAN_POINT('',(126.46295179347,-143.2833536752,1.6));
#2737 = CIRCLE('',#2738,1.5);
#2738 = AXIS2_PLACEMENT_3D('',#2739,#2740,#2741);
#2739 = CARTESIAN_POINT('',(127.640776,-142.354521,1.6));
#2740 = DIRECTION('',(-0.,0.,-1.));
#2741 = DIRECTION('',(9.473903143468E-15,-1.,-0.));
#2742 = ORIENTED_EDGE('',*,*,#2743,.F.);
#2743 = EDGE_CURVE('',#2744,#2733,#2746,.T.);
#2744 = VERTEX_POINT('',#2745);
#2745 = CARTESIAN_POINT('',(126.75373620652,-141.1449093247,1.6));
#2746 = CIRCLE('',#2747,1.5);
#2747 = AXIS2_PLACEMENT_3D('',#2748,#2749,#2750);
#2748 = CARTESIAN_POINT('',(127.640776,-142.354521,1.6));
#2749 = DIRECTION('',(-0.,0.,-1.));
#2750 = DIRECTION('',(9.473903143468E-15,-1.,-0.));
#2751 = ORIENTED_EDGE('',*,*,#2752,.F.);
#2752 = EDGE_CURVE('',#2753,#2744,#2755,.T.);
#2753 = VERTEX_POINT('',#2754);
#2754 = CARTESIAN_POINT('',(125.575912,-143.573742,1.6));
#2755 = CIRCLE('',#2756,1.5);
#2756 = AXIS2_PLACEMENT_3D('',#2757,#2758,#2759);
#2757 = CARTESIAN_POINT('',(125.575912,-142.073742,1.6));
#2758 = DIRECTION('',(-0.,0.,-1.));
#2759 = DIRECTION('',(-0.,-1.,0.));
#2760 = ORIENTED_EDGE('',*,*,#2761,.F.);
#2761 = EDGE_CURVE('',#2735,#2753,#2762,.T.);
#2762 = CIRCLE('',#2763,1.5);
#2763 = AXIS2_PLACEMENT_3D('',#2764,#2765,#2766);
#2764 = CARTESIAN_POINT('',(125.575912,-142.073742,1.6));
#2765 = DIRECTION('',(-0.,0.,-1.));
#2766 = DIRECTION('',(-0.,-1.,0.));
#2767 = FACE_BOUND('',#2768,.F.);
#2768 = EDGE_LOOP('',(#2769));
#2769 = ORIENTED_EDGE('',*,*,#2770,.F.);
#2770 = EDGE_CURVE('',#2771,#2771,#2773,.T.);
#2771 = VERTEX_POINT('',#2772);
#2772 = CARTESIAN_POINT('',(127.067138,-138.49196,1.6));
#2773 = CIRCLE('',#2774,2.55);
#2774 = AXIS2_PLACEMENT_3D('',#2775,#2776,#2777);
#2775 = CARTESIAN_POINT('',(127.067138,-135.94196,1.6));
#2776 = DIRECTION('',(-0.,0.,-1.));
#2777 = DIRECTION('',(-0.,-1.,0.));
#2778 = FACE_BOUND('',#2779,.F.);
#2779 = EDGE_LOOP('',(#2780,#2791,#2800));
#2780 = ORIENTED_EDGE('',*,*,#2781,.F.);
#2781 = EDGE_CURVE('',#2782,#2784,#2786,.T.);
#2782 = VERTEX_POINT('',#2783);
#2783 = CARTESIAN_POINT('',(121.478257,-140.372302,1.6));
#2784 = VERTEX_POINT('',#2785);
#2785 = CARTESIAN_POINT('',(120.08998148757,-138.3042429347,1.6));
#2786 = CIRCLE('',#2787,1.5);
#2787 = AXIS2_PLACEMENT_3D('',#2788,#2789,#2790);
#2788 = CARTESIAN_POINT('',(121.478257,-138.872302,1.6));
#2789 = DIRECTION('',(-0.,0.,-1.));
#2790 = DIRECTION('',(-0.,-1.,0.));
#2791 = ORIENTED_EDGE('',*,*,#2792,.F.);
#2792 = EDGE_CURVE('',#2793,#2782,#2795,.T.);
#2793 = VERTEX_POINT('',#2794);
#2794 = CARTESIAN_POINT('',(122.09455751242,-137.5047590652,1.6));
#2795 = CIRCLE('',#2796,1.5);
#2796 = AXIS2_PLACEMENT_3D('',#2797,#2798,#2799);
#2797 = CARTESIAN_POINT('',(121.478257,-138.872302,1.6));
#2798 = DIRECTION('',(-0.,0.,-1.));
#2799 = DIRECTION('',(-0.,-1.,0.));
#2800 = ORIENTED_EDGE('',*,*,#2801,.F.);
#2801 = EDGE_CURVE('',#2784,#2793,#2802,.T.);
#2802 = CIRCLE('',#2803,1.5);
#2803 = AXIS2_PLACEMENT_3D('',#2804,#2805,#2806);
#2804 = CARTESIAN_POINT('',(120.706282,-136.9367,1.6));
#2805 = DIRECTION('',(-0.,0.,-1.));
#2806 = DIRECTION('',(-0.,-1.,0.));
#2807 = FACE_BOUND('',#2808,.F.);
#2808 = EDGE_LOOP('',(#2809,#2820,#2829,#2838));
#2809 = ORIENTED_EDGE('',*,*,#2810,.F.);
#2810 = EDGE_CURVE('',#2811,#2813,#2815,.T.);
#2811 = VERTEX_POINT('',#2812);
#2812 = CARTESIAN_POINT('',(110.130111,-132.617407,1.6));
#2813 = VERTEX_POINT('',#2814);
#2814 = CARTESIAN_POINT('',(109.3188552472,-132.3790979699,1.6));
#2815 = CIRCLE('',#2816,1.5);
#2816 = AXIS2_PLACEMENT_3D('',#2817,#2818,#2819);
#2817 = CARTESIAN_POINT('',(110.130111,-131.117407,1.6));
#2818 = DIRECTION('',(-0.,0.,-1.));
#2819 = DIRECTION('',(-0.,-1.,0.));
#2820 = ORIENTED_EDGE('',*,*,#2821,.F.);
#2821 = EDGE_CURVE('',#2822,#2811,#2824,.T.);
#2822 = VERTEX_POINT('',#2823);
#2823 = CARTESIAN_POINT('',(108.89758775279,-130.26248803,1.6));
#2824 = CIRCLE('',#2825,1.5);
#2825 = AXIS2_PLACEMENT_3D('',#2826,#2827,#2828);
#2826 = CARTESIAN_POINT('',(110.130111,-131.117407,1.6));
#2827 = DIRECTION('',(-0.,0.,-1.));
#2828 = DIRECTION('',(-0.,-1.,0.));
#2829 = ORIENTED_EDGE('',*,*,#2830,.F.);
#2830 = EDGE_CURVE('',#2831,#2822,#2833,.T.);
#2831 = VERTEX_POINT('',#2832);
#2832 = CARTESIAN_POINT('',(108.086332,-133.024179,1.6));
#2833 = CIRCLE('',#2834,1.5);
#2834 = AXIS2_PLACEMENT_3D('',#2835,#2836,#2837);
#2835 = CARTESIAN_POINT('',(108.086332,-131.524179,1.6));
#2836 = DIRECTION('',(-0.,0.,-1.));
#2837 = DIRECTION('',(-0.,-1.,0.));
#2838 = ORIENTED_EDGE('',*,*,#2839,.F.);
#2839 = EDGE_CURVE('',#2813,#2831,#2840,.T.);
#2840 = CIRCLE('',#2841,1.5);
#2841 = AXIS2_PLACEMENT_3D('',#2842,#2843,#2844);
#2842 = CARTESIAN_POINT('',(108.086332,-131.524179,1.6));
#2843 = DIRECTION('',(-0.,0.,-1.));
#2844 = DIRECTION('',(-0.,-1.,0.));
#2845 = FACE_BOUND('',#2846,.F.);
#2846 = EDGE_LOOP('',(#2847,#2858,#2867));
#2847 = ORIENTED_EDGE('',*,*,#2848,.F.);
#2848 = EDGE_CURVE('',#2849,#2851,#2853,.T.);
#2849 = VERTEX_POINT('',#2850);
#2850 = CARTESIAN_POINT('',(103.169634,-131.331225,1.6));
#2851 = VERTEX_POINT('',#2852);
#2852 = CARTESIAN_POINT('',(101.67205176943,-129.7460929689,1.6));
#2853 = CIRCLE('',#2854,1.5);
#2854 = AXIS2_PLACEMENT_3D('',#2855,#2856,#2857);
#2855 = CARTESIAN_POINT('',(103.169634,-129.831225,1.6));
#2856 = DIRECTION('',(-0.,0.,-1.));
#2857 = DIRECTION('',(-0.,-1.,0.));
#2858 = ORIENTED_EDGE('',*,*,#2859,.F.);
#2859 = EDGE_CURVE('',#2860,#2849,#2862,.T.);
#2860 = VERTEX_POINT('',#2861);
#2861 = CARTESIAN_POINT('',(103.30713023056,-128.337540031,1.6));
#2862 = CIRCLE('',#2863,1.5);
#2863 = AXIS2_PLACEMENT_3D('',#2864,#2865,#2866);
#2864 = CARTESIAN_POINT('',(103.169634,-129.831225,1.6));
#2865 = DIRECTION('',(-0.,0.,-1.));
#2866 = DIRECTION('',(-0.,-1.,0.));
#2867 = ORIENTED_EDGE('',*,*,#2868,.F.);
#2868 = EDGE_CURVE('',#2851,#2860,#2869,.T.);
#2869 = CIRCLE('',#2870,1.5);
#2870 = AXIS2_PLACEMENT_3D('',#2871,#2872,#2873);
#2871 = CARTESIAN_POINT('',(101.809548,-128.252408,1.6));
#2872 = DIRECTION('',(-0.,0.,-1.));
#2873 = DIRECTION('',(-0.,-1.,0.));
#2874 = FACE_BOUND('',#2875,.F.);
#2875 = EDGE_LOOP('',(#2876));
#2876 = ORIENTED_EDGE('',*,*,#2877,.F.);
#2877 = EDGE_CURVE('',#2878,#2878,#2880,.T.);
#2878 = VERTEX_POINT('',#2879);
#2879 = CARTESIAN_POINT('',(107.5,-127.79097,1.6));
#2880 = CIRCLE('',#2881,2.55);
#2881 = AXIS2_PLACEMENT_3D('',#2882,#2883,#2884);
#2882 = CARTESIAN_POINT('',(107.5,-125.24097,1.6));
#2883 = DIRECTION('',(-0.,0.,-1.));
#2884 = DIRECTION('',(-0.,-1.,0.));
#2885 = FACE_BOUND('',#2886,.F.);
#2886 = EDGE_LOOP('',(#2887,#2898,#2907,#2916));
#2887 = ORIENTED_EDGE('',*,*,#2888,.F.);
#2888 = EDGE_CURVE('',#2889,#2891,#2893,.T.);
#2889 = VERTEX_POINT('',#2890);
#2890 = CARTESIAN_POINT('',(88.1,-128.74097,1.6));
#2891 = VERTEX_POINT('',#2892);
#2892 = CARTESIAN_POINT('',(88.456291876724,-125.7838989315,1.6));
#2893 = CIRCLE('',#2894,1.5);
#2894 = AXIS2_PLACEMENT_3D('',#2895,#2896,#2897);
#2895 = CARTESIAN_POINT('',(88.1,-127.24097,1.6));
#2896 = DIRECTION('',(-0.,0.,-1.));
#2897 = DIRECTION('',(-0.,-1.,0.));
#2898 = ORIENTED_EDGE('',*,*,#2899,.F.);
#2899 = EDGE_CURVE('',#2900,#2889,#2902,.T.);
#2900 = VERTEX_POINT('',#2901);
#2901 = CARTESIAN_POINT('',(89.543708123276,-127.6480410684,1.6));
#2902 = CIRCLE('',#2903,1.5);
#2903 = AXIS2_PLACEMENT_3D('',#2904,#2905,#2906);
#2904 = CARTESIAN_POINT('',(88.1,-127.24097,1.6));
#2905 = DIRECTION('',(-0.,0.,-1.));
#2906 = DIRECTION('',(-0.,-1.,0.));
#2907 = ORIENTED_EDGE('',*,*,#2908,.F.);
#2908 = EDGE_CURVE('',#2909,#2900,#2911,.T.);
#2909 = VERTEX_POINT('',#2910);
#2910 = CARTESIAN_POINT('',(89.9,-127.69097,1.6));
#2911 = CIRCLE('',#2912,1.5);
#2912 = AXIS2_PLACEMENT_3D('',#2913,#2914,#2915);
#2913 = CARTESIAN_POINT('',(89.9,-126.19097,1.6));
#2914 = DIRECTION('',(-0.,0.,-1.));
#2915 = DIRECTION('',(-0.,-1.,0.));
#2916 = ORIENTED_EDGE('',*,*,#2917,.F.);
#2917 = EDGE_CURVE('',#2891,#2909,#2918,.T.);
#2918 = CIRCLE('',#2919,1.5);
#2919 = AXIS2_PLACEMENT_3D('',#2920,#2921,#2922);
#2920 = CARTESIAN_POINT('',(89.9,-126.19097,1.6));
#2921 = DIRECTION('',(-0.,0.,-1.));
#2922 = DIRECTION('',(-0.,-1.,0.));
#2923 = FACE_BOUND('',#2924,.F.);
#2924 = EDGE_LOOP('',(#2925,#2936,#2945,#2954));
#2925 = ORIENTED_EDGE('',*,*,#2926,.F.);
#2926 = EDGE_CURVE('',#2927,#2929,#2931,.T.);
#2927 = VERTEX_POINT('',#2928);
#2928 = CARTESIAN_POINT('',(82.9,-128.74097,1.6));
#2929 = VERTEX_POINT('',#2930);
#2930 = CARTESIAN_POINT('',(81.456291876724,-127.6480410684,1.6));
#2931 = CIRCLE('',#2932,1.5);
#2932 = AXIS2_PLACEMENT_3D('',#2933,#2934,#2935);
#2933 = CARTESIAN_POINT('',(82.9,-127.24097,1.6));
#2934 = DIRECTION('',(-0.,0.,-1.));
#2935 = DIRECTION('',(-0.,-1.,0.));
#2936 = ORIENTED_EDGE('',*,*,#2937,.F.);
#2937 = EDGE_CURVE('',#2938,#2927,#2940,.T.);
#2938 = VERTEX_POINT('',#2939);
#2939 = CARTESIAN_POINT('',(82.543708123276,-125.7838989315,1.6));
#2940 = CIRCLE('',#2941,1.5);
#2941 = AXIS2_PLACEMENT_3D('',#2942,#2943,#2944);
#2942 = CARTESIAN_POINT('',(82.9,-127.24097,1.6));
#2943 = DIRECTION('',(-0.,0.,-1.));
#2944 = DIRECTION('',(-0.,-1.,0.));
#2945 = ORIENTED_EDGE('',*,*,#2946,.F.);
#2946 = EDGE_CURVE('',#2947,#2938,#2949,.T.);
#2947 = VERTEX_POINT('',#2948);
#2948 = CARTESIAN_POINT('',(81.1,-127.69097,1.6));
#2949 = CIRCLE('',#2950,1.5);
#2950 = AXIS2_PLACEMENT_3D('',#2951,#2952,#2953);
#2951 = CARTESIAN_POINT('',(81.1,-126.19097,1.6));
#2952 = DIRECTION('',(-0.,0.,-1.));
#2953 = DIRECTION('',(-0.,-1.,0.));
#2954 = ORIENTED_EDGE('',*,*,#2955,.F.);
#2955 = EDGE_CURVE('',#2929,#2947,#2956,.T.);
#2956 = CIRCLE('',#2957,1.5);
#2957 = AXIS2_PLACEMENT_3D('',#2958,#2959,#2960);
#2958 = CARTESIAN_POINT('',(81.1,-126.19097,1.6));
#2959 = DIRECTION('',(-0.,0.,-1.));
#2960 = DIRECTION('',(-0.,-1.,0.));
#2961 = FACE_BOUND('',#2962,.F.);
#2962 = EDGE_LOOP('',(#2963));
#2963 = ORIENTED_EDGE('',*,*,#2964,.F.);
#2964 = EDGE_CURVE('',#2965,#2965,#2967,.T.);
#2965 = VERTEX_POINT('',#2966);
#2966 = CARTESIAN_POINT('',(122.4,-123.19097,1.6));
#2967 = CIRCLE('',#2968,2.1);
#2968 = AXIS2_PLACEMENT_3D('',#2969,#2970,#2971);
#2969 = CARTESIAN_POINT('',(122.4,-121.09097,1.6));
#2970 = DIRECTION('',(-0.,0.,-1.));
#2971 = DIRECTION('',(-0.,-1.,0.));
#2972 = FACE_BOUND('',#2973,.F.);
#2973 = EDGE_LOOP('',(#2974,#2985,#2993,#3002,#3010,#3019,#3027,#3036));
#2974 = ORIENTED_EDGE('',*,*,#2975,.F.);
#2975 = EDGE_CURVE('',#2976,#2978,#2980,.T.);
#2976 = VERTEX_POINT('',#2977);
#2977 = CARTESIAN_POINT('',(134.,-83.615972,1.6));
#2978 = VERTEX_POINT('',#2979);
#2979 = CARTESIAN_POINT('',(135.,-84.615972,1.6));
#2980 = CIRCLE('',#2981,1.00000266715);
#2981 = AXIS2_PLACEMENT_3D('',#2982,#2983,#2984);
#2982 = CARTESIAN_POINT('',(133.99999733285,-84.61597466714,1.6));
#2983 = DIRECTION('',(0.,0.,-1.));
#2984 = DIRECTION('',(2.667139162621E-06,0.999999999996,0.));
#2985 = ORIENTED_EDGE('',*,*,#2986,.F.);
#2986 = EDGE_CURVE('',#2987,#2976,#2989,.T.);
#2987 = VERTEX_POINT('',#2988);
#2988 = CARTESIAN_POINT('',(117.,-83.61597,1.6));
#2989 = LINE('',#2990,#2991);
#2990 = CARTESIAN_POINT('',(117.,-83.61597,1.6));
#2991 = VECTOR('',#2992,1.);
#2992 = DIRECTION('',(1.,-1.176470585265E-07,0.));
#2993 = ORIENTED_EDGE('',*,*,#2994,.F.);
#2994 = EDGE_CURVE('',#2995,#2987,#2997,.T.);
#2995 = VERTEX_POINT('',#2996);
#2996 = CARTESIAN_POINT('',(116.,-84.61597,1.6));
#2997 = CIRCLE('',#2998,1.000000960032);
#2998 = AXIS2_PLACEMENT_3D('',#2999,#3000,#3001);
#2999 = CARTESIAN_POINT('',(117.00000096003,-84.61597096003,1.6));
#3000 = DIRECTION('',(0.,0.,-1.));
#3001 = DIRECTION('',(-1.,9.600305069164E-07,0.));
#3002 = ORIENTED_EDGE('',*,*,#3003,.F.);
#3003 = EDGE_CURVE('',#3004,#2995,#3006,.T.);
#3004 = VERTEX_POINT('',#3005);
#3005 = CARTESIAN_POINT('',(116.,-114.615968,1.6));
#3006 = LINE('',#3007,#3008);
#3007 = CARTESIAN_POINT('',(116.,-114.615968,1.6));
#3008 = VECTOR('',#3009,1.);
#3009 = DIRECTION('',(0.,1.,0.));
#3010 = ORIENTED_EDGE('',*,*,#3011,.F.);
#3011 = EDGE_CURVE('',#3012,#3004,#3014,.T.);
#3012 = VERTEX_POINT('',#3013);
#3013 = CARTESIAN_POINT('',(117.,-115.615968,1.6));
#3014 = CIRCLE('',#3015,1.00000266715);
#3015 = AXIS2_PLACEMENT_3D('',#3016,#3017,#3018);
#3016 = CARTESIAN_POINT('',(117.00000266714,-114.6159653328,1.6));
#3017 = DIRECTION('',(0.,0.,-1.));
#3018 = DIRECTION('',(-2.667139162621E-06,-0.999999999996,-0.));
#3019 = ORIENTED_EDGE('',*,*,#3020,.F.);
#3020 = EDGE_CURVE('',#3021,#3012,#3023,.T.);
#3021 = VERTEX_POINT('',#3022);
#3022 = CARTESIAN_POINT('',(133.999998,-115.61597,1.6));
#3023 = LINE('',#3024,#3025);
#3024 = CARTESIAN_POINT('',(133.999998,-115.61597,1.6));
#3025 = VECTOR('',#3026,1.);
#3026 = DIRECTION('',(-1.,1.176470732033E-07,0.));
#3027 = ORIENTED_EDGE('',*,*,#3028,.F.);
#3028 = EDGE_CURVE('',#3029,#3021,#3031,.T.);
#3029 = VERTEX_POINT('',#3030);
#3030 = CARTESIAN_POINT('',(134.999998,-114.61597,1.6));
#3031 = CIRCLE('',#3032,1.00000266715);
#3032 = AXIS2_PLACEMENT_3D('',#3033,#3034,#3035);
#3033 = CARTESIAN_POINT('',(133.99999533285,-114.6159673328,1.6));
#3034 = DIRECTION('',(0.,0.,-1.));
#3035 = DIRECTION('',(0.999999999996,-2.667139205253E-06,0.));
#3036 = ORIENTED_EDGE('',*,*,#3037,.F.);
#3037 = EDGE_CURVE('',#2978,#3029,#3038,.T.);
#3038 = LINE('',#3039,#3040);
#3039 = CARTESIAN_POINT('',(135.,-84.615972,1.6));
#3040 = VECTOR('',#3041,1.);
#3041 = DIRECTION('',(-6.666667094279E-08,-1.,0.));
#3042 = FACE_BOUND('',#3043,.F.);
#3043 = EDGE_LOOP('',(#3044,#3055,#3064,#3073));
#3044 = ORIENTED_EDGE('',*,*,#3045,.F.);
#3045 = EDGE_CURVE('',#3046,#3048,#3050,.T.);
#3046 = VERTEX_POINT('',#3047);
#3047 = CARTESIAN_POINT('',(108.9,-108.7,1.6));
#3048 = VERTEX_POINT('',#3049);
#3049 = CARTESIAN_POINT('',(108.54370812327,-108.6570710684,1.6));
#3050 = CIRCLE('',#3051,1.5);
#3051 = AXIS2_PLACEMENT_3D('',#3052,#3053,#3054);
#3052 = CARTESIAN_POINT('',(108.9,-107.2,1.6));
#3053 = DIRECTION('',(-0.,0.,-1.));
#3054 = DIRECTION('',(-0.,-1.,0.));
#3055 = ORIENTED_EDGE('',*,*,#3056,.F.);
#3056 = EDGE_CURVE('',#3057,#3046,#3059,.T.);
#3057 = VERTEX_POINT('',#3058);
#3058 = CARTESIAN_POINT('',(107.45629187672,-106.7929289315,1.6));
#3059 = CIRCLE('',#3060,1.5);
#3060 = AXIS2_PLACEMENT_3D('',#3061,#3062,#3063);
#3061 = CARTESIAN_POINT('',(108.9,-107.2,1.6));
#3062 = DIRECTION('',(-0.,0.,-1.));
#3063 = DIRECTION('',(-0.,-1.,0.));
#3064 = ORIENTED_EDGE('',*,*,#3065,.F.);
#3065 = EDGE_CURVE('',#3066,#3057,#3068,.T.);
#3066 = VERTEX_POINT('',#3067);
#3067 = CARTESIAN_POINT('',(107.1,-109.75,1.6));
#3068 = CIRCLE('',#3069,1.5);
#3069 = AXIS2_PLACEMENT_3D('',#3070,#3071,#3072);
#3070 = CARTESIAN_POINT('',(107.1,-108.25,1.6));
#3071 = DIRECTION('',(-0.,0.,-1.));
#3072 = DIRECTION('',(-0.,-1.,0.));
#3073 = ORIENTED_EDGE('',*,*,#3074,.F.);
#3074 = EDGE_CURVE('',#3048,#3066,#3075,.T.);
#3075 = CIRCLE('',#3076,1.5);
#3076 = AXIS2_PLACEMENT_3D('',#3077,#3078,#3079);
#3077 = CARTESIAN_POINT('',(107.1,-108.25,1.6));
#3078 = DIRECTION('',(-0.,0.,-1.));
#3079 = DIRECTION('',(-0.,-1.,0.));
#3080 = FACE_BOUND('',#3081,.F.);
#3081 = EDGE_LOOP('',(#3082));
#3082 = ORIENTED_EDGE('',*,*,#3083,.F.);
#3083 = EDGE_CURVE('',#3084,#3084,#3086,.T.);
#3084 = VERTEX_POINT('',#3085);
#3085 = CARTESIAN_POINT('',(104.5,-105.05,1.6));
#3086 = CIRCLE('',#3087,2.55);
#3087 = AXIS2_PLACEMENT_3D('',#3088,#3089,#3090);
#3088 = CARTESIAN_POINT('',(104.5,-102.5,1.6));
#3089 = DIRECTION('',(-0.,0.,-1.));
#3090 = DIRECTION('',(-0.,-1.,0.));
#3091 = FACE_BOUND('',#3092,.F.);
#3092 = EDGE_LOOP('',(#3093));
#3093 = ORIENTED_EDGE('',*,*,#3094,.F.);
#3094 = EDGE_CURVE('',#3095,#3095,#3097,.T.);
#3095 = VERTEX_POINT('',#3096);
#3096 = CARTESIAN_POINT('',(85.5,-124.04097,1.6));
#3097 = CIRCLE('',#3098,2.55);
#3098 = AXIS2_PLACEMENT_3D('',#3099,#3100,#3101);
#3099 = CARTESIAN_POINT('',(85.5,-121.49097,1.6));
#3100 = DIRECTION('',(-0.,0.,-1.));
#3101 = DIRECTION('',(-0.,-1.,0.));
#3102 = FACE_BOUND('',#3103,.F.);
#3103 = EDGE_LOOP('',(#3104,#3115,#3124,#3133));
#3104 = ORIENTED_EDGE('',*,*,#3105,.F.);
#3105 = EDGE_CURVE('',#3106,#3108,#3110,.T.);
#3106 = VERTEX_POINT('',#3107);
#3107 = CARTESIAN_POINT('',(101.9,-109.75,1.6));
#3108 = VERTEX_POINT('',#3109);
#3109 = CARTESIAN_POINT('',(100.45629187672,-108.6570710684,1.6));
#3110 = CIRCLE('',#3111,1.5);
#3111 = AXIS2_PLACEMENT_3D('',#3112,#3113,#3114);
#3112 = CARTESIAN_POINT('',(101.9,-108.25,1.6));
#3113 = DIRECTION('',(-0.,0.,-1.));
#3114 = DIRECTION('',(-0.,-1.,0.));
#3115 = ORIENTED_EDGE('',*,*,#3116,.F.);
#3116 = EDGE_CURVE('',#3117,#3106,#3119,.T.);
#3117 = VERTEX_POINT('',#3118);
#3118 = CARTESIAN_POINT('',(101.54370812327,-106.7929289315,1.6));
#3119 = CIRCLE('',#3120,1.5);
#3120 = AXIS2_PLACEMENT_3D('',#3121,#3122,#3123);
#3121 = CARTESIAN_POINT('',(101.9,-108.25,1.6));
#3122 = DIRECTION('',(-0.,0.,-1.));
#3123 = DIRECTION('',(-0.,-1.,0.));
#3124 = ORIENTED_EDGE('',*,*,#3125,.F.);
#3125 = EDGE_CURVE('',#3126,#3117,#3128,.T.);
#3126 = VERTEX_POINT('',#3127);
#3127 = CARTESIAN_POINT('',(100.1,-108.7,1.6));
#3128 = CIRCLE('',#3129,1.5);
#3129 = AXIS2_PLACEMENT_3D('',#3130,#3131,#3132);
#3130 = CARTESIAN_POINT('',(100.1,-107.2,1.6));
#3131 = DIRECTION('',(-0.,0.,-1.));
#3132 = DIRECTION('',(-0.,-1.,0.));
#3133 = ORIENTED_EDGE('',*,*,#3134,.F.);
#3134 = EDGE_CURVE('',#3108,#3126,#3135,.T.);
#3135 = CIRCLE('',#3136,1.5);
#3136 = AXIS2_PLACEMENT_3D('',#3137,#3138,#3139);
#3137 = CARTESIAN_POINT('',(100.1,-107.2,1.6));
#3138 = DIRECTION('',(-0.,0.,-1.));
#3139 = DIRECTION('',(-0.,-1.,0.));
#3140 = FACE_BOUND('',#3141,.F.);
#3141 = EDGE_LOOP('',(#3142,#3153,#3162,#3171));
#3142 = ORIENTED_EDGE('',*,*,#3143,.F.);
#3143 = EDGE_CURVE('',#3144,#3146,#3148,.T.);
#3144 = VERTEX_POINT('',#3145);
#3145 = CARTESIAN_POINT('',(88.1,-107.75,1.6));
#3146 = VERTEX_POINT('',#3147);
#3147 = CARTESIAN_POINT('',(88.456291876724,-104.7929289315,1.6));
#3148 = CIRCLE('',#3149,1.5);
#3149 = AXIS2_PLACEMENT_3D('',#3150,#3151,#3152);
#3150 = CARTESIAN_POINT('',(88.1,-106.25,1.6));
#3151 = DIRECTION('',(-0.,0.,-1.));
#3152 = DIRECTION('',(-0.,-1.,0.));
#3153 = ORIENTED_EDGE('',*,*,#3154,.F.);
#3154 = EDGE_CURVE('',#3155,#3144,#3157,.T.);
#3155 = VERTEX_POINT('',#3156);
#3156 = CARTESIAN_POINT('',(89.543708123276,-106.6570710684,1.6));
#3157 = CIRCLE('',#3158,1.5);
#3158 = AXIS2_PLACEMENT_3D('',#3159,#3160,#3161);
#3159 = CARTESIAN_POINT('',(88.1,-106.25,1.6));
#3160 = DIRECTION('',(-0.,0.,-1.));
#3161 = DIRECTION('',(-0.,-1.,0.));
#3162 = ORIENTED_EDGE('',*,*,#3163,.F.);
#3163 = EDGE_CURVE('',#3164,#3155,#3166,.T.);
#3164 = VERTEX_POINT('',#3165);
#3165 = CARTESIAN_POINT('',(89.9,-106.7,1.6));
#3166 = CIRCLE('',#3167,1.5);
#3167 = AXIS2_PLACEMENT_3D('',#3168,#3169,#3170);
#3168 = CARTESIAN_POINT('',(89.9,-105.2,1.6));
#3169 = DIRECTION('',(-0.,0.,-1.));
#3170 = DIRECTION('',(-0.,-1.,0.));
#3171 = ORIENTED_EDGE('',*,*,#3172,.F.);
#3172 = EDGE_CURVE('',#3146,#3164,#3173,.T.);
#3173 = CIRCLE('',#3174,1.5);
#3174 = AXIS2_PLACEMENT_3D('',#3175,#3176,#3177);
#3175 = CARTESIAN_POINT('',(89.9,-105.2,1.6));
#3176 = DIRECTION('',(-0.,0.,-1.));
#3177 = DIRECTION('',(-0.,-1.,0.));
#3178 = FACE_BOUND('',#3179,.F.);
#3179 = EDGE_LOOP('',(#3180,#3191,#3200,#3209));
#3180 = ORIENTED_EDGE('',*,*,#3181,.F.);
#3181 = EDGE_CURVE('',#3182,#3184,#3186,.T.);
#3182 = VERTEX_POINT('',#3183);
#3183 = CARTESIAN_POINT('',(82.9,-107.75,1.6));
#3184 = VERTEX_POINT('',#3185);
#3185 = CARTESIAN_POINT('',(81.456291876724,-106.6570710684,1.6));
#3186 = CIRCLE('',#3187,1.5);
#3187 = AXIS2_PLACEMENT_3D('',#3188,#3189,#3190);
#3188 = CARTESIAN_POINT('',(82.9,-106.25,1.6));
#3189 = DIRECTION('',(-0.,0.,-1.));
#3190 = DIRECTION('',(-0.,-1.,0.));
#3191 = ORIENTED_EDGE('',*,*,#3192,.F.);
#3192 = EDGE_CURVE('',#3193,#3182,#3195,.T.);
#3193 = VERTEX_POINT('',#3194);
#3194 = CARTESIAN_POINT('',(82.543708123276,-104.7929289315,1.6));
#3195 = CIRCLE('',#3196,1.5);
#3196 = AXIS2_PLACEMENT_3D('',#3197,#3198,#3199);
#3197 = CARTESIAN_POINT('',(82.9,-106.25,1.6));
#3198 = DIRECTION('',(-0.,0.,-1.));
#3199 = DIRECTION('',(-0.,-1.,0.));
#3200 = ORIENTED_EDGE('',*,*,#3201,.F.);
#3201 = EDGE_CURVE('',#3202,#3193,#3204,.T.);
#3202 = VERTEX_POINT('',#3203);
#3203 = CARTESIAN_POINT('',(81.1,-106.7,1.6));
#3204 = CIRCLE('',#3205,1.5);
#3205 = AXIS2_PLACEMENT_3D('',#3206,#3207,#3208);
#3206 = CARTESIAN_POINT('',(81.1,-105.2,1.6));
#3207 = DIRECTION('',(-0.,0.,-1.));
#3208 = DIRECTION('',(-0.,-1.,0.));
#3209 = ORIENTED_EDGE('',*,*,#3210,.F.);
#3210 = EDGE_CURVE('',#3184,#3202,#3211,.T.);
#3211 = CIRCLE('',#3212,1.5);
#3212 = AXIS2_PLACEMENT_3D('',#3213,#3214,#3215);
#3213 = CARTESIAN_POINT('',(81.1,-105.2,1.6));
#3214 = DIRECTION('',(-0.,0.,-1.));
#3215 = DIRECTION('',(-0.,-1.,0.));
#3216 = FACE_BOUND('',#3217,.F.);
#3217 = EDGE_LOOP('',(#3218));
#3218 = ORIENTED_EDGE('',*,*,#3219,.F.);
#3219 = EDGE_CURVE('',#3220,#3220,#3222,.T.);
#3220 = VERTEX_POINT('',#3221);
#3221 = CARTESIAN_POINT('',(85.5,-103.05,1.6));
#3222 = CIRCLE('',#3223,2.55);
#3223 = AXIS2_PLACEMENT_3D('',#3224,#3225,#3226);
#3224 = CARTESIAN_POINT('',(85.5,-100.5,1.6));
#3225 = DIRECTION('',(-0.,0.,-1.));
#3226 = DIRECTION('',(-0.,-1.,0.));
#3227 = FACE_BOUND('',#3228,.F.);
#3228 = EDGE_LOOP('',(#3229,#3240,#3249,#3258));
#3229 = ORIENTED_EDGE('',*,*,#3230,.F.);
#3230 = EDGE_CURVE('',#3231,#3233,#3235,.T.);
#3231 = VERTEX_POINT('',#3232);
#3232 = CARTESIAN_POINT('',(70.9,-101.7,1.6));
#3233 = VERTEX_POINT('',#3234);
#3234 = CARTESIAN_POINT('',(70.543708123276,-101.6570710684,1.6));
#3235 = CIRCLE('',#3236,1.5);
#3236 = AXIS2_PLACEMENT_3D('',#3237,#3238,#3239);
#3237 = CARTESIAN_POINT('',(70.9,-100.2,1.6));
#3238 = DIRECTION('',(-0.,0.,-1.));
#3239 = DIRECTION('',(-0.,-1.,0.));
#3240 = ORIENTED_EDGE('',*,*,#3241,.F.);
#3241 = EDGE_CURVE('',#3242,#3231,#3244,.T.);
#3242 = VERTEX_POINT('',#3243);
#3243 = CARTESIAN_POINT('',(69.456291876724,-99.79292893152,1.6));
#3244 = CIRCLE('',#3245,1.5);
#3245 = AXIS2_PLACEMENT_3D('',#3246,#3247,#3248);
#3246 = CARTESIAN_POINT('',(70.9,-100.2,1.6));
#3247 = DIRECTION('',(-0.,0.,-1.));
#3248 = DIRECTION('',(-0.,-1.,0.));
#3249 = ORIENTED_EDGE('',*,*,#3250,.F.);
#3250 = EDGE_CURVE('',#3251,#3242,#3253,.T.);
#3251 = VERTEX_POINT('',#3252);
#3252 = CARTESIAN_POINT('',(69.1,-102.75,1.6));
#3253 = CIRCLE('',#3254,1.5);
#3254 = AXIS2_PLACEMENT_3D('',#3255,#3256,#3257);
#3255 = CARTESIAN_POINT('',(69.1,-101.25,1.6));
#3256 = DIRECTION('',(-0.,0.,-1.));
#3257 = DIRECTION('',(-0.,-1.,0.));
#3258 = ORIENTED_EDGE('',*,*,#3259,.F.);
#3259 = EDGE_CURVE('',#3233,#3251,#3260,.T.);
#3260 = CIRCLE('',#3261,1.5);
#3261 = AXIS2_PLACEMENT_3D('',#3262,#3263,#3264);
#3262 = CARTESIAN_POINT('',(69.1,-101.25,1.6));
#3263 = DIRECTION('',(-0.,0.,-1.));
#3264 = DIRECTION('',(-0.,-1.,0.));
#3265 = FACE_BOUND('',#3266,.F.);
#3266 = EDGE_LOOP('',(#3267));
#3267 = ORIENTED_EDGE('',*,*,#3268,.F.);
#3268 = EDGE_CURVE('',#3269,#3269,#3271,.T.);
#3269 = VERTEX_POINT('',#3270);
#3270 = CARTESIAN_POINT('',(66.5,-114.1,1.6));
#3271 = CIRCLE('',#3272,2.1);
#3272 = AXIS2_PLACEMENT_3D('',#3273,#3274,#3275);
#3273 = CARTESIAN_POINT('',(66.5,-112.,1.6));
#3274 = DIRECTION('',(-0.,0.,-1.));
#3275 = DIRECTION('',(-0.,-1.,0.));
#3276 = FACE_BOUND('',#3277,.F.);
#3277 = EDGE_LOOP('',(#3278,#3289,#3298,#3307));
#3278 = ORIENTED_EDGE('',*,*,#3279,.F.);
#3279 = EDGE_CURVE('',#3280,#3282,#3284,.T.);
#3280 = VERTEX_POINT('',#3281);
#3281 = CARTESIAN_POINT('',(62.1,-101.7,1.6));
#3282 = VERTEX_POINT('',#3283);
#3283 = CARTESIAN_POINT('',(63.543708123276,-99.79292893152,1.6));
#3284 = CIRCLE('',#3285,1.5);
#3285 = AXIS2_PLACEMENT_3D('',#3286,#3287,#3288);
#3286 = CARTESIAN_POINT('',(62.1,-100.2,1.6));
#3287 = DIRECTION('',(-0.,0.,-1.));
#3288 = DIRECTION('',(-0.,-1.,0.));
#3289 = ORIENTED_EDGE('',*,*,#3290,.F.);
#3290 = EDGE_CURVE('',#3291,#3280,#3293,.T.);
#3291 = VERTEX_POINT('',#3292);
#3292 = CARTESIAN_POINT('',(62.456291876724,-101.6570710684,1.6));
#3293 = CIRCLE('',#3294,1.5);
#3294 = AXIS2_PLACEMENT_3D('',#3295,#3296,#3297);
#3295 = CARTESIAN_POINT('',(62.1,-100.2,1.6));
#3296 = DIRECTION('',(-0.,0.,-1.));
#3297 = DIRECTION('',(-0.,-1.,0.));
#3298 = ORIENTED_EDGE('',*,*,#3299,.F.);
#3299 = EDGE_CURVE('',#3300,#3291,#3302,.T.);
#3300 = VERTEX_POINT('',#3301);
#3301 = CARTESIAN_POINT('',(63.9,-102.75,1.6));
#3302 = CIRCLE('',#3303,1.5);
#3303 = AXIS2_PLACEMENT_3D('',#3304,#3305,#3306);
#3304 = CARTESIAN_POINT('',(63.9,-101.25,1.6));
#3305 = DIRECTION('',(-0.,0.,-1.));
#3306 = DIRECTION('',(-4.736951571734E-15,-1.,0.));
#3307 = ORIENTED_EDGE('',*,*,#3308,.F.);
#3308 = EDGE_CURVE('',#3282,#3300,#3309,.T.);
#3309 = CIRCLE('',#3310,1.5);
#3310 = AXIS2_PLACEMENT_3D('',#3311,#3312,#3313);
#3311 = CARTESIAN_POINT('',(63.9,-101.25,1.6));
#3312 = DIRECTION('',(-0.,0.,-1.));
#3313 = DIRECTION('',(-4.736951571734E-15,-1.,0.));
#3314 = FACE_BOUND('',#3315,.F.);
#3315 = EDGE_LOOP('',(#3316,#3327,#3336,#3345));
#3316 = ORIENTED_EDGE('',*,*,#3317,.F.);
#3317 = EDGE_CURVE('',#3318,#3320,#3322,.T.);
#3318 = VERTEX_POINT('',#3319);
#3319 = CARTESIAN_POINT('',(51.9,-106.7,1.6));
#3320 = VERTEX_POINT('',#3321);
#3321 = CARTESIAN_POINT('',(51.543708123276,-106.6570710684,1.6));
#3322 = CIRCLE('',#3323,1.5);
#3323 = AXIS2_PLACEMENT_3D('',#3324,#3325,#3326);
#3324 = CARTESIAN_POINT('',(51.9,-105.2,1.6));
#3325 = DIRECTION('',(-0.,0.,-1.));
#3326 = DIRECTION('',(-0.,-1.,0.));
#3327 = ORIENTED_EDGE('',*,*,#3328,.F.);
#3328 = EDGE_CURVE('',#3329,#3318,#3331,.T.);
#3329 = VERTEX_POINT('',#3330);
#3330 = CARTESIAN_POINT('',(50.456291876724,-104.7929289315,1.6));
#3331 = CIRCLE('',#3332,1.5);
#3332 = AXIS2_PLACEMENT_3D('',#3333,#3334,#3335);
#3333 = CARTESIAN_POINT('',(51.9,-105.2,1.6));
#3334 = DIRECTION('',(-0.,0.,-1.));
#3335 = DIRECTION('',(-0.,-1.,0.));
#3336 = ORIENTED_EDGE('',*,*,#3337,.F.);
#3337 = EDGE_CURVE('',#3338,#3329,#3340,.T.);
#3338 = VERTEX_POINT('',#3339);
#3339 = CARTESIAN_POINT('',(50.1,-107.75,1.6));
#3340 = CIRCLE('',#3341,1.5);
#3341 = AXIS2_PLACEMENT_3D('',#3342,#3343,#3344);
#3342 = CARTESIAN_POINT('',(50.1,-106.25,1.6));
#3343 = DIRECTION('',(-0.,0.,-1.));
#3344 = DIRECTION('',(-0.,-1.,0.));
#3345 = ORIENTED_EDGE('',*,*,#3346,.F.);
#3346 = EDGE_CURVE('',#3320,#3338,#3347,.T.);
#3347 = CIRCLE('',#3348,1.5);
#3348 = AXIS2_PLACEMENT_3D('',#3349,#3350,#3351);
#3349 = CARTESIAN_POINT('',(50.1,-106.25,1.6));
#3350 = DIRECTION('',(-0.,0.,-1.));
#3351 = DIRECTION('',(-0.,-1.,0.));
#3352 = FACE_BOUND('',#3353,.F.);
#3353 = EDGE_LOOP('',(#3354,#3365,#3374,#3383));
#3354 = ORIENTED_EDGE('',*,*,#3355,.F.);
#3355 = EDGE_CURVE('',#3356,#3358,#3360,.T.);
#3356 = VERTEX_POINT('',#3357);
#3357 = CARTESIAN_POINT('',(44.9,-107.75,1.6));
#3358 = VERTEX_POINT('',#3359);
#3359 = CARTESIAN_POINT('',(43.456291876724,-106.6570710684,1.6));
#3360 = CIRCLE('',#3361,1.5);
#3361 = AXIS2_PLACEMENT_3D('',#3362,#3363,#3364);
#3362 = CARTESIAN_POINT('',(44.9,-106.25,1.6));
#3363 = DIRECTION('',(-0.,0.,-1.));
#3364 = DIRECTION('',(-0.,-1.,0.));
#3365 = ORIENTED_EDGE('',*,*,#3366,.F.);
#3366 = EDGE_CURVE('',#3367,#3356,#3369,.T.);
#3367 = VERTEX_POINT('',#3368);
#3368 = CARTESIAN_POINT('',(44.543708123276,-104.7929289315,1.6));
#3369 = CIRCLE('',#3370,1.5);
#3370 = AXIS2_PLACEMENT_3D('',#3371,#3372,#3373);
#3371 = CARTESIAN_POINT('',(44.9,-106.25,1.6));
#3372 = DIRECTION('',(-0.,0.,-1.));
#3373 = DIRECTION('',(-0.,-1.,0.));
#3374 = ORIENTED_EDGE('',*,*,#3375,.F.);
#3375 = EDGE_CURVE('',#3376,#3367,#3378,.T.);
#3376 = VERTEX_POINT('',#3377);
#3377 = CARTESIAN_POINT('',(43.1,-106.7,1.6));
#3378 = CIRCLE('',#3379,1.5);
#3379 = AXIS2_PLACEMENT_3D('',#3380,#3381,#3382);
#3380 = CARTESIAN_POINT('',(43.1,-105.2,1.6));
#3381 = DIRECTION('',(-0.,0.,-1.));
#3382 = DIRECTION('',(-0.,-1.,0.));
#3383 = ORIENTED_EDGE('',*,*,#3384,.F.);
#3384 = EDGE_CURVE('',#3358,#3376,#3385,.T.);
#3385 = CIRCLE('',#3386,1.5);
#3386 = AXIS2_PLACEMENT_3D('',#3387,#3388,#3389);
#3387 = CARTESIAN_POINT('',(43.1,-105.2,1.6));
#3388 = DIRECTION('',(-0.,0.,-1.));
#3389 = DIRECTION('',(-0.,-1.,0.));
#3390 = FACE_BOUND('',#3391,.F.);
#3391 = EDGE_LOOP('',(#3392));
#3392 = ORIENTED_EDGE('',*,*,#3393,.F.);
#3393 = EDGE_CURVE('',#3394,#3394,#3396,.T.);
#3394 = VERTEX_POINT('',#3395);
#3395 = CARTESIAN_POINT('',(47.5,-103.05,1.6));
#3396 = CIRCLE('',#3397,2.55);
#3397 = AXIS2_PLACEMENT_3D('',#3398,#3399,#3400);
#3398 = CARTESIAN_POINT('',(47.5,-100.5,1.6));
#3399 = DIRECTION('',(-0.,0.,-1.));
#3400 = DIRECTION('',(-0.,-1.,0.));
#3401 = FACE_BOUND('',#3402,.F.);
#3402 = EDGE_LOOP('',(#3403,#3414,#3423,#3432));
#3403 = ORIENTED_EDGE('',*,*,#3404,.F.);
#3404 = EDGE_CURVE('',#3405,#3407,#3409,.T.);
#3405 = VERTEX_POINT('',#3406);
#3406 = CARTESIAN_POINT('',(32.9,-119.7,1.6));
#3407 = VERTEX_POINT('',#3408);
#3408 = CARTESIAN_POINT('',(32.543708123276,-119.6570710684,1.6));
#3409 = CIRCLE('',#3410,1.5);
#3410 = AXIS2_PLACEMENT_3D('',#3411,#3412,#3413);
#3411 = CARTESIAN_POINT('',(32.9,-118.2,1.6));
#3412 = DIRECTION('',(-0.,0.,-1.));
#3413 = DIRECTION('',(-0.,-1.,0.));
#3414 = ORIENTED_EDGE('',*,*,#3415,.F.);
#3415 = EDGE_CURVE('',#3416,#3405,#3418,.T.);
#3416 = VERTEX_POINT('',#3417);
#3417 = CARTESIAN_POINT('',(31.456291876724,-117.7929289315,1.6));
#3418 = CIRCLE('',#3419,1.5);
#3419 = AXIS2_PLACEMENT_3D('',#3420,#3421,#3422);
#3420 = CARTESIAN_POINT('',(32.9,-118.2,1.6));
#3421 = DIRECTION('',(-0.,0.,-1.));
#3422 = DIRECTION('',(-0.,-1.,0.));
#3423 = ORIENTED_EDGE('',*,*,#3424,.F.);
#3424 = EDGE_CURVE('',#3425,#3416,#3427,.T.);
#3425 = VERTEX_POINT('',#3426);
#3426 = CARTESIAN_POINT('',(31.1,-120.75,1.6));
#3427 = CIRCLE('',#3428,1.5);
#3428 = AXIS2_PLACEMENT_3D('',#3429,#3430,#3431);
#3429 = CARTESIAN_POINT('',(31.1,-119.25,1.6));
#3430 = DIRECTION('',(-0.,0.,-1.));
#3431 = DIRECTION('',(-0.,-1.,0.));
#3432 = ORIENTED_EDGE('',*,*,#3433,.F.);
#3433 = EDGE_CURVE('',#3407,#3425,#3434,.T.);
#3434 = CIRCLE('',#3435,1.5);
#3435 = AXIS2_PLACEMENT_3D('',#3436,#3437,#3438);
#3436 = CARTESIAN_POINT('',(31.1,-119.25,1.6));
#3437 = DIRECTION('',(-0.,0.,-1.));
#3438 = DIRECTION('',(-0.,-1.,0.));
#3439 = FACE_BOUND('',#3440,.F.);
#3440 = EDGE_LOOP('',(#3441,#3452,#3461,#3470));
#3441 = ORIENTED_EDGE('',*,*,#3442,.F.);
#3442 = EDGE_CURVE('',#3443,#3445,#3447,.T.);
#3443 = VERTEX_POINT('',#3444);
#3444 = CARTESIAN_POINT('',(25.9,-120.75,1.6));
#3445 = VERTEX_POINT('',#3446);
#3446 = CARTESIAN_POINT('',(24.456291876724,-119.6570710684,1.6));
#3447 = CIRCLE('',#3448,1.5);
#3448 = AXIS2_PLACEMENT_3D('',#3449,#3450,#3451);
#3449 = CARTESIAN_POINT('',(25.9,-119.25,1.6));
#3450 = DIRECTION('',(-0.,0.,-1.));
#3451 = DIRECTION('',(-0.,-1.,0.));
#3452 = ORIENTED_EDGE('',*,*,#3453,.F.);
#3453 = EDGE_CURVE('',#3454,#3443,#3456,.T.);
#3454 = VERTEX_POINT('',#3455);
#3455 = CARTESIAN_POINT('',(25.543708123276,-117.7929289315,1.6));
#3456 = CIRCLE('',#3457,1.5);
#3457 = AXIS2_PLACEMENT_3D('',#3458,#3459,#3460);
#3458 = CARTESIAN_POINT('',(25.9,-119.25,1.6));
#3459 = DIRECTION('',(-0.,0.,-1.));
#3460 = DIRECTION('',(-0.,-1.,0.));
#3461 = ORIENTED_EDGE('',*,*,#3462,.F.);
#3462 = EDGE_CURVE('',#3463,#3454,#3465,.T.);
#3463 = VERTEX_POINT('',#3464);
#3464 = CARTESIAN_POINT('',(24.1,-119.7,1.6));
#3465 = CIRCLE('',#3466,1.5);
#3466 = AXIS2_PLACEMENT_3D('',#3467,#3468,#3469);
#3467 = CARTESIAN_POINT('',(24.1,-118.2,1.6));
#3468 = DIRECTION('',(-0.,0.,-1.));
#3469 = DIRECTION('',(-0.,-1.,0.));
#3470 = ORIENTED_EDGE('',*,*,#3471,.F.);
#3471 = EDGE_CURVE('',#3445,#3463,#3472,.T.);
#3472 = CIRCLE('',#3473,1.5);
#3473 = AXIS2_PLACEMENT_3D('',#3474,#3475,#3476);
#3474 = CARTESIAN_POINT('',(24.1,-118.2,1.6));
#3475 = DIRECTION('',(-0.,0.,-1.));
#3476 = DIRECTION('',(-0.,-1.,0.));
#3477 = FACE_BOUND('',#3478,.F.);
#3478 = EDGE_LOOP('',(#3479));
#3479 = ORIENTED_EDGE('',*,*,#3480,.F.);
#3480 = EDGE_CURVE('',#3481,#3481,#3483,.T.);
#3481 = VERTEX_POINT('',#3482);
#3482 = CARTESIAN_POINT('',(28.5,-116.05,1.6));
#3483 = CIRCLE('',#3484,2.55);
#3484 = AXIS2_PLACEMENT_3D('',#3485,#3486,#3487);
#3485 = CARTESIAN_POINT('',(28.5,-113.5,1.6));
#3486 = DIRECTION('',(-0.,0.,-1.));
#3487 = DIRECTION('',(-0.,-1.,0.));
#3488 = FACE_BOUND('',#3489,.F.);
#3489 = EDGE_LOOP('',(#3490,#3501,#3510,#3519));
#3490 = ORIENTED_EDGE('',*,*,#3491,.F.);
#3491 = EDGE_CURVE('',#3492,#3494,#3496,.T.);
#3492 = VERTEX_POINT('',#3493);
#3493 = CARTESIAN_POINT('',(13.9,-119.69097,1.6));
#3494 = VERTEX_POINT('',#3495);
#3495 = CARTESIAN_POINT('',(13.543708123276,-119.6480410684,1.6));
#3496 = CIRCLE('',#3497,1.5);
#3497 = AXIS2_PLACEMENT_3D('',#3498,#3499,#3500);
#3498 = CARTESIAN_POINT('',(13.9,-118.19097,1.6));
#3499 = DIRECTION('',(-0.,0.,-1.));
#3500 = DIRECTION('',(-0.,-1.,0.));
#3501 = ORIENTED_EDGE('',*,*,#3502,.F.);
#3502 = EDGE_CURVE('',#3503,#3492,#3505,.T.);
#3503 = VERTEX_POINT('',#3504);
#3504 = CARTESIAN_POINT('',(12.456291876724,-117.7838989315,1.6));
#3505 = CIRCLE('',#3506,1.5);
#3506 = AXIS2_PLACEMENT_3D('',#3507,#3508,#3509);
#3507 = CARTESIAN_POINT('',(13.9,-118.19097,1.6));
#3508 = DIRECTION('',(-0.,0.,-1.));
#3509 = DIRECTION('',(-0.,-1.,0.));
#3510 = ORIENTED_EDGE('',*,*,#3511,.F.);
#3511 = EDGE_CURVE('',#3512,#3503,#3514,.T.);
#3512 = VERTEX_POINT('',#3513);
#3513 = CARTESIAN_POINT('',(12.1,-120.74097,1.6));
#3514 = CIRCLE('',#3515,1.5);
#3515 = AXIS2_PLACEMENT_3D('',#3516,#3517,#3518);
#3516 = CARTESIAN_POINT('',(12.1,-119.24097,1.6));
#3517 = DIRECTION('',(-0.,0.,-1.));
#3518 = DIRECTION('',(-0.,-1.,0.));
#3519 = ORIENTED_EDGE('',*,*,#3520,.F.);
#3520 = EDGE_CURVE('',#3494,#3512,#3521,.T.);
#3521 = CIRCLE('',#3522,1.5);
#3522 = AXIS2_PLACEMENT_3D('',#3523,#3524,#3525);
#3523 = CARTESIAN_POINT('',(12.1,-119.24097,1.6));
#3524 = DIRECTION('',(-0.,0.,-1.));
#3525 = DIRECTION('',(-0.,-1.,0.));
#3526 = FACE_BOUND('',#3527,.F.);
#3527 = EDGE_LOOP('',(#3528,#3539,#3548,#3557));
#3528 = ORIENTED_EDGE('',*,*,#3529,.F.);
#3529 = EDGE_CURVE('',#3530,#3532,#3534,.T.);
#3530 = VERTEX_POINT('',#3531);
#3531 = CARTESIAN_POINT('',(6.9,-120.74097,1.6));
#3532 = VERTEX_POINT('',#3533);
#3533 = CARTESIAN_POINT('',(5.456291876724,-119.6480410684,1.6));
#3534 = CIRCLE('',#3535,1.5);
#3535 = AXIS2_PLACEMENT_3D('',#3536,#3537,#3538);
#3536 = CARTESIAN_POINT('',(6.9,-119.24097,1.6));
#3537 = DIRECTION('',(-0.,0.,-1.));
#3538 = DIRECTION('',(-0.,-1.,0.));
#3539 = ORIENTED_EDGE('',*,*,#3540,.F.);
#3540 = EDGE_CURVE('',#3541,#3530,#3543,.T.);
#3541 = VERTEX_POINT('',#3542);
#3542 = CARTESIAN_POINT('',(6.543708123276,-117.7838989315,1.6));
#3543 = CIRCLE('',#3544,1.5);
#3544 = AXIS2_PLACEMENT_3D('',#3545,#3546,#3547);
#3545 = CARTESIAN_POINT('',(6.9,-119.24097,1.6));
#3546 = DIRECTION('',(-0.,0.,-1.));
#3547 = DIRECTION('',(-0.,-1.,0.));
#3548 = ORIENTED_EDGE('',*,*,#3549,.F.);
#3549 = EDGE_CURVE('',#3550,#3541,#3552,.T.);
#3550 = VERTEX_POINT('',#3551);
#3551 = CARTESIAN_POINT('',(5.1,-119.69097,1.6));
#3552 = CIRCLE('',#3553,1.5);
#3553 = AXIS2_PLACEMENT_3D('',#3554,#3555,#3556);
#3554 = CARTESIAN_POINT('',(5.1,-118.19097,1.6));
#3555 = DIRECTION('',(-0.,0.,-1.));
#3556 = DIRECTION('',(-0.,-1.,0.));
#3557 = ORIENTED_EDGE('',*,*,#3558,.F.);
#3558 = EDGE_CURVE('',#3532,#3550,#3559,.T.);
#3559 = CIRCLE('',#3560,1.5);
#3560 = AXIS2_PLACEMENT_3D('',#3561,#3562,#3563);
#3561 = CARTESIAN_POINT('',(5.1,-118.19097,1.6));
#3562 = DIRECTION('',(-0.,0.,-1.));
#3563 = DIRECTION('',(-0.,-1.,0.));
#3564 = FACE_BOUND('',#3565,.F.);
#3565 = EDGE_LOOP('',(#3566));
#3566 = ORIENTED_EDGE('',*,*,#3567,.F.);
#3567 = EDGE_CURVE('',#3568,#3568,#3570,.T.);
#3568 = VERTEX_POINT('',#3569);
#3569 = CARTESIAN_POINT('',(19.,-114.1,1.6));
#3570 = CIRCLE('',#3571,2.1);
#3571 = AXIS2_PLACEMENT_3D('',#3572,#3573,#3574);
#3572 = CARTESIAN_POINT('',(19.,-112.,1.6));
#3573 = DIRECTION('',(-0.,0.,-1.));
#3574 = DIRECTION('',(-0.,-1.,0.));
#3575 = FACE_BOUND('',#3576,.F.);
#3576 = EDGE_LOOP('',(#3577));
#3577 = ORIENTED_EDGE('',*,*,#3578,.F.);
#3578 = EDGE_CURVE('',#3579,#3579,#3581,.T.);
#3579 = VERTEX_POINT('',#3580);
#3580 = CARTESIAN_POINT('',(9.5,-116.04097,1.6));
#3581 = CIRCLE('',#3582,2.55);
#3582 = AXIS2_PLACEMENT_3D('',#3583,#3584,#3585);
#3583 = CARTESIAN_POINT('',(9.5,-113.49097,1.6));
#3584 = DIRECTION('',(-0.,0.,-1.));
#3585 = DIRECTION('',(-0.,-1.,0.));
#3586 = FACE_BOUND('',#3587,.F.);
#3587 = EDGE_LOOP('',(#3588,#3599,#3608,#3617));
#3588 = ORIENTED_EDGE('',*,*,#3589,.F.);
#3589 = EDGE_CURVE('',#3590,#3592,#3594,.T.);
#3590 = VERTEX_POINT('',#3591);
#3591 = CARTESIAN_POINT('',(32.9,-100.69097,1.6));
#3592 = VERTEX_POINT('',#3593);
#3593 = CARTESIAN_POINT('',(32.543708123276,-100.6480410684,1.6));
#3594 = CIRCLE('',#3595,1.5);
#3595 = AXIS2_PLACEMENT_3D('',#3596,#3597,#3598);
#3596 = CARTESIAN_POINT('',(32.9,-99.19097,1.6));
#3597 = DIRECTION('',(-0.,0.,-1.));
#3598 = DIRECTION('',(-0.,-1.,0.));
#3599 = ORIENTED_EDGE('',*,*,#3600,.F.);
#3600 = EDGE_CURVE('',#3601,#3590,#3603,.T.);
#3601 = VERTEX_POINT('',#3602);
#3602 = CARTESIAN_POINT('',(31.456291876724,-98.78389893152,1.6));
#3603 = CIRCLE('',#3604,1.5);
#3604 = AXIS2_PLACEMENT_3D('',#3605,#3606,#3607);
#3605 = CARTESIAN_POINT('',(32.9,-99.19097,1.6));
#3606 = DIRECTION('',(-0.,0.,-1.));
#3607 = DIRECTION('',(-0.,-1.,0.));
#3608 = ORIENTED_EDGE('',*,*,#3609,.F.);
#3609 = EDGE_CURVE('',#3610,#3601,#3612,.T.);
#3610 = VERTEX_POINT('',#3611);
#3611 = CARTESIAN_POINT('',(31.1,-101.74097,1.6));
#3612 = CIRCLE('',#3613,1.5);
#3613 = AXIS2_PLACEMENT_3D('',#3614,#3615,#3616);
#3614 = CARTESIAN_POINT('',(31.1,-100.24097,1.6));
#3615 = DIRECTION('',(-0.,0.,-1.));
#3616 = DIRECTION('',(-0.,-1.,0.));
#3617 = ORIENTED_EDGE('',*,*,#3618,.F.);
#3618 = EDGE_CURVE('',#3592,#3610,#3619,.T.);
#3619 = CIRCLE('',#3620,1.5);
#3620 = AXIS2_PLACEMENT_3D('',#3621,#3622,#3623);
#3621 = CARTESIAN_POINT('',(31.1,-100.24097,1.6));
#3622 = DIRECTION('',(-0.,0.,-1.));
#3623 = DIRECTION('',(-0.,-1.,0.));
#3624 = FACE_BOUND('',#3625,.F.);
#3625 = EDGE_LOOP('',(#3626,#3637,#3646,#3655));
#3626 = ORIENTED_EDGE('',*,*,#3627,.F.);
#3627 = EDGE_CURVE('',#3628,#3630,#3632,.T.);
#3628 = VERTEX_POINT('',#3629);
#3629 = CARTESIAN_POINT('',(25.9,-101.74097,1.6));
#3630 = VERTEX_POINT('',#3631);
#3631 = CARTESIAN_POINT('',(24.456291876724,-100.6480410684,1.6));
#3632 = CIRCLE('',#3633,1.5);
#3633 = AXIS2_PLACEMENT_3D('',#3634,#3635,#3636);
#3634 = CARTESIAN_POINT('',(25.9,-100.24097,1.6));
#3635 = DIRECTION('',(-0.,0.,-1.));
#3636 = DIRECTION('',(-0.,-1.,0.));
#3637 = ORIENTED_EDGE('',*,*,#3638,.F.);
#3638 = EDGE_CURVE('',#3639,#3628,#3641,.T.);
#3639 = VERTEX_POINT('',#3640);
#3640 = CARTESIAN_POINT('',(25.543708123276,-98.78389893152,1.6));
#3641 = CIRCLE('',#3642,1.5);
#3642 = AXIS2_PLACEMENT_3D('',#3643,#3644,#3645);
#3643 = CARTESIAN_POINT('',(25.9,-100.24097,1.6));
#3644 = DIRECTION('',(-0.,0.,-1.));
#3645 = DIRECTION('',(-0.,-1.,0.));
#3646 = ORIENTED_EDGE('',*,*,#3647,.F.);
#3647 = EDGE_CURVE('',#3648,#3639,#3650,.T.);
#3648 = VERTEX_POINT('',#3649);
#3649 = CARTESIAN_POINT('',(24.1,-100.69097,1.6));
#3650 = CIRCLE('',#3651,1.5);
#3651 = AXIS2_PLACEMENT_3D('',#3652,#3653,#3654);
#3652 = CARTESIAN_POINT('',(24.1,-99.19097,1.6));
#3653 = DIRECTION('',(-0.,0.,-1.));
#3654 = DIRECTION('',(-0.,-1.,0.));
#3655 = ORIENTED_EDGE('',*,*,#3656,.F.);
#3656 = EDGE_CURVE('',#3630,#3648,#3657,.T.);
#3657 = CIRCLE('',#3658,1.5);
#3658 = AXIS2_PLACEMENT_3D('',#3659,#3660,#3661);
#3659 = CARTESIAN_POINT('',(24.1,-99.19097,1.6));
#3660 = DIRECTION('',(-0.,0.,-1.));
#3661 = DIRECTION('',(-0.,-1.,0.));
#3662 = FACE_BOUND('',#3663,.F.);
#3663 = EDGE_LOOP('',(#3664,#3675,#3684,#3693));
#3664 = ORIENTED_EDGE('',*,*,#3665,.F.);
#3665 = EDGE_CURVE('',#3666,#3668,#3670,.T.);
#3666 = VERTEX_POINT('',#3667);
#3667 = CARTESIAN_POINT('',(13.9,-100.69097,1.6));
#3668 = VERTEX_POINT('',#3669);
#3669 = CARTESIAN_POINT('',(13.543708123276,-100.6480410684,1.6));
#3670 = CIRCLE('',#3671,1.5);
#3671 = AXIS2_PLACEMENT_3D('',#3672,#3673,#3674);
#3672 = CARTESIAN_POINT('',(13.9,-99.19097,1.6));
#3673 = DIRECTION('',(-0.,0.,-1.));
#3674 = DIRECTION('',(-0.,-1.,0.));
#3675 = ORIENTED_EDGE('',*,*,#3676,.F.);
#3676 = EDGE_CURVE('',#3677,#3666,#3679,.T.);
#3677 = VERTEX_POINT('',#3678);
#3678 = CARTESIAN_POINT('',(12.456291876724,-98.78389893152,1.6));
#3679 = CIRCLE('',#3680,1.5);
#3680 = AXIS2_PLACEMENT_3D('',#3681,#3682,#3683);
#3681 = CARTESIAN_POINT('',(13.9,-99.19097,1.6));
#3682 = DIRECTION('',(-0.,0.,-1.));
#3683 = DIRECTION('',(-0.,-1.,0.));
#3684 = ORIENTED_EDGE('',*,*,#3685,.F.);
#3685 = EDGE_CURVE('',#3686,#3677,#3688,.T.);
#3686 = VERTEX_POINT('',#3687);
#3687 = CARTESIAN_POINT('',(12.1,-101.74097,1.6));
#3688 = CIRCLE('',#3689,1.5);
#3689 = AXIS2_PLACEMENT_3D('',#3690,#3691,#3692);
#3690 = CARTESIAN_POINT('',(12.1,-100.24097,1.6));
#3691 = DIRECTION('',(-0.,0.,-1.));
#3692 = DIRECTION('',(-0.,-1.,0.));
#3693 = ORIENTED_EDGE('',*,*,#3694,.F.);
#3694 = EDGE_CURVE('',#3668,#3686,#3695,.T.);
#3695 = CIRCLE('',#3696,1.5);
#3696 = AXIS2_PLACEMENT_3D('',#3697,#3698,#3699);
#3697 = CARTESIAN_POINT('',(12.1,-100.24097,1.6));
#3698 = DIRECTION('',(-0.,0.,-1.));
#3699 = DIRECTION('',(-0.,-1.,0.));
#3700 = FACE_BOUND('',#3701,.F.);
#3701 = EDGE_LOOP('',(#3702,#3713,#3722,#3731));
#3702 = ORIENTED_EDGE('',*,*,#3703,.F.);
#3703 = EDGE_CURVE('',#3704,#3706,#3708,.T.);
#3704 = VERTEX_POINT('',#3705);
#3705 = CARTESIAN_POINT('',(6.9,-101.74097,1.6));
#3706 = VERTEX_POINT('',#3707);
#3707 = CARTESIAN_POINT('',(5.456291876724,-100.6480410684,1.6));
#3708 = CIRCLE('',#3709,1.5);
#3709 = AXIS2_PLACEMENT_3D('',#3710,#3711,#3712);
#3710 = CARTESIAN_POINT('',(6.9,-100.24097,1.6));
#3711 = DIRECTION('',(-0.,0.,-1.));
#3712 = DIRECTION('',(-0.,-1.,0.));
#3713 = ORIENTED_EDGE('',*,*,#3714,.F.);
#3714 = EDGE_CURVE('',#3715,#3704,#3717,.T.);
#3715 = VERTEX_POINT('',#3716);
#3716 = CARTESIAN_POINT('',(6.543708123276,-98.78389893152,1.6));
#3717 = CIRCLE('',#3718,1.5);
#3718 = AXIS2_PLACEMENT_3D('',#3719,#3720,#3721);
#3719 = CARTESIAN_POINT('',(6.9,-100.24097,1.6));
#3720 = DIRECTION('',(-0.,0.,-1.));
#3721 = DIRECTION('',(-0.,-1.,0.));
#3722 = ORIENTED_EDGE('',*,*,#3723,.F.);
#3723 = EDGE_CURVE('',#3724,#3715,#3726,.T.);
#3724 = VERTEX_POINT('',#3725);
#3725 = CARTESIAN_POINT('',(5.1,-100.69097,1.6));
#3726 = CIRCLE('',#3727,1.5);
#3727 = AXIS2_PLACEMENT_3D('',#3728,#3729,#3730);
#3728 = CARTESIAN_POINT('',(5.1,-99.19097,1.6));
#3729 = DIRECTION('',(-0.,0.,-1.));
#3730 = DIRECTION('',(-0.,-1.,0.));
#3731 = ORIENTED_EDGE('',*,*,#3732,.F.);
#3732 = EDGE_CURVE('',#3706,#3724,#3733,.T.);
#3733 = CIRCLE('',#3734,1.5);
#3734 = AXIS2_PLACEMENT_3D('',#3735,#3736,#3737);
#3735 = CARTESIAN_POINT('',(5.1,-99.19097,1.6));
#3736 = DIRECTION('',(-0.,0.,-1.));
#3737 = DIRECTION('',(-0.,-1.,0.));
#3738 = FACE_BOUND('',#3739,.F.);
#3739 = EDGE_LOOP('',(#3740,#3751,#3760,#3769));
#3740 = ORIENTED_EDGE('',*,*,#3741,.F.);
#3741 = EDGE_CURVE('',#3742,#3744,#3746,.T.);
#3742 = VERTEX_POINT('',#3743);
#3743 = CARTESIAN_POINT('',(108.9,-89.7,1.6));
#3744 = VERTEX_POINT('',#3745);
#3745 = CARTESIAN_POINT('',(108.54370812327,-89.65707106847,1.6));
#3746 = CIRCLE('',#3747,1.5);
#3747 = AXIS2_PLACEMENT_3D('',#3748,#3749,#3750);
#3748 = CARTESIAN_POINT('',(108.9,-88.2,1.6));
#3749 = DIRECTION('',(-0.,0.,-1.));
#3750 = DIRECTION('',(-0.,-1.,0.));
#3751 = ORIENTED_EDGE('',*,*,#3752,.F.);
#3752 = EDGE_CURVE('',#3753,#3742,#3755,.T.);
#3753 = VERTEX_POINT('',#3754);
#3754 = CARTESIAN_POINT('',(107.45629187672,-87.79292893152,1.6));
#3755 = CIRCLE('',#3756,1.5);
#3756 = AXIS2_PLACEMENT_3D('',#3757,#3758,#3759);
#3757 = CARTESIAN_POINT('',(108.9,-88.2,1.6));
#3758 = DIRECTION('',(-0.,0.,-1.));
#3759 = DIRECTION('',(-0.,-1.,0.));
#3760 = ORIENTED_EDGE('',*,*,#3761,.F.);
#3761 = EDGE_CURVE('',#3762,#3753,#3764,.T.);
#3762 = VERTEX_POINT('',#3763);
#3763 = CARTESIAN_POINT('',(107.1,-90.75,1.6));
#3764 = CIRCLE('',#3765,1.5);
#3765 = AXIS2_PLACEMENT_3D('',#3766,#3767,#3768);
#3766 = CARTESIAN_POINT('',(107.1,-89.25,1.6));
#3767 = DIRECTION('',(-0.,0.,-1.));
#3768 = DIRECTION('',(-0.,-1.,0.));
#3769 = ORIENTED_EDGE('',*,*,#3770,.F.);
#3770 = EDGE_CURVE('',#3744,#3762,#3771,.T.);
#3771 = CIRCLE('',#3772,1.5);
#3772 = AXIS2_PLACEMENT_3D('',#3773,#3774,#3775);
#3773 = CARTESIAN_POINT('',(107.1,-89.25,1.6));
#3774 = DIRECTION('',(-0.,0.,-1.));
#3775 = DIRECTION('',(-0.,-1.,0.));
#3776 = FACE_BOUND('',#3777,.F.);
#3777 = EDGE_LOOP('',(#3778));
#3778 = ORIENTED_EDGE('',*,*,#3779,.F.);
#3779 = EDGE_CURVE('',#3780,#3780,#3782,.T.);
#3780 = VERTEX_POINT('',#3781);
#3781 = CARTESIAN_POINT('',(123.,-78.61597,1.6));
#3782 = CIRCLE('',#3783,0.5);
#3783 = AXIS2_PLACEMENT_3D('',#3784,#3785,#3786);
#3784 = CARTESIAN_POINT('',(123.,-78.11597,1.6));
#3785 = DIRECTION('',(-0.,0.,-1.));
#3786 = DIRECTION('',(-0.,-1.,0.));
#3787 = FACE_BOUND('',#3788,.F.);
#3788 = EDGE_LOOP('',(#3789));
#3789 = ORIENTED_EDGE('',*,*,#3790,.F.);
#3790 = EDGE_CURVE('',#3791,#3791,#3793,.T.);
#3791 = VERTEX_POINT('',#3792);
#3792 = CARTESIAN_POINT('',(119.,-78.61597,1.6));
#3793 = CIRCLE('',#3794,0.5);
#3794 = AXIS2_PLACEMENT_3D('',#3795,#3796,#3797);
#3795 = CARTESIAN_POINT('',(119.,-78.11597,1.6));
#3796 = DIRECTION('',(-0.,0.,-1.));
#3797 = DIRECTION('',(-0.,-1.,0.));
#3798 = FACE_BOUND('',#3799,.F.);
#3799 = EDGE_LOOP('',(#3800));
#3800 = ORIENTED_EDGE('',*,*,#3801,.F.);
#3801 = EDGE_CURVE('',#3802,#3802,#3804,.T.);
#3802 = VERTEX_POINT('',#3803);
#3803 = CARTESIAN_POINT('',(104.5,-86.05,1.6));
#3804 = CIRCLE('',#3805,2.55);
#3805 = AXIS2_PLACEMENT_3D('',#3806,#3807,#3808);
#3806 = CARTESIAN_POINT('',(104.5,-83.5,1.6));
#3807 = DIRECTION('',(-0.,0.,-1.));
#3808 = DIRECTION('',(-0.,-1.,0.));
#3809 = FACE_BOUND('',#3810,.F.);
#3810 = EDGE_LOOP('',(#3811,#3822,#3831,#3840));
#3811 = ORIENTED_EDGE('',*,*,#3812,.F.);
#3812 = EDGE_CURVE('',#3813,#3815,#3817,.T.);
#3813 = VERTEX_POINT('',#3814);
#3814 = CARTESIAN_POINT('',(101.9,-90.75,1.6));
#3815 = VERTEX_POINT('',#3816);
#3816 = CARTESIAN_POINT('',(100.45629187672,-89.65707106847,1.6));
#3817 = CIRCLE('',#3818,1.5);
#3818 = AXIS2_PLACEMENT_3D('',#3819,#3820,#3821);
#3819 = CARTESIAN_POINT('',(101.9,-89.25,1.6));
#3820 = DIRECTION('',(-0.,0.,-1.));
#3821 = DIRECTION('',(-0.,-1.,0.));
#3822 = ORIENTED_EDGE('',*,*,#3823,.F.);
#3823 = EDGE_CURVE('',#3824,#3813,#3826,.T.);
#3824 = VERTEX_POINT('',#3825);
#3825 = CARTESIAN_POINT('',(101.54370812327,-87.79292893152,1.6));
#3826 = CIRCLE('',#3827,1.5);
#3827 = AXIS2_PLACEMENT_3D('',#3828,#3829,#3830);
#3828 = CARTESIAN_POINT('',(101.9,-89.25,1.6));
#3829 = DIRECTION('',(-0.,0.,-1.));
#3830 = DIRECTION('',(-0.,-1.,0.));
#3831 = ORIENTED_EDGE('',*,*,#3832,.F.);
#3832 = EDGE_CURVE('',#3833,#3824,#3835,.T.);
#3833 = VERTEX_POINT('',#3834);
#3834 = CARTESIAN_POINT('',(100.1,-89.7,1.6));
#3835 = CIRCLE('',#3836,1.5);
#3836 = AXIS2_PLACEMENT_3D('',#3837,#3838,#3839);
#3837 = CARTESIAN_POINT('',(100.1,-88.2,1.6));
#3838 = DIRECTION('',(-0.,0.,-1.));
#3839 = DIRECTION('',(-0.,-1.,0.));
#3840 = ORIENTED_EDGE('',*,*,#3841,.F.);
#3841 = EDGE_CURVE('',#3815,#3833,#3842,.T.);
#3842 = CIRCLE('',#3843,1.5);
#3843 = AXIS2_PLACEMENT_3D('',#3844,#3845,#3846);
#3844 = CARTESIAN_POINT('',(100.1,-88.2,1.6));
#3845 = DIRECTION('',(-0.,0.,-1.));
#3846 = DIRECTION('',(-0.,-1.,0.));
#3847 = FACE_BOUND('',#3848,.F.);
#3848 = EDGE_LOOP('',(#3849,#3860,#3869,#3878));
#3849 = ORIENTED_EDGE('',*,*,#3850,.F.);
#3850 = EDGE_CURVE('',#3851,#3853,#3855,.T.);
#3851 = VERTEX_POINT('',#3852);
#3852 = CARTESIAN_POINT('',(88.1,-88.75,1.6));
#3853 = VERTEX_POINT('',#3854);
#3854 = CARTESIAN_POINT('',(88.456291876724,-85.79292893152,1.6));
#3855 = CIRCLE('',#3856,1.5);
#3856 = AXIS2_PLACEMENT_3D('',#3857,#3858,#3859);
#3857 = CARTESIAN_POINT('',(88.1,-87.25,1.6));
#3858 = DIRECTION('',(-0.,0.,-1.));
#3859 = DIRECTION('',(-0.,-1.,0.));
#3860 = ORIENTED_EDGE('',*,*,#3861,.F.);
#3861 = EDGE_CURVE('',#3862,#3851,#3864,.T.);
#3862 = VERTEX_POINT('',#3863);
#3863 = CARTESIAN_POINT('',(89.543708123276,-87.65707106847,1.6));
#3864 = CIRCLE('',#3865,1.5);
#3865 = AXIS2_PLACEMENT_3D('',#3866,#3867,#3868);
#3866 = CARTESIAN_POINT('',(88.1,-87.25,1.6));
#3867 = DIRECTION('',(-0.,0.,-1.));
#3868 = DIRECTION('',(-0.,-1.,0.));
#3869 = ORIENTED_EDGE('',*,*,#3870,.F.);
#3870 = EDGE_CURVE('',#3871,#3862,#3873,.T.);
#3871 = VERTEX_POINT('',#3872);
#3872 = CARTESIAN_POINT('',(89.9,-87.7,1.6));
#3873 = CIRCLE('',#3874,1.5);
#3874 = AXIS2_PLACEMENT_3D('',#3875,#3876,#3877);
#3875 = CARTESIAN_POINT('',(89.9,-86.2,1.6));
#3876 = DIRECTION('',(-0.,0.,-1.));
#3877 = DIRECTION('',(-0.,-1.,0.));
#3878 = ORIENTED_EDGE('',*,*,#3879,.F.);
#3879 = EDGE_CURVE('',#3853,#3871,#3880,.T.);
#3880 = CIRCLE('',#3881,1.5);
#3881 = AXIS2_PLACEMENT_3D('',#3882,#3883,#3884);
#3882 = CARTESIAN_POINT('',(89.9,-86.2,1.6));
#3883 = DIRECTION('',(-0.,0.,-1.));
#3884 = DIRECTION('',(-0.,-1.,0.));
#3885 = FACE_BOUND('',#3886,.F.);
#3886 = EDGE_LOOP('',(#3887,#3898,#3907,#3916));
#3887 = ORIENTED_EDGE('',*,*,#3888,.F.);
#3888 = EDGE_CURVE('',#3889,#3891,#3893,.T.);
#3889 = VERTEX_POINT('',#3890);
#3890 = CARTESIAN_POINT('',(82.9,-88.75,1.6));
#3891 = VERTEX_POINT('',#3892);
#3892 = CARTESIAN_POINT('',(81.456291876724,-87.65707106847,1.6));
#3893 = CIRCLE('',#3894,1.5);
#3894 = AXIS2_PLACEMENT_3D('',#3895,#3896,#3897);
#3895 = CARTESIAN_POINT('',(82.9,-87.25,1.6));
#3896 = DIRECTION('',(-0.,0.,-1.));
#3897 = DIRECTION('',(-0.,-1.,0.));
#3898 = ORIENTED_EDGE('',*,*,#3899,.F.);
#3899 = EDGE_CURVE('',#3900,#3889,#3902,.T.);
#3900 = VERTEX_POINT('',#3901);
#3901 = CARTESIAN_POINT('',(82.543708123276,-85.79292893152,1.6));
#3902 = CIRCLE('',#3903,1.5);
#3903 = AXIS2_PLACEMENT_3D('',#3904,#3905,#3906);
#3904 = CARTESIAN_POINT('',(82.9,-87.25,1.6));
#3905 = DIRECTION('',(-0.,0.,-1.));
#3906 = DIRECTION('',(-0.,-1.,0.));
#3907 = ORIENTED_EDGE('',*,*,#3908,.F.);
#3908 = EDGE_CURVE('',#3909,#3900,#3911,.T.);
#3909 = VERTEX_POINT('',#3910);
#3910 = CARTESIAN_POINT('',(81.1,-87.7,1.6));
#3911 = CIRCLE('',#3912,1.5);
#3912 = AXIS2_PLACEMENT_3D('',#3913,#3914,#3915);
#3913 = CARTESIAN_POINT('',(81.1,-86.2,1.6));
#3914 = DIRECTION('',(-0.,0.,-1.));
#3915 = DIRECTION('',(-0.,-1.,0.));
#3916 = ORIENTED_EDGE('',*,*,#3917,.F.);
#3917 = EDGE_CURVE('',#3891,#3909,#3918,.T.);
#3918 = CIRCLE('',#3919,1.5);
#3919 = AXIS2_PLACEMENT_3D('',#3920,#3921,#3922);
#3920 = CARTESIAN_POINT('',(81.1,-86.2,1.6));
#3921 = DIRECTION('',(-0.,0.,-1.));
#3922 = DIRECTION('',(-0.,-1.,0.));
#3923 = FACE_BOUND('',#3924,.F.);
#3924 = EDGE_LOOP('',(#3925));
#3925 = ORIENTED_EDGE('',*,*,#3926,.F.);
#3926 = EDGE_CURVE('',#3927,#3927,#3929,.T.);
#3927 = VERTEX_POINT('',#3928);
#3928 = CARTESIAN_POINT('',(85.5,-84.05,1.6));
#3929 = CIRCLE('',#3930,2.55);
#3930 = AXIS2_PLACEMENT_3D('',#3931,#3932,#3933);
#3931 = CARTESIAN_POINT('',(85.5,-81.5,1.6));
#3932 = DIRECTION('',(-0.,0.,-1.));
#3933 = DIRECTION('',(-0.,-1.,0.));
#3934 = FACE_BOUND('',#3935,.F.);
#3935 = EDGE_LOOP('',(#3936,#3947,#3956,#3965));
#3936 = ORIENTED_EDGE('',*,*,#3937,.F.);
#3937 = EDGE_CURVE('',#3938,#3940,#3942,.T.);
#3938 = VERTEX_POINT('',#3939);
#3939 = CARTESIAN_POINT('',(70.9,-82.69097,1.6));
#3940 = VERTEX_POINT('',#3941);
#3941 = CARTESIAN_POINT('',(70.543708123276,-82.64804106847,1.6));
#3942 = CIRCLE('',#3943,1.5);
#3943 = AXIS2_PLACEMENT_3D('',#3944,#3945,#3946);
#3944 = CARTESIAN_POINT('',(70.9,-81.19097,1.6));
#3945 = DIRECTION('',(-0.,0.,-1.));
#3946 = DIRECTION('',(-0.,-1.,0.));
#3947 = ORIENTED_EDGE('',*,*,#3948,.F.);
#3948 = EDGE_CURVE('',#3949,#3938,#3951,.T.);
#3949 = VERTEX_POINT('',#3950);
#3950 = CARTESIAN_POINT('',(69.456291876724,-80.78389893152,1.6));
#3951 = CIRCLE('',#3952,1.5);
#3952 = AXIS2_PLACEMENT_3D('',#3953,#3954,#3955);
#3953 = CARTESIAN_POINT('',(70.9,-81.19097,1.6));
#3954 = DIRECTION('',(-0.,0.,-1.));
#3955 = DIRECTION('',(-0.,-1.,0.));
#3956 = ORIENTED_EDGE('',*,*,#3957,.F.);
#3957 = EDGE_CURVE('',#3958,#3949,#3960,.T.);
#3958 = VERTEX_POINT('',#3959);
#3959 = CARTESIAN_POINT('',(69.1,-83.74097,1.6));
#3960 = CIRCLE('',#3961,1.5);
#3961 = AXIS2_PLACEMENT_3D('',#3962,#3963,#3964);
#3962 = CARTESIAN_POINT('',(69.1,-82.24097,1.6));
#3963 = DIRECTION('',(-0.,0.,-1.));
#3964 = DIRECTION('',(-0.,-1.,0.));
#3965 = ORIENTED_EDGE('',*,*,#3966,.F.);
#3966 = EDGE_CURVE('',#3940,#3958,#3967,.T.);
#3967 = CIRCLE('',#3968,1.5);
#3968 = AXIS2_PLACEMENT_3D('',#3969,#3970,#3971);
#3969 = CARTESIAN_POINT('',(69.1,-82.24097,1.6));
#3970 = DIRECTION('',(-0.,0.,-1.));
#3971 = DIRECTION('',(-0.,-1.,0.));
#3972 = FACE_BOUND('',#3973,.F.);
#3973 = EDGE_LOOP('',(#3974));
#3974 = ORIENTED_EDGE('',*,*,#3975,.F.);
#3975 = EDGE_CURVE('',#3976,#3976,#3978,.T.);
#3976 = VERTEX_POINT('',#3977);
#3977 = CARTESIAN_POINT('',(109.4,-75.99097,1.6));
#3978 = CIRCLE('',#3979,2.1);
#3979 = AXIS2_PLACEMENT_3D('',#3980,#3981,#3982);
#3980 = CARTESIAN_POINT('',(109.4,-73.89097,1.6));
#3981 = DIRECTION('',(-0.,0.,-1.));
#3982 = DIRECTION('',(-0.,-1.,0.));
#3983 = FACE_BOUND('',#3984,.F.);
#3984 = EDGE_LOOP('',(#3985,#3996,#4005,#4014));
#3985 = ORIENTED_EDGE('',*,*,#3986,.F.);
#3986 = EDGE_CURVE('',#3987,#3989,#3991,.T.);
#3987 = VERTEX_POINT('',#3988);
#3988 = CARTESIAN_POINT('',(108.9,-70.7,1.6));
#3989 = VERTEX_POINT('',#3990);
#3990 = CARTESIAN_POINT('',(108.54370812327,-70.65707106847,1.6));
#3991 = CIRCLE('',#3992,1.5);
#3992 = AXIS2_PLACEMENT_3D('',#3993,#3994,#3995);
#3993 = CARTESIAN_POINT('',(108.9,-69.2,1.6));
#3994 = DIRECTION('',(-0.,0.,-1.));
#3995 = DIRECTION('',(-0.,-1.,0.));
#3996 = ORIENTED_EDGE('',*,*,#3997,.F.);
#3997 = EDGE_CURVE('',#3998,#3987,#4000,.T.);
#3998 = VERTEX_POINT('',#3999);
#3999 = CARTESIAN_POINT('',(107.45629187672,-68.79292893152,1.6));
#4000 = CIRCLE('',#4001,1.5);
#4001 = AXIS2_PLACEMENT_3D('',#4002,#4003,#4004);
#4002 = CARTESIAN_POINT('',(108.9,-69.2,1.6));
#4003 = DIRECTION('',(-0.,0.,-1.));
#4004 = DIRECTION('',(-0.,-1.,0.));
#4005 = ORIENTED_EDGE('',*,*,#4006,.F.);
#4006 = EDGE_CURVE('',#4007,#3998,#4009,.T.);
#4007 = VERTEX_POINT('',#4008);
#4008 = CARTESIAN_POINT('',(107.1,-71.75,1.6));
#4009 = CIRCLE('',#4010,1.5);
#4010 = AXIS2_PLACEMENT_3D('',#4011,#4012,#4013);
#4011 = CARTESIAN_POINT('',(107.1,-70.25,1.6));
#4012 = DIRECTION('',(-0.,0.,-1.));
#4013 = DIRECTION('',(-0.,-1.,0.));
#4014 = ORIENTED_EDGE('',*,*,#4015,.F.);
#4015 = EDGE_CURVE('',#3989,#4007,#4016,.T.);
#4016 = CIRCLE('',#4017,1.5);
#4017 = AXIS2_PLACEMENT_3D('',#4018,#4019,#4020);
#4018 = CARTESIAN_POINT('',(107.1,-70.25,1.6));
#4019 = DIRECTION('',(-0.,0.,-1.));
#4020 = DIRECTION('',(-0.,-1.,0.));
#4021 = FACE_BOUND('',#4022,.F.);
#4022 = EDGE_LOOP('',(#4023));
#4023 = ORIENTED_EDGE('',*,*,#4024,.F.);
#4024 = EDGE_CURVE('',#4025,#4025,#4027,.T.);
#4025 = VERTEX_POINT('',#4026);
#4026 = CARTESIAN_POINT('',(129.945,-66.299046,1.6));
#4027 = CIRCLE('',#4028,0.5);
#4028 = AXIS2_PLACEMENT_3D('',#4029,#4030,#4031);
#4029 = CARTESIAN_POINT('',(129.945,-65.799046,1.6));
#4030 = DIRECTION('',(-0.,0.,-1.));
#4031 = DIRECTION('',(-0.,-1.,0.));
#4032 = FACE_BOUND('',#4033,.F.);
#4033 = EDGE_LOOP('',(#4034));
#4034 = ORIENTED_EDGE('',*,*,#4035,.F.);
#4035 = EDGE_CURVE('',#4036,#4036,#4038,.T.);
#4036 = VERTEX_POINT('',#4037);
#4037 = CARTESIAN_POINT('',(129.945,-64.394046,1.6));
#4038 = CIRCLE('',#4039,0.5);
#4039 = AXIS2_PLACEMENT_3D('',#4040,#4041,#4042);
#4040 = CARTESIAN_POINT('',(129.945,-63.894046,1.6));
#4041 = DIRECTION('',(-0.,0.,-1.));
#4042 = DIRECTION('',(-0.,-1.,0.));
#4043 = FACE_BOUND('',#4044,.F.);
#4044 = EDGE_LOOP('',(#4045));
#4045 = ORIENTED_EDGE('',*,*,#4046,.F.);
#4046 = EDGE_CURVE('',#4047,#4047,#4049,.T.);
#4047 = VERTEX_POINT('',#4048);
#4048 = CARTESIAN_POINT('',(121.055,-66.299046,1.6));
#4049 = CIRCLE('',#4050,0.5);
#4050 = AXIS2_PLACEMENT_3D('',#4051,#4052,#4053);
#4051 = CARTESIAN_POINT('',(121.055,-65.799046,1.6));
#4052 = DIRECTION('',(-0.,0.,-1.));
#4053 = DIRECTION('',(-0.,-1.,0.));
#4054 = FACE_BOUND('',#4055,.F.);
#4055 = EDGE_LOOP('',(#4056));
#4056 = ORIENTED_EDGE('',*,*,#4057,.F.);
#4057 = EDGE_CURVE('',#4058,#4058,#4060,.T.);
#4058 = VERTEX_POINT('',#4059);
#4059 = CARTESIAN_POINT('',(121.055,-64.394046,1.6));
#4060 = CIRCLE('',#4061,0.5);
#4061 = AXIS2_PLACEMENT_3D('',#4062,#4063,#4064);
#4062 = CARTESIAN_POINT('',(121.055,-63.894046,1.6));
#4063 = DIRECTION('',(-0.,0.,-1.));
#4064 = DIRECTION('',(-0.,-1.,0.));
#4065 = FACE_BOUND('',#4066,.F.);
#4066 = EDGE_LOOP('',(#4067));
#4067 = ORIENTED_EDGE('',*,*,#4068,.F.);
#4068 = EDGE_CURVE('',#4069,#4069,#4071,.T.);
#4069 = VERTEX_POINT('',#4070);
#4070 = CARTESIAN_POINT('',(127.,-57.336046,1.6));
#4071 = CIRCLE('',#4072,0.45);
#4072 = AXIS2_PLACEMENT_3D('',#4073,#4074,#4075);
#4073 = CARTESIAN_POINT('',(127.,-56.886046,1.6));
#4074 = DIRECTION('',(-0.,0.,-1.));
#4075 = DIRECTION('',(-0.,-1.,0.));
#4076 = FACE_BOUND('',#4077,.F.);
#4077 = EDGE_LOOP('',(#4078));
#4078 = ORIENTED_EDGE('',*,*,#4079,.F.);
#4079 = EDGE_CURVE('',#4080,#4080,#4082,.T.);
#4080 = VERTEX_POINT('',#4081);
#4081 = CARTESIAN_POINT('',(124.,-57.336046,1.6));
#4082 = CIRCLE('',#4083,0.45);
#4083 = AXIS2_PLACEMENT_3D('',#4084,#4085,#4086);
#4084 = CARTESIAN_POINT('',(124.,-56.886046,1.6));
#4085 = DIRECTION('',(-0.,0.,-1.));
#4086 = DIRECTION('',(-0.,-1.,0.));
#4087 = FACE_BOUND('',#4088,.F.);
#4088 = EDGE_LOOP('',(#4089));
#4089 = ORIENTED_EDGE('',*,*,#4090,.F.);
#4090 = EDGE_CURVE('',#4091,#4091,#4093,.T.);
#4091 = VERTEX_POINT('',#4092);
#4092 = CARTESIAN_POINT('',(104.5,-67.05,1.6));
#4093 = CIRCLE('',#4094,2.55);
#4094 = AXIS2_PLACEMENT_3D('',#4095,#4096,#4097);
#4095 = CARTESIAN_POINT('',(104.5,-64.5,1.6));
#4096 = DIRECTION('',(-0.,0.,-1.));
#4097 = DIRECTION('',(-0.,-1.,0.));
#4098 = FACE_BOUND('',#4099,.F.);
#4099 = EDGE_LOOP('',(#4100,#4111,#4120,#4129));
#4100 = ORIENTED_EDGE('',*,*,#4101,.F.);
#4101 = EDGE_CURVE('',#4102,#4104,#4106,.T.);
#4102 = VERTEX_POINT('',#4103);
#4103 = CARTESIAN_POINT('',(101.9,-71.75,1.6));
#4104 = VERTEX_POINT('',#4105);
#4105 = CARTESIAN_POINT('',(100.45629187672,-70.65707106847,1.6));
#4106 = CIRCLE('',#4107,1.5);
#4107 = AXIS2_PLACEMENT_3D('',#4108,#4109,#4110);
#4108 = CARTESIAN_POINT('',(101.9,-70.25,1.6));
#4109 = DIRECTION('',(-0.,0.,-1.));
#4110 = DIRECTION('',(-0.,-1.,0.));
#4111 = ORIENTED_EDGE('',*,*,#4112,.F.);
#4112 = EDGE_CURVE('',#4113,#4102,#4115,.T.);
#4113 = VERTEX_POINT('',#4114);
#4114 = CARTESIAN_POINT('',(101.54370812327,-68.79292893152,1.6));
#4115 = CIRCLE('',#4116,1.5);
#4116 = AXIS2_PLACEMENT_3D('',#4117,#4118,#4119);
#4117 = CARTESIAN_POINT('',(101.9,-70.25,1.6));
#4118 = DIRECTION('',(-0.,0.,-1.));
#4119 = DIRECTION('',(-0.,-1.,0.));
#4120 = ORIENTED_EDGE('',*,*,#4121,.F.);
#4121 = EDGE_CURVE('',#4122,#4113,#4124,.T.);
#4122 = VERTEX_POINT('',#4123);
#4123 = CARTESIAN_POINT('',(100.1,-70.7,1.6));
#4124 = CIRCLE('',#4125,1.5);
#4125 = AXIS2_PLACEMENT_3D('',#4126,#4127,#4128);
#4126 = CARTESIAN_POINT('',(100.1,-69.2,1.6));
#4127 = DIRECTION('',(-0.,0.,-1.));
#4128 = DIRECTION('',(-0.,-1.,0.));
#4129 = ORIENTED_EDGE('',*,*,#4130,.F.);
#4130 = EDGE_CURVE('',#4104,#4122,#4131,.T.);
#4131 = CIRCLE('',#4132,1.5);
#4132 = AXIS2_PLACEMENT_3D('',#4133,#4134,#4135);
#4133 = CARTESIAN_POINT('',(100.1,-69.2,1.6));
#4134 = DIRECTION('',(-0.,0.,-1.));
#4135 = DIRECTION('',(-0.,-1.,0.));
#4136 = FACE_BOUND('',#4137,.F.);
#4137 = EDGE_LOOP('',(#4138,#4149,#4158,#4167));
#4138 = ORIENTED_EDGE('',*,*,#4139,.F.);
#4139 = EDGE_CURVE('',#4140,#4142,#4144,.T.);
#4140 = VERTEX_POINT('',#4141);
#4141 = CARTESIAN_POINT('',(88.1,-69.75,1.6));
#4142 = VERTEX_POINT('',#4143);
#4143 = CARTESIAN_POINT('',(88.456291876724,-66.79292893152,1.6));
#4144 = CIRCLE('',#4145,1.5);
#4145 = AXIS2_PLACEMENT_3D('',#4146,#4147,#4148);
#4146 = CARTESIAN_POINT('',(88.1,-68.25,1.6));
#4147 = DIRECTION('',(-0.,0.,-1.));
#4148 = DIRECTION('',(-0.,-1.,0.));
#4149 = ORIENTED_EDGE('',*,*,#4150,.F.);
#4150 = EDGE_CURVE('',#4151,#4140,#4153,.T.);
#4151 = VERTEX_POINT('',#4152);
#4152 = CARTESIAN_POINT('',(89.543708123276,-68.65707106847,1.6));
#4153 = CIRCLE('',#4154,1.5);
#4154 = AXIS2_PLACEMENT_3D('',#4155,#4156,#4157);
#4155 = CARTESIAN_POINT('',(88.1,-68.25,1.6));
#4156 = DIRECTION('',(-0.,0.,-1.));
#4157 = DIRECTION('',(-0.,-1.,0.));
#4158 = ORIENTED_EDGE('',*,*,#4159,.F.);
#4159 = EDGE_CURVE('',#4160,#4151,#4162,.T.);
#4160 = VERTEX_POINT('',#4161);
#4161 = CARTESIAN_POINT('',(89.9,-68.7,1.6));
#4162 = CIRCLE('',#4163,1.5);
#4163 = AXIS2_PLACEMENT_3D('',#4164,#4165,#4166);
#4164 = CARTESIAN_POINT('',(89.9,-67.2,1.6));
#4165 = DIRECTION('',(-0.,0.,-1.));
#4166 = DIRECTION('',(-0.,-1.,0.));
#4167 = ORIENTED_EDGE('',*,*,#4168,.F.);
#4168 = EDGE_CURVE('',#4142,#4160,#4169,.T.);
#4169 = CIRCLE('',#4170,1.5);
#4170 = AXIS2_PLACEMENT_3D('',#4171,#4172,#4173);
#4171 = CARTESIAN_POINT('',(89.9,-67.2,1.6));
#4172 = DIRECTION('',(-0.,0.,-1.));
#4173 = DIRECTION('',(-0.,-1.,0.));
#4174 = FACE_BOUND('',#4175,.F.);
#4175 = EDGE_LOOP('',(#4176,#4187,#4196,#4205));
#4176 = ORIENTED_EDGE('',*,*,#4177,.F.);
#4177 = EDGE_CURVE('',#4178,#4180,#4182,.T.);
#4178 = VERTEX_POINT('',#4179);
#4179 = CARTESIAN_POINT('',(82.9,-69.75,1.6));
#4180 = VERTEX_POINT('',#4181);
#4181 = CARTESIAN_POINT('',(81.456291876724,-68.65707106847,1.6));
#4182 = CIRCLE('',#4183,1.5);
#4183 = AXIS2_PLACEMENT_3D('',#4184,#4185,#4186);
#4184 = CARTESIAN_POINT('',(82.9,-68.25,1.6));
#4185 = DIRECTION('',(-0.,0.,-1.));
#4186 = DIRECTION('',(-0.,-1.,0.));
#4187 = ORIENTED_EDGE('',*,*,#4188,.F.);
#4188 = EDGE_CURVE('',#4189,#4178,#4191,.T.);
#4189 = VERTEX_POINT('',#4190);
#4190 = CARTESIAN_POINT('',(82.543708123276,-66.79292893152,1.6));
#4191 = CIRCLE('',#4192,1.5);
#4192 = AXIS2_PLACEMENT_3D('',#4193,#4194,#4195);
#4193 = CARTESIAN_POINT('',(82.9,-68.25,1.6));
#4194 = DIRECTION('',(-0.,0.,-1.));
#4195 = DIRECTION('',(-0.,-1.,0.));
#4196 = ORIENTED_EDGE('',*,*,#4197,.F.);
#4197 = EDGE_CURVE('',#4198,#4189,#4200,.T.);
#4198 = VERTEX_POINT('',#4199);
#4199 = CARTESIAN_POINT('',(81.1,-68.7,1.6));
#4200 = CIRCLE('',#4201,1.5);
#4201 = AXIS2_PLACEMENT_3D('',#4202,#4203,#4204);
#4202 = CARTESIAN_POINT('',(81.1,-67.2,1.6));
#4203 = DIRECTION('',(-0.,0.,-1.));
#4204 = DIRECTION('',(-0.,-1.,0.));
#4205 = ORIENTED_EDGE('',*,*,#4206,.F.);
#4206 = EDGE_CURVE('',#4180,#4198,#4207,.T.);
#4207 = CIRCLE('',#4208,1.5);
#4208 = AXIS2_PLACEMENT_3D('',#4209,#4210,#4211);
#4209 = CARTESIAN_POINT('',(81.1,-67.2,1.6));
#4210 = DIRECTION('',(-0.,0.,-1.));
#4211 = DIRECTION('',(-0.,-1.,0.));
#4212 = FACE_BOUND('',#4213,.F.);
#4213 = EDGE_LOOP('',(#4214));
#4214 = ORIENTED_EDGE('',*,*,#4215,.F.);
#4215 = EDGE_CURVE('',#4216,#4216,#4218,.T.);
#4216 = VERTEX_POINT('',#4217);
#4217 = CARTESIAN_POINT('',(85.5,-65.05,1.6));
#4218 = CIRCLE('',#4219,2.55);
#4219 = AXIS2_PLACEMENT_3D('',#4220,#4221,#4222);
#4220 = CARTESIAN_POINT('',(85.5,-62.5,1.6));
#4221 = DIRECTION('',(-0.,0.,-1.));
#4222 = DIRECTION('',(-0.,-1.,0.));
#4223 = FACE_BOUND('',#4224,.F.);
#4224 = EDGE_LOOP('',(#4225,#4236,#4245,#4254));
#4225 = ORIENTED_EDGE('',*,*,#4226,.F.);
#4226 = EDGE_CURVE('',#4227,#4229,#4231,.T.);
#4227 = VERTEX_POINT('',#4228);
#4228 = CARTESIAN_POINT('',(70.9,-63.69097,1.6));
#4229 = VERTEX_POINT('',#4230);
#4230 = CARTESIAN_POINT('',(70.543708123276,-63.64804106847,1.6));
#4231 = CIRCLE('',#4232,1.5);
#4232 = AXIS2_PLACEMENT_3D('',#4233,#4234,#4235);
#4233 = CARTESIAN_POINT('',(70.9,-62.19097,1.6));
#4234 = DIRECTION('',(-0.,0.,-1.));
#4235 = DIRECTION('',(-0.,-1.,0.));
#4236 = ORIENTED_EDGE('',*,*,#4237,.F.);
#4237 = EDGE_CURVE('',#4238,#4227,#4240,.T.);
#4238 = VERTEX_POINT('',#4239);
#4239 = CARTESIAN_POINT('',(69.456291876724,-61.78389893152,1.6));
#4240 = CIRCLE('',#4241,1.5);
#4241 = AXIS2_PLACEMENT_3D('',#4242,#4243,#4244);
#4242 = CARTESIAN_POINT('',(70.9,-62.19097,1.6));
#4243 = DIRECTION('',(-0.,0.,-1.));
#4244 = DIRECTION('',(-0.,-1.,0.));
#4245 = ORIENTED_EDGE('',*,*,#4246,.F.);
#4246 = EDGE_CURVE('',#4247,#4238,#4249,.T.);
#4247 = VERTEX_POINT('',#4248);
#4248 = CARTESIAN_POINT('',(69.1,-64.74097,1.6));
#4249 = CIRCLE('',#4250,1.5);
#4250 = AXIS2_PLACEMENT_3D('',#4251,#4252,#4253);
#4251 = CARTESIAN_POINT('',(69.1,-63.24097,1.6));
#4252 = DIRECTION('',(-0.,0.,-1.));
#4253 = DIRECTION('',(-0.,-1.,0.));
#4254 = ORIENTED_EDGE('',*,*,#4255,.F.);
#4255 = EDGE_CURVE('',#4229,#4247,#4256,.T.);
#4256 = CIRCLE('',#4257,1.5);
#4257 = AXIS2_PLACEMENT_3D('',#4258,#4259,#4260);
#4258 = CARTESIAN_POINT('',(69.1,-63.24097,1.6));
#4259 = DIRECTION('',(-0.,0.,-1.));
#4260 = DIRECTION('',(-0.,-1.,0.));
#4261 = FACE_BOUND('',#4262,.F.);
#4262 = EDGE_LOOP('',(#4263));
#4263 = ORIENTED_EDGE('',*,*,#4264,.F.);
#4264 = EDGE_CURVE('',#4265,#4265,#4267,.T.);
#4265 = VERTEX_POINT('',#4266);
#4266 = CARTESIAN_POINT('',(66.5,-98.05,1.6));
#4267 = CIRCLE('',#4268,2.55);
#4268 = AXIS2_PLACEMENT_3D('',#4269,#4270,#4271);
#4269 = CARTESIAN_POINT('',(66.5,-95.5,1.6));
#4270 = DIRECTION('',(-0.,0.,-1.));
#4271 = DIRECTION('',(-0.,-1.,0.));
#4272 = FACE_BOUND('',#4273,.F.);
#4273 = EDGE_LOOP('',(#4274,#4285,#4294,#4303));
#4274 = ORIENTED_EDGE('',*,*,#4275,.F.);
#4275 = EDGE_CURVE('',#4276,#4278,#4280,.T.);
#4276 = VERTEX_POINT('',#4277);
#4277 = CARTESIAN_POINT('',(62.1,-82.69097,1.6));
#4278 = VERTEX_POINT('',#4279);
#4279 = CARTESIAN_POINT('',(63.543708123276,-80.78389893152,1.6));
#4280 = CIRCLE('',#4281,1.5);
#4281 = AXIS2_PLACEMENT_3D('',#4282,#4283,#4284);
#4282 = CARTESIAN_POINT('',(62.1,-81.19097,1.6));
#4283 = DIRECTION('',(-0.,0.,-1.));
#4284 = DIRECTION('',(-0.,-1.,0.));
#4285 = ORIENTED_EDGE('',*,*,#4286,.F.);
#4286 = EDGE_CURVE('',#4287,#4276,#4289,.T.);
#4287 = VERTEX_POINT('',#4288);
#4288 = CARTESIAN_POINT('',(62.456291876724,-82.64804106847,1.6));
#4289 = CIRCLE('',#4290,1.5);
#4290 = AXIS2_PLACEMENT_3D('',#4291,#4292,#4293);
#4291 = CARTESIAN_POINT('',(62.1,-81.19097,1.6));
#4292 = DIRECTION('',(-0.,0.,-1.));
#4293 = DIRECTION('',(-0.,-1.,0.));
#4294 = ORIENTED_EDGE('',*,*,#4295,.F.);
#4295 = EDGE_CURVE('',#4296,#4287,#4298,.T.);
#4296 = VERTEX_POINT('',#4297);
#4297 = CARTESIAN_POINT('',(63.9,-83.74097,1.6));
#4298 = CIRCLE('',#4299,1.5);
#4299 = AXIS2_PLACEMENT_3D('',#4300,#4301,#4302);
#4300 = CARTESIAN_POINT('',(63.9,-82.24097,1.6));
#4301 = DIRECTION('',(-0.,0.,-1.));
#4302 = DIRECTION('',(-4.736951571734E-15,-1.,0.));
#4303 = ORIENTED_EDGE('',*,*,#4304,.F.);
#4304 = EDGE_CURVE('',#4278,#4296,#4305,.T.);
#4305 = CIRCLE('',#4306,1.5);
#4306 = AXIS2_PLACEMENT_3D('',#4307,#4308,#4309);
#4307 = CARTESIAN_POINT('',(63.9,-82.24097,1.6));
#4308 = DIRECTION('',(-0.,0.,-1.));
#4309 = DIRECTION('',(-4.736951571734E-15,-1.,0.));
#4310 = FACE_BOUND('',#4311,.F.);
#4311 = EDGE_LOOP('',(#4312,#4323,#4332,#4341));
#4312 = ORIENTED_EDGE('',*,*,#4313,.F.);
#4313 = EDGE_CURVE('',#4314,#4316,#4318,.T.);
#4314 = VERTEX_POINT('',#4315);
#4315 = CARTESIAN_POINT('',(51.9,-87.7,1.6));
#4316 = VERTEX_POINT('',#4317);
#4317 = CARTESIAN_POINT('',(51.543708123276,-87.65707106847,1.6));
#4318 = CIRCLE('',#4319,1.5);
#4319 = AXIS2_PLACEMENT_3D('',#4320,#4321,#4322);
#4320 = CARTESIAN_POINT('',(51.9,-86.2,1.6));
#4321 = DIRECTION('',(-0.,0.,-1.));
#4322 = DIRECTION('',(-0.,-1.,0.));
#4323 = ORIENTED_EDGE('',*,*,#4324,.F.);
#4324 = EDGE_CURVE('',#4325,#4314,#4327,.T.);
#4325 = VERTEX_POINT('',#4326);
#4326 = CARTESIAN_POINT('',(50.456291876724,-85.79292893152,1.6));
#4327 = CIRCLE('',#4328,1.5);
#4328 = AXIS2_PLACEMENT_3D('',#4329,#4330,#4331);
#4329 = CARTESIAN_POINT('',(51.9,-86.2,1.6));
#4330 = DIRECTION('',(-0.,0.,-1.));
#4331 = DIRECTION('',(-0.,-1.,0.));
#4332 = ORIENTED_EDGE('',*,*,#4333,.F.);
#4333 = EDGE_CURVE('',#4334,#4325,#4336,.T.);
#4334 = VERTEX_POINT('',#4335);
#4335 = CARTESIAN_POINT('',(50.1,-88.75,1.6));
#4336 = CIRCLE('',#4337,1.5);
#4337 = AXIS2_PLACEMENT_3D('',#4338,#4339,#4340);
#4338 = CARTESIAN_POINT('',(50.1,-87.25,1.6));
#4339 = DIRECTION('',(-0.,0.,-1.));
#4340 = DIRECTION('',(-0.,-1.,0.));
#4341 = ORIENTED_EDGE('',*,*,#4342,.F.);
#4342 = EDGE_CURVE('',#4316,#4334,#4343,.T.);
#4343 = CIRCLE('',#4344,1.5);
#4344 = AXIS2_PLACEMENT_3D('',#4345,#4346,#4347);
#4345 = CARTESIAN_POINT('',(50.1,-87.25,1.6));
#4346 = DIRECTION('',(-0.,0.,-1.));
#4347 = DIRECTION('',(-0.,-1.,0.));
#4348 = FACE_BOUND('',#4349,.F.);
#4349 = EDGE_LOOP('',(#4350,#4361,#4370,#4379));
#4350 = ORIENTED_EDGE('',*,*,#4351,.F.);
#4351 = EDGE_CURVE('',#4352,#4354,#4356,.T.);
#4352 = VERTEX_POINT('',#4353);
#4353 = CARTESIAN_POINT('',(44.9,-88.75,1.6));
#4354 = VERTEX_POINT('',#4355);
#4355 = CARTESIAN_POINT('',(43.456291876724,-87.65707106847,1.6));
#4356 = CIRCLE('',#4357,1.5);
#4357 = AXIS2_PLACEMENT_3D('',#4358,#4359,#4360);
#4358 = CARTESIAN_POINT('',(44.9,-87.25,1.6));
#4359 = DIRECTION('',(-0.,0.,-1.));
#4360 = DIRECTION('',(-0.,-1.,0.));
#4361 = ORIENTED_EDGE('',*,*,#4362,.F.);
#4362 = EDGE_CURVE('',#4363,#4352,#4365,.T.);
#4363 = VERTEX_POINT('',#4364);
#4364 = CARTESIAN_POINT('',(44.543708123276,-85.79292893152,1.6));
#4365 = CIRCLE('',#4366,1.5);
#4366 = AXIS2_PLACEMENT_3D('',#4367,#4368,#4369);
#4367 = CARTESIAN_POINT('',(44.9,-87.25,1.6));
#4368 = DIRECTION('',(-0.,0.,-1.));
#4369 = DIRECTION('',(-0.,-1.,0.));
#4370 = ORIENTED_EDGE('',*,*,#4371,.F.);
#4371 = EDGE_CURVE('',#4372,#4363,#4374,.T.);
#4372 = VERTEX_POINT('',#4373);
#4373 = CARTESIAN_POINT('',(43.1,-87.7,1.6));
#4374 = CIRCLE('',#4375,1.5);
#4375 = AXIS2_PLACEMENT_3D('',#4376,#4377,#4378);
#4376 = CARTESIAN_POINT('',(43.1,-86.2,1.6));
#4377 = DIRECTION('',(-0.,0.,-1.));
#4378 = DIRECTION('',(-0.,-1.,0.));
#4379 = ORIENTED_EDGE('',*,*,#4380,.F.);
#4380 = EDGE_CURVE('',#4354,#4372,#4381,.T.);
#4381 = CIRCLE('',#4382,1.5);
#4382 = AXIS2_PLACEMENT_3D('',#4383,#4384,#4385);
#4383 = CARTESIAN_POINT('',(43.1,-86.2,1.6));
#4384 = DIRECTION('',(-0.,0.,-1.));
#4385 = DIRECTION('',(-0.,-1.,0.));
#4386 = FACE_BOUND('',#4387,.F.);
#4387 = EDGE_LOOP('',(#4388));
#4388 = ORIENTED_EDGE('',*,*,#4389,.F.);
#4389 = EDGE_CURVE('',#4390,#4390,#4392,.T.);
#4390 = VERTEX_POINT('',#4391);
#4391 = CARTESIAN_POINT('',(47.5,-84.05,1.6));
#4392 = CIRCLE('',#4393,2.55);
#4393 = AXIS2_PLACEMENT_3D('',#4394,#4395,#4396);
#4394 = CARTESIAN_POINT('',(47.5,-81.5,1.6));
#4395 = DIRECTION('',(-0.,0.,-1.));
#4396 = DIRECTION('',(-0.,-1.,0.));
#4397 = FACE_BOUND('',#4398,.F.);
#4398 = EDGE_LOOP('',(#4399));
#4399 = ORIENTED_EDGE('',*,*,#4400,.F.);
#4400 = EDGE_CURVE('',#4401,#4401,#4403,.T.);
#4401 = VERTEX_POINT('',#4402);
#4402 = CARTESIAN_POINT('',(28.5,-97.04097,1.6));
#4403 = CIRCLE('',#4404,2.55);
#4404 = AXIS2_PLACEMENT_3D('',#4405,#4406,#4407);
#4405 = CARTESIAN_POINT('',(28.5,-94.49097,1.6));
#4406 = DIRECTION('',(-0.,0.,-1.));
#4407 = DIRECTION('',(-0.,-1.,0.));
#4408 = FACE_BOUND('',#4409,.F.);
#4409 = EDGE_LOOP('',(#4410));
#4410 = ORIENTED_EDGE('',*,*,#4411,.F.);
#4411 = EDGE_CURVE('',#4412,#4412,#4414,.T.);
#4412 = VERTEX_POINT('',#4413);
#4413 = CARTESIAN_POINT('',(9.5,-97.04097,1.6));
#4414 = CIRCLE('',#4415,2.55);
#4415 = AXIS2_PLACEMENT_3D('',#4416,#4417,#4418);
#4416 = CARTESIAN_POINT('',(9.5,-94.49097,1.6));
#4417 = DIRECTION('',(-0.,0.,-1.));
#4418 = DIRECTION('',(-0.,-1.,0.));
#4419 = FACE_BOUND('',#4420,.F.);
#4420 = EDGE_LOOP('',(#4421,#4432,#4441,#4450));
#4421 = ORIENTED_EDGE('',*,*,#4422,.F.);
#4422 = EDGE_CURVE('',#4423,#4425,#4427,.T.);
#4423 = VERTEX_POINT('',#4424);
#4424 = CARTESIAN_POINT('',(32.9,-81.7,1.6));
#4425 = VERTEX_POINT('',#4426);
#4426 = CARTESIAN_POINT('',(32.543708123276,-81.65707106847,1.6));
#4427 = CIRCLE('',#4428,1.5);
#4428 = AXIS2_PLACEMENT_3D('',#4429,#4430,#4431);
#4429 = CARTESIAN_POINT('',(32.9,-80.2,1.6));
#4430 = DIRECTION('',(-0.,0.,-1.));
#4431 = DIRECTION('',(-0.,-1.,0.));
#4432 = ORIENTED_EDGE('',*,*,#4433,.F.);
#4433 = EDGE_CURVE('',#4434,#4423,#4436,.T.);
#4434 = VERTEX_POINT('',#4435);
#4435 = CARTESIAN_POINT('',(31.456291876724,-79.79292893152,1.6));
#4436 = CIRCLE('',#4437,1.5);
#4437 = AXIS2_PLACEMENT_3D('',#4438,#4439,#4440);
#4438 = CARTESIAN_POINT('',(32.9,-80.2,1.6));
#4439 = DIRECTION('',(-0.,0.,-1.));
#4440 = DIRECTION('',(-0.,-1.,0.));
#4441 = ORIENTED_EDGE('',*,*,#4442,.F.);
#4442 = EDGE_CURVE('',#4443,#4434,#4445,.T.);
#4443 = VERTEX_POINT('',#4444);
#4444 = CARTESIAN_POINT('',(31.1,-82.75,1.6));
#4445 = CIRCLE('',#4446,1.5);
#4446 = AXIS2_PLACEMENT_3D('',#4447,#4448,#4449);
#4447 = CARTESIAN_POINT('',(31.1,-81.25,1.6));
#4448 = DIRECTION('',(-0.,0.,-1.));
#4449 = DIRECTION('',(-0.,-1.,0.));
#4450 = ORIENTED_EDGE('',*,*,#4451,.F.);
#4451 = EDGE_CURVE('',#4425,#4443,#4452,.T.);
#4452 = CIRCLE('',#4453,1.5);
#4453 = AXIS2_PLACEMENT_3D('',#4454,#4455,#4456);
#4454 = CARTESIAN_POINT('',(31.1,-81.25,1.6));
#4455 = DIRECTION('',(-0.,0.,-1.));
#4456 = DIRECTION('',(-0.,-1.,0.));
#4457 = FACE_BOUND('',#4458,.F.);
#4458 = EDGE_LOOP('',(#4459,#4470,#4479,#4488));
#4459 = ORIENTED_EDGE('',*,*,#4460,.F.);
#4460 = EDGE_CURVE('',#4461,#4463,#4465,.T.);
#4461 = VERTEX_POINT('',#4462);
#4462 = CARTESIAN_POINT('',(25.9,-82.75,1.6));
#4463 = VERTEX_POINT('',#4464);
#4464 = CARTESIAN_POINT('',(24.456291876724,-81.65707106847,1.6));
#4465 = CIRCLE('',#4466,1.5);
#4466 = AXIS2_PLACEMENT_3D('',#4467,#4468,#4469);
#4467 = CARTESIAN_POINT('',(25.9,-81.25,1.6));
#4468 = DIRECTION('',(-0.,0.,-1.));
#4469 = DIRECTION('',(-0.,-1.,0.));
#4470 = ORIENTED_EDGE('',*,*,#4471,.F.);
#4471 = EDGE_CURVE('',#4472,#4461,#4474,.T.);
#4472 = VERTEX_POINT('',#4473);
#4473 = CARTESIAN_POINT('',(25.543708123276,-79.79292893152,1.6));
#4474 = CIRCLE('',#4475,1.5);
#4475 = AXIS2_PLACEMENT_3D('',#4476,#4477,#4478);
#4476 = CARTESIAN_POINT('',(25.9,-81.25,1.6));
#4477 = DIRECTION('',(-0.,0.,-1.));
#4478 = DIRECTION('',(-0.,-1.,0.));
#4479 = ORIENTED_EDGE('',*,*,#4480,.F.);
#4480 = EDGE_CURVE('',#4481,#4472,#4483,.T.);
#4481 = VERTEX_POINT('',#4482);
#4482 = CARTESIAN_POINT('',(24.1,-81.7,1.6));
#4483 = CIRCLE('',#4484,1.5);
#4484 = AXIS2_PLACEMENT_3D('',#4485,#4486,#4487);
#4485 = CARTESIAN_POINT('',(24.1,-80.2,1.6));
#4486 = DIRECTION('',(-0.,0.,-1.));
#4487 = DIRECTION('',(-0.,-1.,0.));
#4488 = ORIENTED_EDGE('',*,*,#4489,.F.);
#4489 = EDGE_CURVE('',#4463,#4481,#4490,.T.);
#4490 = CIRCLE('',#4491,1.5);
#4491 = AXIS2_PLACEMENT_3D('',#4492,#4493,#4494);
#4492 = CARTESIAN_POINT('',(24.1,-80.2,1.6));
#4493 = DIRECTION('',(-0.,0.,-1.));
#4494 = DIRECTION('',(-0.,-1.,0.));
#4495 = FACE_BOUND('',#4496,.F.);
#4496 = EDGE_LOOP('',(#4497,#4508,#4517,#4526));
#4497 = ORIENTED_EDGE('',*,*,#4498,.F.);
#4498 = EDGE_CURVE('',#4499,#4501,#4503,.T.);
#4499 = VERTEX_POINT('',#4500);
#4500 = CARTESIAN_POINT('',(13.9,-81.7,1.6));
#4501 = VERTEX_POINT('',#4502);
#4502 = CARTESIAN_POINT('',(13.543708123276,-81.65707106847,1.6));
#4503 = CIRCLE('',#4504,1.5);
#4504 = AXIS2_PLACEMENT_3D('',#4505,#4506,#4507);
#4505 = CARTESIAN_POINT('',(13.9,-80.2,1.6));
#4506 = DIRECTION('',(-0.,0.,-1.));
#4507 = DIRECTION('',(-0.,-1.,0.));
#4508 = ORIENTED_EDGE('',*,*,#4509,.F.);
#4509 = EDGE_CURVE('',#4510,#4499,#4512,.T.);
#4510 = VERTEX_POINT('',#4511);
#4511 = CARTESIAN_POINT('',(12.456291876724,-79.79292893152,1.6));
#4512 = CIRCLE('',#4513,1.5);
#4513 = AXIS2_PLACEMENT_3D('',#4514,#4515,#4516);
#4514 = CARTESIAN_POINT('',(13.9,-80.2,1.6));
#4515 = DIRECTION('',(-0.,0.,-1.));
#4516 = DIRECTION('',(-0.,-1.,0.));
#4517 = ORIENTED_EDGE('',*,*,#4518,.F.);
#4518 = EDGE_CURVE('',#4519,#4510,#4521,.T.);
#4519 = VERTEX_POINT('',#4520);
#4520 = CARTESIAN_POINT('',(12.1,-82.75,1.6));
#4521 = CIRCLE('',#4522,1.5);
#4522 = AXIS2_PLACEMENT_3D('',#4523,#4524,#4525);
#4523 = CARTESIAN_POINT('',(12.1,-81.25,1.6));
#4524 = DIRECTION('',(-0.,0.,-1.));
#4525 = DIRECTION('',(-0.,-1.,0.));
#4526 = ORIENTED_EDGE('',*,*,#4527,.F.);
#4527 = EDGE_CURVE('',#4501,#4519,#4528,.T.);
#4528 = CIRCLE('',#4529,1.5);
#4529 = AXIS2_PLACEMENT_3D('',#4530,#4531,#4532);
#4530 = CARTESIAN_POINT('',(12.1,-81.25,1.6));
#4531 = DIRECTION('',(-0.,0.,-1.));
#4532 = DIRECTION('',(-0.,-1.,0.));
#4533 = FACE_BOUND('',#4534,.F.);
#4534 = EDGE_LOOP('',(#4535,#4546,#4555,#4564));
#4535 = ORIENTED_EDGE('',*,*,#4536,.F.);
#4536 = EDGE_CURVE('',#4537,#4539,#4541,.T.);
#4537 = VERTEX_POINT('',#4538);
#4538 = CARTESIAN_POINT('',(6.9,-82.75,1.6));
#4539 = VERTEX_POINT('',#4540);
#4540 = CARTESIAN_POINT('',(5.456291876724,-81.65707106847,1.6));
#4541 = CIRCLE('',#4542,1.5);
#4542 = AXIS2_PLACEMENT_3D('',#4543,#4544,#4545);
#4543 = CARTESIAN_POINT('',(6.9,-81.25,1.6));
#4544 = DIRECTION('',(-0.,0.,-1.));
#4545 = DIRECTION('',(-0.,-1.,0.));
#4546 = ORIENTED_EDGE('',*,*,#4547,.F.);
#4547 = EDGE_CURVE('',#4548,#4537,#4550,.T.);
#4548 = VERTEX_POINT('',#4549);
#4549 = CARTESIAN_POINT('',(6.543708123276,-79.79292893152,1.6));
#4550 = CIRCLE('',#4551,1.5);
#4551 = AXIS2_PLACEMENT_3D('',#4552,#4553,#4554);
#4552 = CARTESIAN_POINT('',(6.9,-81.25,1.6));
#4553 = DIRECTION('',(-0.,0.,-1.));
#4554 = DIRECTION('',(-0.,-1.,0.));
#4555 = ORIENTED_EDGE('',*,*,#4556,.F.);
#4556 = EDGE_CURVE('',#4557,#4548,#4559,.T.);
#4557 = VERTEX_POINT('',#4558);
#4558 = CARTESIAN_POINT('',(5.1,-81.7,1.6));
#4559 = CIRCLE('',#4560,1.5);
#4560 = AXIS2_PLACEMENT_3D('',#4561,#4562,#4563);
#4561 = CARTESIAN_POINT('',(5.1,-80.2,1.6));
#4562 = DIRECTION('',(-0.,0.,-1.));
#4563 = DIRECTION('',(-0.,-1.,0.));
#4564 = ORIENTED_EDGE('',*,*,#4565,.F.);
#4565 = EDGE_CURVE('',#4539,#4557,#4566,.T.);
#4566 = CIRCLE('',#4567,1.5);
#4567 = AXIS2_PLACEMENT_3D('',#4568,#4569,#4570);
#4568 = CARTESIAN_POINT('',(5.1,-80.2,1.6));
#4569 = DIRECTION('',(-0.,0.,-1.));
#4570 = DIRECTION('',(-0.,-1.,0.));
#4571 = FACE_BOUND('',#4572,.F.);
#4572 = EDGE_LOOP('',(#4573));
#4573 = ORIENTED_EDGE('',*,*,#4574,.F.);
#4574 = EDGE_CURVE('',#4575,#4575,#4577,.T.);
#4575 = VERTEX_POINT('',#4576);
#4576 = CARTESIAN_POINT('',(66.5,-79.04097,1.6));
#4577 = CIRCLE('',#4578,2.55);
#4578 = AXIS2_PLACEMENT_3D('',#4579,#4580,#4581);
#4579 = CARTESIAN_POINT('',(66.5,-76.49097,1.6));
#4580 = DIRECTION('',(-0.,0.,-1.));
#4581 = DIRECTION('',(-0.,-1.,0.));
#4582 = FACE_BOUND('',#4583,.F.);
#4583 = EDGE_LOOP('',(#4584));
#4584 = ORIENTED_EDGE('',*,*,#4585,.F.);
#4585 = EDGE_CURVE('',#4586,#4586,#4588,.T.);
#4586 = VERTEX_POINT('',#4587);
#4587 = CARTESIAN_POINT('',(66.5,-69.1,1.6));
#4588 = CIRCLE('',#4589,2.1);
#4589 = AXIS2_PLACEMENT_3D('',#4590,#4591,#4592);
#4590 = CARTESIAN_POINT('',(66.5,-67.,1.6));
#4591 = DIRECTION('',(-0.,0.,-1.));
#4592 = DIRECTION('',(-0.,-1.,0.));
#4593 = FACE_BOUND('',#4594,.F.);
#4594 = EDGE_LOOP('',(#4595,#4606,#4615,#4624));
#4595 = ORIENTED_EDGE('',*,*,#4596,.F.);
#4596 = EDGE_CURVE('',#4597,#4599,#4601,.T.);
#4597 = VERTEX_POINT('',#4598);
#4598 = CARTESIAN_POINT('',(51.9,-68.7,1.6));
#4599 = VERTEX_POINT('',#4600);
#4600 = CARTESIAN_POINT('',(51.543708123276,-68.65707106847,1.6));
#4601 = CIRCLE('',#4602,1.5);
#4602 = AXIS2_PLACEMENT_3D('',#4603,#4604,#4605);
#4603 = CARTESIAN_POINT('',(51.9,-67.2,1.6));
#4604 = DIRECTION('',(-0.,0.,-1.));
#4605 = DIRECTION('',(-0.,-1.,0.));
#4606 = ORIENTED_EDGE('',*,*,#4607,.F.);
#4607 = EDGE_CURVE('',#4608,#4597,#4610,.T.);
#4608 = VERTEX_POINT('',#4609);
#4609 = CARTESIAN_POINT('',(50.456291876724,-66.79292893152,1.6));
#4610 = CIRCLE('',#4611,1.5);
#4611 = AXIS2_PLACEMENT_3D('',#4612,#4613,#4614);
#4612 = CARTESIAN_POINT('',(51.9,-67.2,1.6));
#4613 = DIRECTION('',(-0.,0.,-1.));
#4614 = DIRECTION('',(-0.,-1.,0.));
#4615 = ORIENTED_EDGE('',*,*,#4616,.F.);
#4616 = EDGE_CURVE('',#4617,#4608,#4619,.T.);
#4617 = VERTEX_POINT('',#4618);
#4618 = CARTESIAN_POINT('',(50.1,-69.75,1.6));
#4619 = CIRCLE('',#4620,1.5);
#4620 = AXIS2_PLACEMENT_3D('',#4621,#4622,#4623);
#4621 = CARTESIAN_POINT('',(50.1,-68.25,1.6));
#4622 = DIRECTION('',(-0.,0.,-1.));
#4623 = DIRECTION('',(-0.,-1.,0.));
#4624 = ORIENTED_EDGE('',*,*,#4625,.F.);
#4625 = EDGE_CURVE('',#4599,#4617,#4626,.T.);
#4626 = CIRCLE('',#4627,1.5);
#4627 = AXIS2_PLACEMENT_3D('',#4628,#4629,#4630);
#4628 = CARTESIAN_POINT('',(50.1,-68.25,1.6));
#4629 = DIRECTION('',(-0.,0.,-1.));
#4630 = DIRECTION('',(-0.,-1.,0.));
#4631 = FACE_BOUND('',#4632,.F.);
#4632 = EDGE_LOOP('',(#4633,#4644,#4653,#4662));
#4633 = ORIENTED_EDGE('',*,*,#4634,.F.);
#4634 = EDGE_CURVE('',#4635,#4637,#4639,.T.);
#4635 = VERTEX_POINT('',#4636);
#4636 = CARTESIAN_POINT('',(44.9,-69.75,1.6));
#4637 = VERTEX_POINT('',#4638);
#4638 = CARTESIAN_POINT('',(43.456291876724,-68.65707106847,1.6));
#4639 = CIRCLE('',#4640,1.5);
#4640 = AXIS2_PLACEMENT_3D('',#4641,#4642,#4643);
#4641 = CARTESIAN_POINT('',(44.9,-68.25,1.6));
#4642 = DIRECTION('',(-0.,0.,-1.));
#4643 = DIRECTION('',(-0.,-1.,0.));
#4644 = ORIENTED_EDGE('',*,*,#4645,.F.);
#4645 = EDGE_CURVE('',#4646,#4635,#4648,.T.);
#4646 = VERTEX_POINT('',#4647);
#4647 = CARTESIAN_POINT('',(44.543708123276,-66.79292893152,1.6));
#4648 = CIRCLE('',#4649,1.5);
#4649 = AXIS2_PLACEMENT_3D('',#4650,#4651,#4652);
#4650 = CARTESIAN_POINT('',(44.9,-68.25,1.6));
#4651 = DIRECTION('',(-0.,0.,-1.));
#4652 = DIRECTION('',(-0.,-1.,0.));
#4653 = ORIENTED_EDGE('',*,*,#4654,.F.);
#4654 = EDGE_CURVE('',#4655,#4646,#4657,.T.);
#4655 = VERTEX_POINT('',#4656);
#4656 = CARTESIAN_POINT('',(43.1,-68.7,1.6));
#4657 = CIRCLE('',#4658,1.5);
#4658 = AXIS2_PLACEMENT_3D('',#4659,#4660,#4661);
#4659 = CARTESIAN_POINT('',(43.1,-67.2,1.6));
#4660 = DIRECTION('',(-0.,0.,-1.));
#4661 = DIRECTION('',(-0.,-1.,0.));
#4662 = ORIENTED_EDGE('',*,*,#4663,.F.);
#4663 = EDGE_CURVE('',#4637,#4655,#4664,.T.);
#4664 = CIRCLE('',#4665,1.5);
#4665 = AXIS2_PLACEMENT_3D('',#4666,#4667,#4668);
#4666 = CARTESIAN_POINT('',(43.1,-67.2,1.6));
#4667 = DIRECTION('',(-0.,0.,-1.));
#4668 = DIRECTION('',(-0.,-1.,0.));
#4669 = FACE_BOUND('',#4670,.F.);
#4670 = EDGE_LOOP('',(#4671,#4682,#4691,#4700));
#4671 = ORIENTED_EDGE('',*,*,#4672,.F.);
#4672 = EDGE_CURVE('',#4673,#4675,#4677,.T.);
#4673 = VERTEX_POINT('',#4674);
#4674 = CARTESIAN_POINT('',(62.1,-63.69097,1.6));
#4675 = VERTEX_POINT('',#4676);
#4676 = CARTESIAN_POINT('',(63.543708123276,-61.78389893152,1.6));
#4677 = CIRCLE('',#4678,1.5);
#4678 = AXIS2_PLACEMENT_3D('',#4679,#4680,#4681);
#4679 = CARTESIAN_POINT('',(62.1,-62.19097,1.6));
#4680 = DIRECTION('',(-0.,0.,-1.));
#4681 = DIRECTION('',(-0.,-1.,0.));
#4682 = ORIENTED_EDGE('',*,*,#4683,.F.);
#4683 = EDGE_CURVE('',#4684,#4673,#4686,.T.);
#4684 = VERTEX_POINT('',#4685);
#4685 = CARTESIAN_POINT('',(62.456291876724,-63.64804106847,1.6));
#4686 = CIRCLE('',#4687,1.5);
#4687 = AXIS2_PLACEMENT_3D('',#4688,#4689,#4690);
#4688 = CARTESIAN_POINT('',(62.1,-62.19097,1.6));
#4689 = DIRECTION('',(-0.,0.,-1.));
#4690 = DIRECTION('',(-0.,-1.,0.));
#4691 = ORIENTED_EDGE('',*,*,#4692,.F.);
#4692 = EDGE_CURVE('',#4693,#4684,#4695,.T.);
#4693 = VERTEX_POINT('',#4694);
#4694 = CARTESIAN_POINT('',(63.9,-64.74097,1.6));
#4695 = CIRCLE('',#4696,1.5);
#4696 = AXIS2_PLACEMENT_3D('',#4697,#4698,#4699);
#4697 = CARTESIAN_POINT('',(63.9,-63.24097,1.6));
#4698 = DIRECTION('',(-0.,0.,-1.));
#4699 = DIRECTION('',(-4.736951571734E-15,-1.,0.));
#4700 = ORIENTED_EDGE('',*,*,#4701,.F.);
#4701 = EDGE_CURVE('',#4675,#4693,#4702,.T.);
#4702 = CIRCLE('',#4703,1.5);
#4703 = AXIS2_PLACEMENT_3D('',#4704,#4705,#4706);
#4704 = CARTESIAN_POINT('',(63.9,-63.24097,1.6));
#4705 = DIRECTION('',(-0.,0.,-1.));
#4706 = DIRECTION('',(-4.736951571734E-15,-1.,0.));
#4707 = FACE_BOUND('',#4708,.F.);
#4708 = EDGE_LOOP('',(#4709));
#4709 = ORIENTED_EDGE('',*,*,#4710,.F.);
#4710 = EDGE_CURVE('',#4711,#4711,#4713,.T.);
#4711 = VERTEX_POINT('',#4712);
#4712 = CARTESIAN_POINT('',(66.5,-60.04097,1.6));
#4713 = CIRCLE('',#4714,2.55);
#4714 = AXIS2_PLACEMENT_3D('',#4715,#4716,#4717);
#4715 = CARTESIAN_POINT('',(66.5,-57.49097,1.6));
#4716 = DIRECTION('',(-0.,0.,-1.));
#4717 = DIRECTION('',(-0.,-1.,0.));
#4718 = FACE_BOUND('',#4719,.F.);
#4719 = EDGE_LOOP('',(#4720));
#4720 = ORIENTED_EDGE('',*,*,#4721,.F.);
#4721 = EDGE_CURVE('',#4722,#4722,#4724,.T.);
#4722 = VERTEX_POINT('',#4723);
#4723 = CARTESIAN_POINT('',(47.5,-65.05,1.6));
#4724 = CIRCLE('',#4725,2.55);
#4725 = AXIS2_PLACEMENT_3D('',#4726,#4727,#4728);
#4726 = CARTESIAN_POINT('',(47.5,-62.5,1.6));
#4727 = DIRECTION('',(-0.,0.,-1.));
#4728 = DIRECTION('',(-0.,-1.,0.));
#4729 = FACE_BOUND('',#4730,.F.);
#4730 = EDGE_LOOP('',(#4731));
#4731 = ORIENTED_EDGE('',*,*,#4732,.F.);
#4732 = EDGE_CURVE('',#4733,#4733,#4735,.T.);
#4733 = VERTEX_POINT('',#4734);
#4734 = CARTESIAN_POINT('',(28.5,-78.05,1.6));
#4735 = CIRCLE('',#4736,2.55);
#4736 = AXIS2_PLACEMENT_3D('',#4737,#4738,#4739);
#4737 = CARTESIAN_POINT('',(28.5,-75.5,1.6));
#4738 = DIRECTION('',(-0.,0.,-1.));
#4739 = DIRECTION('',(-0.,-1.,0.));
#4740 = FACE_BOUND('',#4741,.F.);
#4741 = EDGE_LOOP('',(#4742));
#4742 = ORIENTED_EDGE('',*,*,#4743,.F.);
#4743 = EDGE_CURVE('',#4744,#4744,#4746,.T.);
#4744 = VERTEX_POINT('',#4745);
#4745 = CARTESIAN_POINT('',(19.,-74.1,1.6));
#4746 = CIRCLE('',#4747,2.1);
#4747 = AXIS2_PLACEMENT_3D('',#4748,#4749,#4750);
#4748 = CARTESIAN_POINT('',(19.,-72.,1.6));
#4749 = DIRECTION('',(-0.,0.,-1.));
#4750 = DIRECTION('',(-0.,-1.,0.));
#4751 = FACE_BOUND('',#4752,.F.);
#4752 = EDGE_LOOP('',(#4753));
#4753 = ORIENTED_EDGE('',*,*,#4754,.F.);
#4754 = EDGE_CURVE('',#4755,#4755,#4757,.T.);
#4755 = VERTEX_POINT('',#4756);
#4756 = CARTESIAN_POINT('',(9.5,-78.05,1.6));
#4757 = CIRCLE('',#4758,2.55);
#4758 = AXIS2_PLACEMENT_3D('',#4759,#4760,#4761);
#4759 = CARTESIAN_POINT('',(9.5,-75.5,1.6));
#4760 = DIRECTION('',(-0.,0.,-1.));
#4761 = DIRECTION('',(-0.,-1.,0.));
#4762 = PLANE('',#4763);
#4763 = AXIS2_PLACEMENT_3D('',#4764,#4765,#4766);
#4764 = CARTESIAN_POINT('',(74.215486812542,-93.30203378999,1.6));
#4765 = DIRECTION('',(-0.,-0.,-1.));
#4766 = DIRECTION('',(-1.,0.,0.));
#4767 = ADVANCED_FACE('',(#4768),#4779,.T.);
#4768 = FACE_BOUND('',#4769,.T.);
#4769 = EDGE_LOOP('',(#4770,#4776,#4777,#4778));
#4770 = ORIENTED_EDGE('',*,*,#4771,.T.);
#4771 = EDGE_CURVE('',#401,#2715,#4772,.T.);
#4772 = LINE('',#4773,#4774);
#4773 = CARTESIAN_POINT('',(57.8,-49.49097,0.));
#4774 = VECTOR('',#4775,1.);
#4775 = DIRECTION('',(0.,0.,1.));
#4776 = ORIENTED_EDGE('',*,*,#2722,.T.);
#4777 = ORIENTED_EDGE('',*,*,#81,.F.);
#4778 = ORIENTED_EDGE('',*,*,#408,.F.);
#4779 = CYLINDRICAL_SURFACE('',#4780,0.999999252925);
#4780 = AXIS2_PLACEMENT_3D('',#4781,#4782,#4783);
#4781 = CARTESIAN_POINT('',(58.799999252925,-49.49096925292,0.));
#4782 = DIRECTION('',(0.,0.,-1.));
#4783 = DIRECTION('',(-1.,-7.470757420593E-07,-0.));
#4784 = ADVANCED_FACE('',(#4785),#4796,.F.);
#4785 = FACE_BOUND('',#4786,.T.);
#4786 = EDGE_LOOP('',(#4787,#4788,#4789,#4795));
#4787 = ORIENTED_EDGE('',*,*,#121,.T.);
#4788 = ORIENTED_EDGE('',*,*,#2459,.T.);
#4789 = ORIENTED_EDGE('',*,*,#4790,.F.);
#4790 = EDGE_CURVE('',#146,#2460,#4791,.T.);
#4791 = LINE('',#4792,#4793);
#4792 = CARTESIAN_POINT('',(76.2,-53.49097,0.));
#4793 = VECTOR('',#4794,1.);
#4794 = DIRECTION('',(0.,0.,1.));
#4795 = ORIENTED_EDGE('',*,*,#145,.F.);
#4796 = CYLINDRICAL_SURFACE('',#4797,0.999999252925);
#4797 = AXIS2_PLACEMENT_3D('',#4798,#4799,#4800);
#4798 = CARTESIAN_POINT('',(76.199999252925,-52.49097074707,0.));
#4799 = DIRECTION('',(-0.,-0.,-1.));
#4800 = DIRECTION('',(-1.,7.470757491648E-07,0.));
#4801 = ADVANCED_FACE('',(#4802),#4813,.T.);
#4802 = FACE_BOUND('',#4803,.T.);
#4803 = EDGE_LOOP('',(#4804,#4810,#4811,#4812));
#4804 = ORIENTED_EDGE('',*,*,#4805,.T.);
#4805 = EDGE_CURVE('',#392,#2706,#4806,.T.);
#4806 = LINE('',#4807,#4808);
#4807 = CARTESIAN_POINT('',(57.8,-52.69097,0.));
#4808 = VECTOR('',#4809,1.);
#4809 = DIRECTION('',(0.,0.,1.));
#4810 = ORIENTED_EDGE('',*,*,#2714,.T.);
#4811 = ORIENTED_EDGE('',*,*,#4771,.F.);
#4812 = ORIENTED_EDGE('',*,*,#400,.F.);
#4813 = PLANE('',#4814);
#4814 = AXIS2_PLACEMENT_3D('',#4815,#4816,#4817);
#4815 = CARTESIAN_POINT('',(57.8,-52.69097,0.));
#4816 = DIRECTION('',(-1.,0.,0.));
#4817 = DIRECTION('',(0.,1.,0.));
#4818 = ADVANCED_FACE('',(#4819),#4830,.T.);
#4819 = FACE_BOUND('',#4820,.T.);
#4820 = EDGE_LOOP('',(#4821,#4822,#4823,#4829));
#4821 = ORIENTED_EDGE('',*,*,#4790,.T.);
#4822 = ORIENTED_EDGE('',*,*,#2468,.T.);
#4823 = ORIENTED_EDGE('',*,*,#4824,.F.);
#4824 = EDGE_CURVE('',#155,#2469,#4825,.T.);
#4825 = LINE('',#4826,#4827);
#4826 = CARTESIAN_POINT('',(93.2,-53.49097,0.));
#4827 = VECTOR('',#4828,1.);
#4828 = DIRECTION('',(0.,0.,1.));
#4829 = ORIENTED_EDGE('',*,*,#154,.F.);
#4830 = PLANE('',#4831);
#4831 = AXIS2_PLACEMENT_3D('',#4832,#4833,#4834);
#4832 = CARTESIAN_POINT('',(76.2,-53.49097,0.));
#4833 = DIRECTION('',(0.,1.,0.));
#4834 = DIRECTION('',(1.,0.,0.));
#4835 = ADVANCED_FACE('',(#4836),#4847,.F.);
#4836 = FACE_BOUND('',#4837,.T.);
#4837 = EDGE_LOOP('',(#4838,#4844,#4845,#4846));
#4838 = ORIENTED_EDGE('',*,*,#4839,.T.);
#4839 = EDGE_CURVE('',#384,#2698,#4840,.T.);
#4840 = LINE('',#4841,#4842);
#4841 = CARTESIAN_POINT('',(56.8,-53.69097,0.));
#4842 = VECTOR('',#4843,1.);
#4843 = DIRECTION('',(0.,0.,1.));
#4844 = ORIENTED_EDGE('',*,*,#2705,.T.);
#4845 = ORIENTED_EDGE('',*,*,#4805,.F.);
#4846 = ORIENTED_EDGE('',*,*,#391,.F.);
#4847 = CYLINDRICAL_SURFACE('',#4848,0.999999252925);
#4848 = AXIS2_PLACEMENT_3D('',#4849,#4850,#4851);
#4849 = CARTESIAN_POINT('',(56.800000747075,-52.69097074707,0.));
#4850 = DIRECTION('',(-0.,-0.,-1.));
#4851 = DIRECTION('',(-7.470757491648E-07,-1.,0.));
#4852 = ADVANCED_FACE('',(#4853),#4864,.T.);
#4853 = FACE_BOUND('',#4854,.T.);
#4854 = EDGE_LOOP('',(#4855,#4856,#4857,#4863));
#4855 = ORIENTED_EDGE('',*,*,#4824,.T.);
#4856 = ORIENTED_EDGE('',*,*,#2476,.T.);
#4857 = ORIENTED_EDGE('',*,*,#4858,.F.);
#4858 = EDGE_CURVE('',#163,#2477,#4859,.T.);
#4859 = LINE('',#4860,#4861);
#4860 = CARTESIAN_POINT('',(94.2,-54.49097,0.));
#4861 = VECTOR('',#4862,1.);
#4862 = DIRECTION('',(0.,0.,1.));
#4863 = ORIENTED_EDGE('',*,*,#162,.F.);
#4864 = CYLINDRICAL_SURFACE('',#4865,0.999999252925);
#4865 = AXIS2_PLACEMENT_3D('',#4866,#4867,#4868);
#4866 = CARTESIAN_POINT('',(93.200000747075,-54.49096925292,0.));
#4867 = DIRECTION('',(0.,0.,-1.));
#4868 = DIRECTION('',(-7.47075720743E-07,1.,0.));
#4869 = ADVANCED_FACE('',(#4870),#4881,.T.);
#4870 = FACE_BOUND('',#4871,.T.);
#4871 = EDGE_LOOP('',(#4872,#4878,#4879,#4880));
#4872 = ORIENTED_EDGE('',*,*,#4873,.T.);
#4873 = EDGE_CURVE('',#375,#2689,#4874,.T.);
#4874 = LINE('',#4875,#4876);
#4875 = CARTESIAN_POINT('',(39.6,-53.69097,0.));
#4876 = VECTOR('',#4877,1.);
#4877 = DIRECTION('',(0.,0.,1.));
#4878 = ORIENTED_EDGE('',*,*,#2697,.T.);
#4879 = ORIENTED_EDGE('',*,*,#4839,.F.);
#4880 = ORIENTED_EDGE('',*,*,#383,.F.);
#4881 = PLANE('',#4882);
#4882 = AXIS2_PLACEMENT_3D('',#4883,#4884,#4885);
#4883 = CARTESIAN_POINT('',(39.6,-53.69097,0.));
#4884 = DIRECTION('',(0.,1.,0.));
#4885 = DIRECTION('',(1.,0.,0.));
#4886 = ADVANCED_FACE('',(#4887),#4898,.T.);
#4887 = FACE_BOUND('',#4888,.T.);
#4888 = EDGE_LOOP('',(#4889,#4890,#4891,#4897));
#4889 = ORIENTED_EDGE('',*,*,#4858,.T.);
#4890 = ORIENTED_EDGE('',*,*,#2485,.T.);
#4891 = ORIENTED_EDGE('',*,*,#4892,.F.);
#4892 = EDGE_CURVE('',#172,#2486,#4893,.T.);
#4893 = LINE('',#4894,#4895);
#4894 = CARTESIAN_POINT('',(94.2,-54.69097,0.));
#4895 = VECTOR('',#4896,1.);
#4896 = DIRECTION('',(0.,0.,1.));
#4897 = ORIENTED_EDGE('',*,*,#171,.F.);
#4898 = PLANE('',#4899);
#4899 = AXIS2_PLACEMENT_3D('',#4900,#4901,#4902);
#4900 = CARTESIAN_POINT('',(94.2,-54.49097,0.));
#4901 = DIRECTION('',(1.,0.,-0.));
#4902 = DIRECTION('',(0.,-1.,0.));
#4903 = ADVANCED_FACE('',(#4904),#4915,.T.);
#4904 = FACE_BOUND('',#4905,.T.);
#4905 = EDGE_LOOP('',(#4906,#4912,#4913,#4914));
#4906 = ORIENTED_EDGE('',*,*,#4907,.T.);
#4907 = EDGE_CURVE('',#367,#2681,#4908,.T.);
#4908 = LINE('',#4909,#4910);
#4909 = CARTESIAN_POINT('',(38.6,-54.69097,0.));
#4910 = VECTOR('',#4911,1.);
#4911 = DIRECTION('',(0.,0.,1.));
#4912 = ORIENTED_EDGE('',*,*,#2688,.T.);
#4913 = ORIENTED_EDGE('',*,*,#4873,.F.);
#4914 = ORIENTED_EDGE('',*,*,#374,.F.);
#4915 = CYLINDRICAL_SURFACE('',#4916,0.999999252925);
#4916 = AXIS2_PLACEMENT_3D('',#4917,#4918,#4919);
#4917 = CARTESIAN_POINT('',(39.599999252925,-54.69096925292,0.));
#4918 = DIRECTION('',(0.,0.,-1.));
#4919 = DIRECTION('',(-1.,-7.470757420593E-07,-0.));
#4920 = ADVANCED_FACE('',(#4921),#4932,.F.);
#4921 = FACE_BOUND('',#4922,.T.);
#4922 = EDGE_LOOP('',(#4923,#4924,#4925,#4931));
#4923 = ORIENTED_EDGE('',*,*,#4892,.T.);
#4924 = ORIENTED_EDGE('',*,*,#2493,.T.);
#4925 = ORIENTED_EDGE('',*,*,#4926,.F.);
#4926 = EDGE_CURVE('',#180,#2494,#4927,.T.);
#4927 = LINE('',#4928,#4929);
#4928 = CARTESIAN_POINT('',(94.8,-55.29097,0.));
#4929 = VECTOR('',#4930,1.);
#4930 = DIRECTION('',(0.,0.,1.));
#4931 = ORIENTED_EDGE('',*,*,#179,.F.);
#4932 = CYLINDRICAL_SURFACE('',#4933,0.600000234597);
#4933 = AXIS2_PLACEMENT_3D('',#4934,#4935,#4936);
#4934 = CARTESIAN_POINT('',(94.800000234597,-54.6909697654,0.));
#4935 = DIRECTION('',(-0.,-0.,-1.));
#4936 = DIRECTION('',(-1.,-3.909953616065E-07,0.));
#4937 = ADVANCED_FACE('',(#4938),#4949,.T.);
#4938 = FACE_BOUND('',#4939,.T.);
#4939 = EDGE_LOOP('',(#4940,#4946,#4947,#4948));
#4940 = ORIENTED_EDGE('',*,*,#4941,.T.);
#4941 = EDGE_CURVE('',#358,#2672,#4942,.T.);
#4942 = LINE('',#4943,#4944);
#4943 = CARTESIAN_POINT('',(38.6,-65.69097,0.));
#4944 = VECTOR('',#4945,1.);
#4945 = DIRECTION('',(0.,0.,1.));
#4946 = ORIENTED_EDGE('',*,*,#2680,.T.);
#4947 = ORIENTED_EDGE('',*,*,#4907,.F.);
#4948 = ORIENTED_EDGE('',*,*,#366,.F.);
#4949 = PLANE('',#4950);
#4950 = AXIS2_PLACEMENT_3D('',#4951,#4952,#4953);
#4951 = CARTESIAN_POINT('',(38.6,-65.69097,0.));
#4952 = DIRECTION('',(-1.,0.,0.));
#4953 = DIRECTION('',(0.,1.,0.));
#4954 = ADVANCED_FACE('',(#4955),#4966,.T.);
#4955 = FACE_BOUND('',#4956,.T.);
#4956 = EDGE_LOOP('',(#4957,#4958,#4959,#4965));
#4957 = ORIENTED_EDGE('',*,*,#4926,.T.);
#4958 = ORIENTED_EDGE('',*,*,#2502,.T.);
#4959 = ORIENTED_EDGE('',*,*,#4960,.F.);
#4960 = EDGE_CURVE('',#189,#2503,#4961,.T.);
#4961 = LINE('',#4962,#4963);
#4962 = CARTESIAN_POINT('',(138.,-55.29097,0.));
#4963 = VECTOR('',#4964,1.);
#4964 = DIRECTION('',(0.,0.,1.));
#4965 = ORIENTED_EDGE('',*,*,#188,.F.);
#4966 = PLANE('',#4967);
#4967 = AXIS2_PLACEMENT_3D('',#4968,#4969,#4970);
#4968 = CARTESIAN_POINT('',(94.8,-55.29097,0.));
#4969 = DIRECTION('',(0.,1.,0.));
#4970 = DIRECTION('',(1.,0.,0.));
#4971 = ADVANCED_FACE('',(#4972),#4983,.F.);
#4972 = FACE_BOUND('',#4973,.T.);
#4973 = EDGE_LOOP('',(#4974,#4980,#4981,#4982));
#4974 = ORIENTED_EDGE('',*,*,#4975,.T.);
#4975 = EDGE_CURVE('',#350,#2664,#4976,.T.);
#4976 = LINE('',#4977,#4978);
#4977 = CARTESIAN_POINT('',(37.6,-66.69097,0.));
#4978 = VECTOR('',#4979,1.);
#4979 = DIRECTION('',(0.,0.,1.));
#4980 = ORIENTED_EDGE('',*,*,#2671,.T.);
#4981 = ORIENTED_EDGE('',*,*,#4941,.F.);
#4982 = ORIENTED_EDGE('',*,*,#357,.F.);
#4983 = CYLINDRICAL_SURFACE('',#4984,0.999949751089);
#4984 = AXIS2_PLACEMENT_3D('',#4985,#4986,#4987);
#4985 = CARTESIAN_POINT('',(37.600050250173,-65.69102025017,0.));
#4986 = DIRECTION('',(-0.,-0.,-1.));
#4987 = DIRECTION('',(-5.025269834627E-05,-0.999999998737,0.));
#4988 = ADVANCED_FACE('',(#4989),#5000,.T.);
#4989 = FACE_BOUND('',#4990,.T.);
#4990 = EDGE_LOOP('',(#4991,#4992,#4993,#4999));
#4991 = ORIENTED_EDGE('',*,*,#4960,.T.);
#4992 = ORIENTED_EDGE('',*,*,#2510,.T.);
#4993 = ORIENTED_EDGE('',*,*,#4994,.F.);
#4994 = EDGE_CURVE('',#197,#2511,#4995,.T.);
#4995 = LINE('',#4996,#4997);
#4996 = CARTESIAN_POINT('',(139.,-56.29097,0.));
#4997 = VECTOR('',#4998,1.);
#4998 = DIRECTION('',(0.,0.,1.));
#4999 = ORIENTED_EDGE('',*,*,#196,.F.);
#5000 = CYLINDRICAL_SURFACE('',#5001,0.999999252925);
#5001 = AXIS2_PLACEMENT_3D('',#5002,#5003,#5004);
#5002 = CARTESIAN_POINT('',(138.00000074707,-56.29096925292,0.));
#5003 = DIRECTION('',(0.,0.,-1.));
#5004 = DIRECTION('',(-7.470757633756E-07,1.,0.));
#5005 = ADVANCED_FACE('',(#5006),#5017,.T.);
#5006 = FACE_BOUND('',#5007,.T.);
#5007 = EDGE_LOOP('',(#5008,#5014,#5015,#5016));
#5008 = ORIENTED_EDGE('',*,*,#5009,.T.);
#5009 = EDGE_CURVE('',#341,#2655,#5010,.T.);
#5010 = LINE('',#5011,#5012);
#5011 = CARTESIAN_POINT('',(1.6,-66.69097,0.));
#5012 = VECTOR('',#5013,1.);
#5013 = DIRECTION('',(0.,0.,1.));
#5014 = ORIENTED_EDGE('',*,*,#2663,.T.);
#5015 = ORIENTED_EDGE('',*,*,#4975,.F.);
#5016 = ORIENTED_EDGE('',*,*,#349,.F.);
#5017 = PLANE('',#5018);
#5018 = AXIS2_PLACEMENT_3D('',#5019,#5020,#5021);
#5019 = CARTESIAN_POINT('',(1.6,-66.69097,0.));
#5020 = DIRECTION('',(0.,1.,0.));
#5021 = DIRECTION('',(1.,0.,0.));
#5022 = ADVANCED_FACE('',(#5023),#5034,.T.);
#5023 = FACE_BOUND('',#5024,.T.);
#5024 = EDGE_LOOP('',(#5025,#5026,#5027,#5033));
#5025 = ORIENTED_EDGE('',*,*,#4994,.T.);
#5026 = ORIENTED_EDGE('',*,*,#2519,.T.);
#5027 = ORIENTED_EDGE('',*,*,#5028,.F.);
#5028 = EDGE_CURVE('',#206,#2520,#5029,.T.);
#5029 = LINE('',#5030,#5031);
#5030 = CARTESIAN_POINT('',(139.,-134.746655,0.));
#5031 = VECTOR('',#5032,1.);
#5032 = DIRECTION('',(0.,0.,1.));
#5033 = ORIENTED_EDGE('',*,*,#205,.F.);
#5034 = PLANE('',#5035);
#5035 = AXIS2_PLACEMENT_3D('',#5036,#5037,#5038);
#5036 = CARTESIAN_POINT('',(139.,-56.29097,0.));
#5037 = DIRECTION('',(1.,0.,-0.));
#5038 = DIRECTION('',(0.,-1.,0.));
#5039 = ADVANCED_FACE('',(#5040),#5051,.T.);
#5040 = FACE_BOUND('',#5041,.T.);
#5041 = EDGE_LOOP('',(#5042,#5048,#5049,#5050));
#5042 = ORIENTED_EDGE('',*,*,#5043,.T.);
#5043 = EDGE_CURVE('',#333,#2647,#5044,.T.);
#5044 = LINE('',#5045,#5046);
#5045 = CARTESIAN_POINT('',(0.6,-67.69097,0.));
#5046 = VECTOR('',#5047,1.);
#5047 = DIRECTION('',(0.,0.,1.));
#5048 = ORIENTED_EDGE('',*,*,#2654,.T.);
#5049 = ORIENTED_EDGE('',*,*,#5009,.F.);
#5050 = ORIENTED_EDGE('',*,*,#340,.F.);
#5051 = CYLINDRICAL_SURFACE('',#5052,1.000052177833);
#5052 = AXIS2_PLACEMENT_3D('',#5053,#5054,#5055);
#5053 = CARTESIAN_POINT('',(1.600052176472,-67.69102217647,0.));
#5054 = DIRECTION('',(0.,0.,-1.));
#5055 = DIRECTION('',(-0.999999998639,5.217374921418E-05,0.));
#5056 = ADVANCED_FACE('',(#5057),#5068,.T.);
#5057 = FACE_BOUND('',#5058,.T.);
#5058 = EDGE_LOOP('',(#5059,#5060,#5061,#5067));
#5059 = ORIENTED_EDGE('',*,*,#5028,.T.);
#5060 = ORIENTED_EDGE('',*,*,#2527,.T.);
#5061 = ORIENTED_EDGE('',*,*,#5062,.F.);
#5062 = EDGE_CURVE('',#214,#2528,#5063,.T.);
#5063 = LINE('',#5064,#5065);
#5064 = CARTESIAN_POINT('',(138.788024,-135.362299,0.));
#5065 = VECTOR('',#5066,1.);
#5066 = DIRECTION('',(0.,0.,1.));
#5067 = ORIENTED_EDGE('',*,*,#213,.F.);
#5068 = CYLINDRICAL_SURFACE('',#5069,0.999745421632);
#5069 = AXIS2_PLACEMENT_3D('',#5070,#5071,#5072);
#5070 = CARTESIAN_POINT('',(138.00025458216,-134.7467421363,0.));
#5071 = DIRECTION('',(0.,0.,-1.));
#5072 = DIRECTION('',(0.999999996202,8.71585290166E-05,0.));
#5073 = ADVANCED_FACE('',(#5074),#5085,.T.);
#5074 = FACE_BOUND('',#5075,.T.);
#5075 = EDGE_LOOP('',(#5076,#5082,#5083,#5084));
#5076 = ORIENTED_EDGE('',*,*,#5077,.T.);
#5077 = EDGE_CURVE('',#324,#2638,#5078,.T.);
#5078 = LINE('',#5079,#5080);
#5079 = CARTESIAN_POINT('',(0.6,-121.29097,0.));
#5080 = VECTOR('',#5081,1.);
#5081 = DIRECTION('',(0.,0.,1.));
#5082 = ORIENTED_EDGE('',*,*,#2646,.T.);
#5083 = ORIENTED_EDGE('',*,*,#5043,.F.);
#5084 = ORIENTED_EDGE('',*,*,#332,.F.);
#5085 = PLANE('',#5086);
#5086 = AXIS2_PLACEMENT_3D('',#5087,#5088,#5089);
#5087 = CARTESIAN_POINT('',(0.6,-121.29097,0.));
#5088 = DIRECTION('',(-1.,0.,0.));
#5089 = DIRECTION('',(0.,1.,0.));
#5090 = ADVANCED_FACE('',(#5091),#5102,.T.);
#5091 = FACE_BOUND('',#5092,.T.);
#5092 = EDGE_LOOP('',(#5093,#5094,#5095,#5101));
#5093 = ORIENTED_EDGE('',*,*,#5062,.T.);
#5094 = ORIENTED_EDGE('',*,*,#2536,.T.);
#5095 = ORIENTED_EDGE('',*,*,#5096,.F.);
#5096 = EDGE_CURVE('',#223,#2537,#5097,.T.);
#5097 = LINE('',#5098,#5099);
#5098 = CARTESIAN_POINT('',(129.619619,-147.097858,0.));
#5099 = VECTOR('',#5100,1.);
#5100 = DIRECTION('',(0.,0.,1.));
#5101 = ORIENTED_EDGE('',*,*,#222,.F.);
#5102 = PLANE('',#5103);
#5103 = AXIS2_PLACEMENT_3D('',#5104,#5105,#5106);
#5104 = CARTESIAN_POINT('',(138.788024,-135.362299,0.));
#5105 = DIRECTION('',(0.788024388995,-0.615644022426,0.));
#5106 = DIRECTION('',(-0.615644022426,-0.788024388995,0.));
#5107 = ADVANCED_FACE('',(#5108),#5119,.T.);
#5108 = FACE_BOUND('',#5109,.T.);
#5109 = EDGE_LOOP('',(#5110,#5116,#5117,#5118));
#5110 = ORIENTED_EDGE('',*,*,#5111,.T.);
#5111 = EDGE_CURVE('',#316,#2630,#5112,.T.);
#5112 = LINE('',#5113,#5114);
#5113 = CARTESIAN_POINT('',(1.6,-122.29097,0.));
#5114 = VECTOR('',#5115,1.);
#5115 = DIRECTION('',(0.,0.,1.));
#5116 = ORIENTED_EDGE('',*,*,#2637,.T.);
#5117 = ORIENTED_EDGE('',*,*,#5077,.F.);
#5118 = ORIENTED_EDGE('',*,*,#323,.F.);
#5119 = CYLINDRICAL_SURFACE('',#5120,0.999999252925);
#5120 = AXIS2_PLACEMENT_3D('',#5121,#5122,#5123);
#5121 = CARTESIAN_POINT('',(1.599999252925,-121.290970747,0.));
#5122 = DIRECTION('',(0.,0.,-1.));
#5123 = DIRECTION('',(7.470757302909E-07,-1.,0.));
#5124 = ADVANCED_FACE('',(#5125),#5136,.T.);
#5125 = FACE_BOUND('',#5126,.T.);
#5126 = EDGE_LOOP('',(#5127,#5128,#5129,#5135));
#5127 = ORIENTED_EDGE('',*,*,#5096,.T.);
#5128 = ORIENTED_EDGE('',*,*,#2544,.T.);
#5129 = ORIENTED_EDGE('',*,*,#5130,.F.);
#5130 = EDGE_CURVE('',#231,#2545,#5131,.T.);
#5131 = LINE('',#5132,#5133);
#5132 = CARTESIAN_POINT('',(128.210892,-147.26626,0.));
#5133 = VECTOR('',#5134,1.);
#5134 = DIRECTION('',(0.,0.,1.));
#5135 = ORIENTED_EDGE('',*,*,#230,.F.);
#5136 = CYLINDRICAL_SURFACE('',#5137,1.000022043586);
#5137 = AXIS2_PLACEMENT_3D('',#5138,#5139,#5140);
#5138 = CARTESIAN_POINT('',(128.83159093061,-146.4821828831,0.));
#5139 = DIRECTION('',(-0.,0.,-1.));
#5140 = DIRECTION('',(0.7880106988,-0.615661545475,-0.));
#5141 = ADVANCED_FACE('',(#5142),#5153,.T.);
#5142 = FACE_BOUND('',#5143,.T.);
#5143 = EDGE_LOOP('',(#5144,#5150,#5151,#5152));
#5144 = ORIENTED_EDGE('',*,*,#5145,.T.);
#5145 = EDGE_CURVE('',#308,#2622,#5146,.T.);
#5146 = LINE('',#5147,#5148);
#5147 = CARTESIAN_POINT('',(37.4,-122.29097,0.));
#5148 = VECTOR('',#5149,1.);
#5149 = DIRECTION('',(0.,0.,1.));
#5150 = ORIENTED_EDGE('',*,*,#2629,.T.);
#5151 = ORIENTED_EDGE('',*,*,#5111,.F.);
#5152 = ORIENTED_EDGE('',*,*,#315,.F.);
#5153 = PLANE('',#5154);
#5154 = AXIS2_PLACEMENT_3D('',#5155,#5156,#5157);
#5155 = CARTESIAN_POINT('',(37.4,-122.29097,0.));
#5156 = DIRECTION('',(0.,-1.,0.));
#5157 = DIRECTION('',(-1.,0.,0.));
#5158 = ADVANCED_FACE('',(#5159),#5170,.T.);
#5159 = FACE_BOUND('',#5160,.T.);
#5160 = EDGE_LOOP('',(#5161,#5162,#5163,#5169));
#5161 = ORIENTED_EDGE('',*,*,#5130,.T.);
#5162 = ORIENTED_EDGE('',*,*,#2553,.T.);
#5163 = ORIENTED_EDGE('',*,*,#5164,.F.);
#5164 = EDGE_CURVE('',#240,#2554,#5165,.T.);
#5165 = LINE('',#5166,#5167);
#5166 = CARTESIAN_POINT('',(114.731367,-136.594969,0.));
#5167 = VECTOR('',#5168,1.);
#5168 = DIRECTION('',(0.,0.,1.));
#5169 = ORIENTED_EDGE('',*,*,#239,.F.);
#5170 = PLANE('',#5171);
#5171 = AXIS2_PLACEMENT_3D('',#5172,#5173,#5174);
#5172 = CARTESIAN_POINT('',(128.210892,-147.26626,0.));
#5173 = DIRECTION('',(-0.620702957774,-0.784045813847,0.));
#5174 = DIRECTION('',(-0.784045813847,0.620702957774,0.));
#5175 = ADVANCED_FACE('',(#5176),#5187,.T.);
#5176 = FACE_BOUND('',#5177,.T.);
#5177 = EDGE_LOOP('',(#5178,#5184,#5185,#5186));
#5178 = ORIENTED_EDGE('',*,*,#5179,.T.);
#5179 = EDGE_CURVE('',#299,#2613,#5180,.T.);
#5180 = LINE('',#5181,#5182);
#5181 = CARTESIAN_POINT('',(75.4,-122.29097,0.));
#5182 = VECTOR('',#5183,1.);
#5183 = DIRECTION('',(0.,0.,1.));
#5184 = ORIENTED_EDGE('',*,*,#2621,.T.);
#5185 = ORIENTED_EDGE('',*,*,#5145,.F.);
#5186 = ORIENTED_EDGE('',*,*,#307,.F.);
#5187 = PLANE('',#5188);
#5188 = AXIS2_PLACEMENT_3D('',#5189,#5190,#5191);
#5189 = CARTESIAN_POINT('',(75.4,-122.29097,0.));
#5190 = DIRECTION('',(0.,-1.,0.));
#5191 = DIRECTION('',(-1.,0.,0.));
#5192 = ADVANCED_FACE('',(#5193),#5204,.F.);
#5193 = FACE_BOUND('',#5194,.T.);
#5194 = EDGE_LOOP('',(#5195,#5196,#5197,#5203));
#5195 = ORIENTED_EDGE('',*,*,#5164,.T.);
#5196 = ORIENTED_EDGE('',*,*,#2561,.T.);
#5197 = ORIENTED_EDGE('',*,*,#5198,.F.);
#5198 = EDGE_CURVE('',#248,#2562,#5199,.T.);
#5199 = LINE('',#5200,#5201);
#5200 = CARTESIAN_POINT('',(114.441909,-136.43547,0.));
#5201 = VECTOR('',#5202,1.);
#5202 = DIRECTION('',(0.,0.,1.));
#5203 = ORIENTED_EDGE('',*,*,#247,.F.);
#5204 = CYLINDRICAL_SURFACE('',#5205,1.000008616568);
#5205 = AXIS2_PLACEMENT_3D('',#5206,#5207,#5208);
#5206 = CARTESIAN_POINT('',(114.11065978038,-137.3790224297,0.));
#5207 = DIRECTION('',(-0.,-0.,-1.));
#5208 = DIRECTION('',(0.620701871299,0.784046673972,-0.));
#5209 = ADVANCED_FACE('',(#5210),#5221,.F.);
#5210 = FACE_BOUND('',#5211,.T.);
#5211 = EDGE_LOOP('',(#5212,#5218,#5219,#5220));
#5212 = ORIENTED_EDGE('',*,*,#5213,.T.);
#5213 = EDGE_CURVE('',#291,#2605,#5214,.T.);
#5214 = LINE('',#5215,#5216);
#5215 = CARTESIAN_POINT('',(76.4,-123.29097,0.));
#5216 = VECTOR('',#5217,1.);
#5217 = DIRECTION('',(0.,0.,1.));
#5218 = ORIENTED_EDGE('',*,*,#2612,.T.);
#5219 = ORIENTED_EDGE('',*,*,#5179,.F.);
#5220 = ORIENTED_EDGE('',*,*,#298,.F.);
#5221 = CYLINDRICAL_SURFACE('',#5222,0.999999252925);
#5222 = AXIS2_PLACEMENT_3D('',#5223,#5224,#5225);
#5223 = CARTESIAN_POINT('',(75.400000747075,-123.2909692529,0.));
#5224 = DIRECTION('',(-0.,-0.,-1.));
#5225 = DIRECTION('',(1.,-7.470757491648E-07,0.));
#5226 = ADVANCED_FACE('',(#5227),#5238,.T.);
#5227 = FACE_BOUND('',#5228,.T.);
#5228 = EDGE_LOOP('',(#5229,#5230,#5231,#5237));
#5229 = ORIENTED_EDGE('',*,*,#5198,.T.);
#5230 = ORIENTED_EDGE('',*,*,#2570,.T.);
#5231 = ORIENTED_EDGE('',*,*,#5232,.F.);
#5232 = EDGE_CURVE('',#257,#2571,#5233,.T.);
#5233 = LINE('',#5234,#5235);
#5234 = CARTESIAN_POINT('',(95.960811,-129.947425,0.));
#5235 = VECTOR('',#5236,1.);
#5236 = DIRECTION('',(0.,0.,1.));
#5237 = ORIENTED_EDGE('',*,*,#256,.F.);
#5238 = PLANE('',#5239);
#5239 = AXIS2_PLACEMENT_3D('',#5240,#5241,#5242);
#5240 = CARTESIAN_POINT('',(114.441909,-136.43547,0.));
#5241 = DIRECTION('',(-0.331244502797,-0.943544953549,0.));
#5242 = DIRECTION('',(-0.943544953549,0.331244502797,0.));
#5243 = ADVANCED_FACE('',(#5244),#5255,.T.);
#5244 = FACE_BOUND('',#5245,.T.);
#5245 = EDGE_LOOP('',(#5246,#5252,#5253,#5254));
#5246 = ORIENTED_EDGE('',*,*,#5247,.T.);
#5247 = EDGE_CURVE('',#282,#2596,#5248,.T.);
#5248 = LINE('',#5249,#5250);
#5249 = CARTESIAN_POINT('',(76.4,-128.89097,0.));
#5250 = VECTOR('',#5251,1.);
#5251 = DIRECTION('',(0.,0.,1.));
#5252 = ORIENTED_EDGE('',*,*,#2604,.T.);
#5253 = ORIENTED_EDGE('',*,*,#5213,.F.);
#5254 = ORIENTED_EDGE('',*,*,#290,.F.);
#5255 = PLANE('',#5256);
#5256 = AXIS2_PLACEMENT_3D('',#5257,#5258,#5259);
#5257 = CARTESIAN_POINT('',(76.4,-128.89097,0.));
#5258 = DIRECTION('',(-1.,0.,0.));
#5259 = DIRECTION('',(0.,1.,0.));
#5260 = ADVANCED_FACE('',(#5261),#5272,.F.);
#5261 = FACE_BOUND('',#5262,.T.);
#5262 = EDGE_LOOP('',(#5263,#5264,#5265,#5271));
#5263 = ORIENTED_EDGE('',*,*,#5232,.T.);
#5264 = ORIENTED_EDGE('',*,*,#2578,.T.);
#5265 = ORIENTED_EDGE('',*,*,#5266,.F.);
#5266 = EDGE_CURVE('',#265,#2579,#5267,.T.);
#5267 = LINE('',#5268,#5269);
#5268 = CARTESIAN_POINT('',(95.629567,-129.89097,0.));
#5269 = VECTOR('',#5270,1.);
#5270 = DIRECTION('',(0.,0.,1.));
#5271 = ORIENTED_EDGE('',*,*,#264,.F.);
#5272 = CYLINDRICAL_SURFACE('',#5273,1.000015575656);
#5273 = AXIS2_PLACEMENT_3D('',#5274,#5275,#5276);
#5274 = CARTESIAN_POINT('',(95.62956397491,-130.8909855756,0.));
#5275 = DIRECTION('',(-0.,-0.,-1.));
#5276 = DIRECTION('',(0.331241865781,0.943545879305,-0.));
#5277 = ADVANCED_FACE('',(#5278),#5289,.T.);
#5278 = FACE_BOUND('',#5279,.T.);
#5279 = EDGE_LOOP('',(#5280,#5286,#5287,#5288));
#5280 = ORIENTED_EDGE('',*,*,#5281,.T.);
#5281 = EDGE_CURVE('',#274,#2588,#5282,.T.);
#5282 = LINE('',#5283,#5284);
#5283 = CARTESIAN_POINT('',(77.4,-129.89097,0.));
#5284 = VECTOR('',#5285,1.);
#5285 = DIRECTION('',(0.,0.,1.));
#5286 = ORIENTED_EDGE('',*,*,#2595,.T.);
#5287 = ORIENTED_EDGE('',*,*,#5247,.F.);
#5288 = ORIENTED_EDGE('',*,*,#281,.F.);
#5289 = CYLINDRICAL_SURFACE('',#5290,0.999999252925);
#5290 = AXIS2_PLACEMENT_3D('',#5291,#5292,#5293);
#5291 = CARTESIAN_POINT('',(77.399999252925,-128.890970747,0.));
#5292 = DIRECTION('',(0.,0.,-1.));
#5293 = DIRECTION('',(7.47075720743E-07,-1.,0.));
#5294 = ADVANCED_FACE('',(#5295),#5301,.T.);
#5295 = FACE_BOUND('',#5296,.T.);
#5296 = EDGE_LOOP('',(#5297,#5298,#5299,#5300));
#5297 = ORIENTED_EDGE('',*,*,#5266,.T.);
#5298 = ORIENTED_EDGE('',*,*,#2587,.T.);
#5299 = ORIENTED_EDGE('',*,*,#5281,.F.);
#5300 = ORIENTED_EDGE('',*,*,#273,.F.);
#5301 = PLANE('',#5302);
#5302 = AXIS2_PLACEMENT_3D('',#5303,#5304,#5305);
#5303 = CARTESIAN_POINT('',(95.629567,-129.89097,0.));
#5304 = DIRECTION('',(0.,-1.,0.));
#5305 = DIRECTION('',(-1.,0.,0.));
#5306 = ADVANCED_FACE('',(#5307),#5323,.F.);
#5307 = FACE_BOUND('',#5308,.T.);
#5308 = EDGE_LOOP('',(#5309,#5315,#5316,#5322));
#5309 = ORIENTED_EDGE('',*,*,#5310,.F.);
#5310 = EDGE_CURVE('',#419,#2733,#5311,.T.);
#5311 = LINE('',#5312,#5313);
#5312 = CARTESIAN_POINT('',(127.640776,-143.854521,-4.5E-02));
#5313 = VECTOR('',#5314,1.);
#5314 = DIRECTION('',(0.,0.,1.));
#5315 = ORIENTED_EDGE('',*,*,#418,.T.);
#5316 = ORIENTED_EDGE('',*,*,#5317,.F.);
#5317 = EDGE_CURVE('',#2735,#421,#5318,.T.);
#5318 = LINE('',#5319,#5320);
#5319 = CARTESIAN_POINT('',(126.46295179347,-143.2833536752,-4.5E-02));
#5320 = VECTOR('',#5321,1.);
#5321 = DIRECTION('',(-0.,0.,-1.));
#5322 = ORIENTED_EDGE('',*,*,#2732,.F.);
#5323 = CYLINDRICAL_SURFACE('',#5324,1.5);
#5324 = AXIS2_PLACEMENT_3D('',#5325,#5326,#5327);
#5325 = CARTESIAN_POINT('',(127.640776,-142.354521,-4.5E-02));
#5326 = DIRECTION('',(-0.,0.,-1.));
#5327 = DIRECTION('',(9.473903143468E-15,-1.,-0.));
#5328 = ADVANCED_FACE('',(#5329),#5340,.F.);
#5329 = FACE_BOUND('',#5330,.T.);
#5330 = EDGE_LOOP('',(#5331,#5332,#5338,#5339));
#5331 = ORIENTED_EDGE('',*,*,#447,.T.);
#5332 = ORIENTED_EDGE('',*,*,#5333,.T.);
#5333 = EDGE_CURVE('',#439,#2753,#5334,.T.);
#5334 = LINE('',#5335,#5336);
#5335 = CARTESIAN_POINT('',(125.575912,-143.573742,-4.5E-02));
#5336 = VECTOR('',#5337,1.);
#5337 = DIRECTION('',(0.,0.,1.));
#5338 = ORIENTED_EDGE('',*,*,#2761,.F.);
#5339 = ORIENTED_EDGE('',*,*,#5317,.T.);
#5340 = CYLINDRICAL_SURFACE('',#5341,1.5);
#5341 = AXIS2_PLACEMENT_3D('',#5342,#5343,#5344);
#5342 = CARTESIAN_POINT('',(125.575912,-142.073742,-4.5E-02));
#5343 = DIRECTION('',(-0.,-0.,-1.));
#5344 = DIRECTION('',(-0.,-1.,0.));
#5345 = ADVANCED_FACE('',(#5346),#5357,.F.);
#5346 = FACE_BOUND('',#5347,.T.);
#5347 = EDGE_LOOP('',(#5348,#5349,#5350,#5356));
#5348 = ORIENTED_EDGE('',*,*,#5333,.F.);
#5349 = ORIENTED_EDGE('',*,*,#438,.T.);
#5350 = ORIENTED_EDGE('',*,*,#5351,.F.);
#5351 = EDGE_CURVE('',#2744,#430,#5352,.T.);
#5352 = LINE('',#5353,#5354);
#5353 = CARTESIAN_POINT('',(126.75373620652,-141.1449093247,-4.5E-02));
#5354 = VECTOR('',#5355,1.);
#5355 = DIRECTION('',(-0.,0.,-1.));
#5356 = ORIENTED_EDGE('',*,*,#2752,.F.);
#5357 = CYLINDRICAL_SURFACE('',#5358,1.5);
#5358 = AXIS2_PLACEMENT_3D('',#5359,#5360,#5361);
#5359 = CARTESIAN_POINT('',(125.575912,-142.073742,-4.5E-02));
#5360 = DIRECTION('',(-0.,-0.,-1.));
#5361 = DIRECTION('',(-0.,-1.,0.));
#5362 = ADVANCED_FACE('',(#5363),#5369,.F.);
#5363 = FACE_BOUND('',#5364,.T.);
#5364 = EDGE_LOOP('',(#5365,#5366,#5367,#5368));
#5365 = ORIENTED_EDGE('',*,*,#429,.T.);
#5366 = ORIENTED_EDGE('',*,*,#5310,.T.);
#5367 = ORIENTED_EDGE('',*,*,#2743,.F.);
#5368 = ORIENTED_EDGE('',*,*,#5351,.T.);
#5369 = CYLINDRICAL_SURFACE('',#5370,1.5);
#5370 = AXIS2_PLACEMENT_3D('',#5371,#5372,#5373);
#5371 = CARTESIAN_POINT('',(127.640776,-142.354521,-4.5E-02));
#5372 = DIRECTION('',(-0.,0.,-1.));
#5373 = DIRECTION('',(9.473903143468E-15,-1.,-0.));
#5374 = ADVANCED_FACE('',(#5375),#5386,.F.);
#5375 = FACE_BOUND('',#5376,.T.);
#5376 = EDGE_LOOP('',(#5377,#5378,#5384,#5385));
#5377 = ORIENTED_EDGE('',*,*,#456,.T.);
#5378 = ORIENTED_EDGE('',*,*,#5379,.T.);
#5379 = EDGE_CURVE('',#457,#2771,#5380,.T.);
#5380 = LINE('',#5381,#5382);
#5381 = CARTESIAN_POINT('',(127.067138,-138.49196,-4.5E-02));
#5382 = VECTOR('',#5383,1.);
#5383 = DIRECTION('',(0.,0.,1.));
#5384 = ORIENTED_EDGE('',*,*,#2770,.F.);
#5385 = ORIENTED_EDGE('',*,*,#5379,.F.);
#5386 = CYLINDRICAL_SURFACE('',#5387,2.55);
#5387 = AXIS2_PLACEMENT_3D('',#5388,#5389,#5390);
#5388 = CARTESIAN_POINT('',(127.067138,-135.94196,-4.5E-02));
#5389 = DIRECTION('',(-0.,-0.,-1.));
#5390 = DIRECTION('',(-0.,-1.,0.));
#5391 = ADVANCED_FACE('',(#5392),#5408,.F.);
#5392 = FACE_BOUND('',#5393,.T.);
#5393 = EDGE_LOOP('',(#5394,#5400,#5401,#5407));
#5394 = ORIENTED_EDGE('',*,*,#5395,.F.);
#5395 = EDGE_CURVE('',#468,#2782,#5396,.T.);
#5396 = LINE('',#5397,#5398);
#5397 = CARTESIAN_POINT('',(121.478257,-140.372302,-4.5E-02));
#5398 = VECTOR('',#5399,1.);
#5399 = DIRECTION('',(0.,0.,1.));
#5400 = ORIENTED_EDGE('',*,*,#467,.T.);
#5401 = ORIENTED_EDGE('',*,*,#5402,.F.);
#5402 = EDGE_CURVE('',#2784,#470,#5403,.T.);
#5403 = LINE('',#5404,#5405);
#5404 = CARTESIAN_POINT('',(120.08998148757,-138.3042429347,-4.5E-02));
#5405 = VECTOR('',#5406,1.);
#5406 = DIRECTION('',(-0.,-0.,-1.));
#5407 = ORIENTED_EDGE('',*,*,#2781,.F.);
#5408 = CYLINDRICAL_SURFACE('',#5409,1.5);
#5409 = AXIS2_PLACEMENT_3D('',#5410,#5411,#5412);
#5410 = CARTESIAN_POINT('',(121.478257,-138.872302,-4.5E-02));
#5411 = DIRECTION('',(-0.,-0.,-1.));
#5412 = DIRECTION('',(-0.,-1.,0.));
#5413 = ADVANCED_FACE('',(#5414),#5425,.F.);
#5414 = FACE_BOUND('',#5415,.T.);
#5415 = EDGE_LOOP('',(#5416,#5417,#5418,#5424));
#5416 = ORIENTED_EDGE('',*,*,#5402,.T.);
#5417 = ORIENTED_EDGE('',*,*,#487,.T.);
#5418 = ORIENTED_EDGE('',*,*,#5419,.F.);
#5419 = EDGE_CURVE('',#2793,#479,#5420,.T.);
#5420 = LINE('',#5421,#5422);
#5421 = CARTESIAN_POINT('',(122.09455751242,-137.5047590652,-4.5E-02));
#5422 = VECTOR('',#5423,1.);
#5423 = DIRECTION('',(-0.,-0.,-1.));
#5424 = ORIENTED_EDGE('',*,*,#2801,.F.);
#5425 = CYLINDRICAL_SURFACE('',#5426,1.5);
#5426 = AXIS2_PLACEMENT_3D('',#5427,#5428,#5429);
#5427 = CARTESIAN_POINT('',(120.706282,-136.9367,-4.5E-02));
#5428 = DIRECTION('',(-0.,-0.,-1.));
#5429 = DIRECTION('',(-0.,-1.,0.));
#5430 = ADVANCED_FACE('',(#5431),#5437,.F.);
#5431 = FACE_BOUND('',#5432,.T.);
#5432 = EDGE_LOOP('',(#5433,#5434,#5435,#5436));
#5433 = ORIENTED_EDGE('',*,*,#478,.T.);
#5434 = ORIENTED_EDGE('',*,*,#5395,.T.);
#5435 = ORIENTED_EDGE('',*,*,#2792,.F.);
#5436 = ORIENTED_EDGE('',*,*,#5419,.T.);
#5437 = CYLINDRICAL_SURFACE('',#5438,1.5);
#5438 = AXIS2_PLACEMENT_3D('',#5439,#5440,#5441);
#5439 = CARTESIAN_POINT('',(121.478257,-138.872302,-4.5E-02));
#5440 = DIRECTION('',(-0.,-0.,-1.));
#5441 = DIRECTION('',(-0.,-1.,0.));
#5442 = ADVANCED_FACE('',(#5443),#5459,.F.);
#5443 = FACE_BOUND('',#5444,.T.);
#5444 = EDGE_LOOP('',(#5445,#5451,#5452,#5458));
#5445 = ORIENTED_EDGE('',*,*,#5446,.F.);
#5446 = EDGE_CURVE('',#497,#2811,#5447,.T.);
#5447 = LINE('',#5448,#5449);
#5448 = CARTESIAN_POINT('',(110.130111,-132.617407,-4.5E-02));
#5449 = VECTOR('',#5450,1.);
#5450 = DIRECTION('',(0.,0.,1.));
#5451 = ORIENTED_EDGE('',*,*,#496,.T.);
#5452 = ORIENTED_EDGE('',*,*,#5453,.F.);
#5453 = EDGE_CURVE('',#2813,#499,#5454,.T.);
#5454 = LINE('',#5455,#5456);
#5455 = CARTESIAN_POINT('',(109.3188552472,-132.3790979699,-4.5E-02));
#5456 = VECTOR('',#5457,1.);
#5457 = DIRECTION('',(-0.,-0.,-1.));
#5458 = ORIENTED_EDGE('',*,*,#2810,.F.);
#5459 = CYLINDRICAL_SURFACE('',#5460,1.5);
#5460 = AXIS2_PLACEMENT_3D('',#5461,#5462,#5463);
#5461 = CARTESIAN_POINT('',(110.130111,-131.117407,-4.5E-02));
#5462 = DIRECTION('',(-0.,-0.,-1.));
#5463 = DIRECTION('',(-0.,-1.,0.));
#5464 = ADVANCED_FACE('',(#5465),#5476,.F.);
#5465 = FACE_BOUND('',#5466,.T.);
#5466 = EDGE_LOOP('',(#5467,#5468,#5474,#5475));
#5467 = ORIENTED_EDGE('',*,*,#525,.T.);
#5468 = ORIENTED_EDGE('',*,*,#5469,.T.);
#5469 = EDGE_CURVE('',#517,#2831,#5470,.T.);
#5470 = LINE('',#5471,#5472);
#5471 = CARTESIAN_POINT('',(108.086332,-133.024179,-4.5E-02));
#5472 = VECTOR('',#5473,1.);
#5473 = DIRECTION('',(0.,0.,1.));
#5474 = ORIENTED_EDGE('',*,*,#2839,.F.);
#5475 = ORIENTED_EDGE('',*,*,#5453,.T.);
#5476 = CYLINDRICAL_SURFACE('',#5477,1.5);
#5477 = AXIS2_PLACEMENT_3D('',#5478,#5479,#5480);
#5478 = CARTESIAN_POINT('',(108.086332,-131.524179,-4.5E-02));
#5479 = DIRECTION('',(-0.,-0.,-1.));
#5480 = DIRECTION('',(-0.,-1.,0.));
#5481 = ADVANCED_FACE('',(#5482),#5493,.F.);
#5482 = FACE_BOUND('',#5483,.T.);
#5483 = EDGE_LOOP('',(#5484,#5485,#5486,#5492));
#5484 = ORIENTED_EDGE('',*,*,#5469,.F.);
#5485 = ORIENTED_EDGE('',*,*,#516,.T.);
#5486 = ORIENTED_EDGE('',*,*,#5487,.F.);
#5487 = EDGE_CURVE('',#2822,#508,#5488,.T.);
#5488 = LINE('',#5489,#5490);
#5489 = CARTESIAN_POINT('',(108.89758775279,-130.26248803,-4.5E-02));
#5490 = VECTOR('',#5491,1.);
#5491 = DIRECTION('',(-0.,-0.,-1.));
#5492 = ORIENTED_EDGE('',*,*,#2830,.F.);
#5493 = CYLINDRICAL_SURFACE('',#5494,1.5);
#5494 = AXIS2_PLACEMENT_3D('',#5495,#5496,#5497);
#5495 = CARTESIAN_POINT('',(108.086332,-131.524179,-4.5E-02));
#5496 = DIRECTION('',(-0.,-0.,-1.));
#5497 = DIRECTION('',(-0.,-1.,0.));
#5498 = ADVANCED_FACE('',(#5499),#5505,.F.);
#5499 = FACE_BOUND('',#5500,.T.);
#5500 = EDGE_LOOP('',(#5501,#5502,#5503,#5504));
#5501 = ORIENTED_EDGE('',*,*,#507,.T.);
#5502 = ORIENTED_EDGE('',*,*,#5446,.T.);
#5503 = ORIENTED_EDGE('',*,*,#2821,.F.);
#5504 = ORIENTED_EDGE('',*,*,#5487,.T.);
#5505 = CYLINDRICAL_SURFACE('',#5506,1.5);
#5506 = AXIS2_PLACEMENT_3D('',#5507,#5508,#5509);
#5507 = CARTESIAN_POINT('',(110.130111,-131.117407,-4.5E-02));
#5508 = DIRECTION('',(-0.,-0.,-1.));
#5509 = DIRECTION('',(-0.,-1.,0.));
#5510 = ADVANCED_FACE('',(#5511),#5527,.F.);
#5511 = FACE_BOUND('',#5512,.T.);
#5512 = EDGE_LOOP('',(#5513,#5519,#5520,#5526));
#5513 = ORIENTED_EDGE('',*,*,#5514,.F.);
#5514 = EDGE_CURVE('',#535,#2849,#5515,.T.);
#5515 = LINE('',#5516,#5517);
#5516 = CARTESIAN_POINT('',(103.169634,-131.331225,-4.5E-02));
#5517 = VECTOR('',#5518,1.);
#5518 = DIRECTION('',(0.,0.,1.));
#5519 = ORIENTED_EDGE('',*,*,#534,.T.);
#5520 = ORIENTED_EDGE('',*,*,#5521,.F.);
#5521 = EDGE_CURVE('',#2851,#537,#5522,.T.);
#5522 = LINE('',#5523,#5524);
#5523 = CARTESIAN_POINT('',(101.67205176943,-129.7460929689,-4.5E-02));
#5524 = VECTOR('',#5525,1.);
#5525 = DIRECTION('',(-0.,-0.,-1.));
#5526 = ORIENTED_EDGE('',*,*,#2848,.F.);
#5527 = CYLINDRICAL_SURFACE('',#5528,1.5);
#5528 = AXIS2_PLACEMENT_3D('',#5529,#5530,#5531);
#5529 = CARTESIAN_POINT('',(103.169634,-129.831225,-4.5E-02));
#5530 = DIRECTION('',(-0.,-0.,-1.));
#5531 = DIRECTION('',(-0.,-1.,0.));
#5532 = ADVANCED_FACE('',(#5533),#5544,.F.);
#5533 = FACE_BOUND('',#5534,.T.);
#5534 = EDGE_LOOP('',(#5535,#5536,#5537,#5543));
#5535 = ORIENTED_EDGE('',*,*,#5521,.T.);
#5536 = ORIENTED_EDGE('',*,*,#554,.T.);
#5537 = ORIENTED_EDGE('',*,*,#5538,.F.);
#5538 = EDGE_CURVE('',#2860,#546,#5539,.T.);
#5539 = LINE('',#5540,#5541);
#5540 = CARTESIAN_POINT('',(103.30713023056,-128.337540031,-4.5E-02));
#5541 = VECTOR('',#5542,1.);
#5542 = DIRECTION('',(-0.,-0.,-1.));
#5543 = ORIENTED_EDGE('',*,*,#2868,.F.);
#5544 = CYLINDRICAL_SURFACE('',#5545,1.5);
#5545 = AXIS2_PLACEMENT_3D('',#5546,#5547,#5548);
#5546 = CARTESIAN_POINT('',(101.809548,-128.252408,-4.5E-02));
#5547 = DIRECTION('',(-0.,-0.,-1.));
#5548 = DIRECTION('',(-0.,-1.,0.));
#5549 = ADVANCED_FACE('',(#5550),#5556,.F.);
#5550 = FACE_BOUND('',#5551,.T.);
#5551 = EDGE_LOOP('',(#5552,#5553,#5554,#5555));
#5552 = ORIENTED_EDGE('',*,*,#545,.T.);
#5553 = ORIENTED_EDGE('',*,*,#5514,.T.);
#5554 = ORIENTED_EDGE('',*,*,#2859,.F.);
#5555 = ORIENTED_EDGE('',*,*,#5538,.T.);
#5556 = CYLINDRICAL_SURFACE('',#5557,1.5);
#5557 = AXIS2_PLACEMENT_3D('',#5558,#5559,#5560);
#5558 = CARTESIAN_POINT('',(103.169634,-129.831225,-4.5E-02));
#5559 = DIRECTION('',(-0.,-0.,-1.));
#5560 = DIRECTION('',(-0.,-1.,0.));
#5561 = ADVANCED_FACE('',(#5562),#5573,.F.);
#5562 = FACE_BOUND('',#5563,.T.);
#5563 = EDGE_LOOP('',(#5564,#5565,#5571,#5572));
#5564 = ORIENTED_EDGE('',*,*,#563,.T.);
#5565 = ORIENTED_EDGE('',*,*,#5566,.T.);
#5566 = EDGE_CURVE('',#564,#2878,#5567,.T.);
#5567 = LINE('',#5568,#5569);
#5568 = CARTESIAN_POINT('',(107.5,-127.79097,-4.5E-02));
#5569 = VECTOR('',#5570,1.);
#5570 = DIRECTION('',(0.,0.,1.));
#5571 = ORIENTED_EDGE('',*,*,#2877,.F.);
#5572 = ORIENTED_EDGE('',*,*,#5566,.F.);
#5573 = CYLINDRICAL_SURFACE('',#5574,2.55);
#5574 = AXIS2_PLACEMENT_3D('',#5575,#5576,#5577);
#5575 = CARTESIAN_POINT('',(107.5,-125.24097,-4.5E-02));
#5576 = DIRECTION('',(-0.,-0.,-1.));
#5577 = DIRECTION('',(-0.,-1.,0.));
#5578 = ADVANCED_FACE('',(#5579),#5595,.F.);
#5579 = FACE_BOUND('',#5580,.T.);
#5580 = EDGE_LOOP('',(#5581,#5587,#5588,#5594));
#5581 = ORIENTED_EDGE('',*,*,#5582,.F.);
#5582 = EDGE_CURVE('',#575,#2889,#5583,.T.);
#5583 = LINE('',#5584,#5585);
#5584 = CARTESIAN_POINT('',(88.1,-128.74097,-4.5E-02));
#5585 = VECTOR('',#5586,1.);
#5586 = DIRECTION('',(0.,0.,1.));
#5587 = ORIENTED_EDGE('',*,*,#574,.T.);
#5588 = ORIENTED_EDGE('',*,*,#5589,.F.);
#5589 = EDGE_CURVE('',#2891,#577,#5590,.T.);
#5590 = LINE('',#5591,#5592);
#5591 = CARTESIAN_POINT('',(88.456291876724,-125.7838989315,-4.5E-02));
#5592 = VECTOR('',#5593,1.);
#5593 = DIRECTION('',(-0.,-0.,-1.));
#5594 = ORIENTED_EDGE('',*,*,#2888,.F.);
#5595 = CYLINDRICAL_SURFACE('',#5596,1.5);
#5596 = AXIS2_PLACEMENT_3D('',#5597,#5598,#5599);
#5597 = CARTESIAN_POINT('',(88.1,-127.24097,-4.5E-02));
#5598 = DIRECTION('',(-0.,-0.,-1.));
#5599 = DIRECTION('',(-0.,-1.,0.));
#5600 = ADVANCED_FACE('',(#5601),#5612,.F.);
#5601 = FACE_BOUND('',#5602,.T.);
#5602 = EDGE_LOOP('',(#5603,#5604,#5610,#5611));
#5603 = ORIENTED_EDGE('',*,*,#603,.T.);
#5604 = ORIENTED_EDGE('',*,*,#5605,.T.);
#5605 = EDGE_CURVE('',#595,#2909,#5606,.T.);
#5606 = LINE('',#5607,#5608);
#5607 = CARTESIAN_POINT('',(89.9,-127.69097,-4.5E-02));
#5608 = VECTOR('',#5609,1.);
#5609 = DIRECTION('',(0.,0.,1.));
#5610 = ORIENTED_EDGE('',*,*,#2917,.F.);
#5611 = ORIENTED_EDGE('',*,*,#5589,.T.);
#5612 = CYLINDRICAL_SURFACE('',#5613,1.5);
#5613 = AXIS2_PLACEMENT_3D('',#5614,#5615,#5616);
#5614 = CARTESIAN_POINT('',(89.9,-126.19097,-4.5E-02));
#5615 = DIRECTION('',(-0.,-0.,-1.));
#5616 = DIRECTION('',(-0.,-1.,0.));
#5617 = ADVANCED_FACE('',(#5618),#5629,.F.);
#5618 = FACE_BOUND('',#5619,.T.);
#5619 = EDGE_LOOP('',(#5620,#5621,#5622,#5628));
#5620 = ORIENTED_EDGE('',*,*,#5605,.F.);
#5621 = ORIENTED_EDGE('',*,*,#594,.T.);
#5622 = ORIENTED_EDGE('',*,*,#5623,.F.);
#5623 = EDGE_CURVE('',#2900,#586,#5624,.T.);
#5624 = LINE('',#5625,#5626);
#5625 = CARTESIAN_POINT('',(89.543708123276,-127.6480410684,-4.5E-02));
#5626 = VECTOR('',#5627,1.);
#5627 = DIRECTION('',(-0.,-0.,-1.));
#5628 = ORIENTED_EDGE('',*,*,#2908,.F.);
#5629 = CYLINDRICAL_SURFACE('',#5630,1.5);
#5630 = AXIS2_PLACEMENT_3D('',#5631,#5632,#5633);
#5631 = CARTESIAN_POINT('',(89.9,-126.19097,-4.5E-02));
#5632 = DIRECTION('',(-0.,-0.,-1.));
#5633 = DIRECTION('',(-0.,-1.,0.));
#5634 = ADVANCED_FACE('',(#5635),#5641,.F.);
#5635 = FACE_BOUND('',#5636,.T.);
#5636 = EDGE_LOOP('',(#5637,#5638,#5639,#5640));
#5637 = ORIENTED_EDGE('',*,*,#585,.T.);
#5638 = ORIENTED_EDGE('',*,*,#5582,.T.);
#5639 = ORIENTED_EDGE('',*,*,#2899,.F.);
#5640 = ORIENTED_EDGE('',*,*,#5623,.T.);
#5641 = CYLINDRICAL_SURFACE('',#5642,1.5);
#5642 = AXIS2_PLACEMENT_3D('',#5643,#5644,#5645);
#5643 = CARTESIAN_POINT('',(88.1,-127.24097,-4.5E-02));
#5644 = DIRECTION('',(-0.,-0.,-1.));
#5645 = DIRECTION('',(-0.,-1.,0.));
#5646 = ADVANCED_FACE('',(#5647),#5663,.F.);
#5647 = FACE_BOUND('',#5648,.T.);
#5648 = EDGE_LOOP('',(#5649,#5655,#5656,#5662));
#5649 = ORIENTED_EDGE('',*,*,#5650,.F.);
#5650 = EDGE_CURVE('',#613,#2927,#5651,.T.);
#5651 = LINE('',#5652,#5653);
#5652 = CARTESIAN_POINT('',(82.9,-128.74097,-4.5E-02));
#5653 = VECTOR('',#5654,1.);
#5654 = DIRECTION('',(0.,0.,1.));
#5655 = ORIENTED_EDGE('',*,*,#612,.T.);
#5656 = ORIENTED_EDGE('',*,*,#5657,.F.);
#5657 = EDGE_CURVE('',#2929,#615,#5658,.T.);
#5658 = LINE('',#5659,#5660);
#5659 = CARTESIAN_POINT('',(81.456291876724,-127.6480410684,-4.5E-02));
#5660 = VECTOR('',#5661,1.);
#5661 = DIRECTION('',(-0.,-0.,-1.));
#5662 = ORIENTED_EDGE('',*,*,#2926,.F.);
#5663 = CYLINDRICAL_SURFACE('',#5664,1.5);
#5664 = AXIS2_PLACEMENT_3D('',#5665,#5666,#5667);
#5665 = CARTESIAN_POINT('',(82.9,-127.24097,-4.5E-02));
#5666 = DIRECTION('',(-0.,-0.,-1.));
#5667 = DIRECTION('',(-0.,-1.,0.));
#5668 = ADVANCED_FACE('',(#5669),#5680,.F.);
#5669 = FACE_BOUND('',#5670,.T.);
#5670 = EDGE_LOOP('',(#5671,#5672,#5678,#5679));
#5671 = ORIENTED_EDGE('',*,*,#641,.T.);
#5672 = ORIENTED_EDGE('',*,*,#5673,.T.);
#5673 = EDGE_CURVE('',#633,#2947,#5674,.T.);
#5674 = LINE('',#5675,#5676);
#5675 = CARTESIAN_POINT('',(81.1,-127.69097,-4.5E-02));
#5676 = VECTOR('',#5677,1.);
#5677 = DIRECTION('',(0.,0.,1.));
#5678 = ORIENTED_EDGE('',*,*,#2955,.F.);
#5679 = ORIENTED_EDGE('',*,*,#5657,.T.);
#5680 = CYLINDRICAL_SURFACE('',#5681,1.5);
#5681 = AXIS2_PLACEMENT_3D('',#5682,#5683,#5684);
#5682 = CARTESIAN_POINT('',(81.1,-126.19097,-4.5E-02));
#5683 = DIRECTION('',(-0.,-0.,-1.));
#5684 = DIRECTION('',(-0.,-1.,0.));
#5685 = ADVANCED_FACE('',(#5686),#5697,.F.);
#5686 = FACE_BOUND('',#5687,.T.);
#5687 = EDGE_LOOP('',(#5688,#5689,#5690,#5696));
#5688 = ORIENTED_EDGE('',*,*,#5673,.F.);
#5689 = ORIENTED_EDGE('',*,*,#632,.T.);
#5690 = ORIENTED_EDGE('',*,*,#5691,.F.);
#5691 = EDGE_CURVE('',#2938,#624,#5692,.T.);
#5692 = LINE('',#5693,#5694);
#5693 = CARTESIAN_POINT('',(82.543708123276,-125.7838989315,-4.5E-02));
#5694 = VECTOR('',#5695,1.);
#5695 = DIRECTION('',(-0.,-0.,-1.));
#5696 = ORIENTED_EDGE('',*,*,#2946,.F.);
#5697 = CYLINDRICAL_SURFACE('',#5698,1.5);
#5698 = AXIS2_PLACEMENT_3D('',#5699,#5700,#5701);
#5699 = CARTESIAN_POINT('',(81.1,-126.19097,-4.5E-02));
#5700 = DIRECTION('',(-0.,-0.,-1.));
#5701 = DIRECTION('',(-0.,-1.,0.));
#5702 = ADVANCED_FACE('',(#5703),#5709,.F.);
#5703 = FACE_BOUND('',#5704,.T.);
#5704 = EDGE_LOOP('',(#5705,#5706,#5707,#5708));
#5705 = ORIENTED_EDGE('',*,*,#623,.T.);
#5706 = ORIENTED_EDGE('',*,*,#5650,.T.);
#5707 = ORIENTED_EDGE('',*,*,#2937,.F.);
#5708 = ORIENTED_EDGE('',*,*,#5691,.T.);
#5709 = CYLINDRICAL_SURFACE('',#5710,1.5);
#5710 = AXIS2_PLACEMENT_3D('',#5711,#5712,#5713);
#5711 = CARTESIAN_POINT('',(82.9,-127.24097,-4.5E-02));
#5712 = DIRECTION('',(-0.,-0.,-1.));
#5713 = DIRECTION('',(-0.,-1.,0.));
#5714 = ADVANCED_FACE('',(#5715),#5726,.F.);
#5715 = FACE_BOUND('',#5716,.T.);
#5716 = EDGE_LOOP('',(#5717,#5718,#5724,#5725));
#5717 = ORIENTED_EDGE('',*,*,#650,.T.);
#5718 = ORIENTED_EDGE('',*,*,#5719,.T.);
#5719 = EDGE_CURVE('',#651,#2965,#5720,.T.);
#5720 = LINE('',#5721,#5722);
#5721 = CARTESIAN_POINT('',(122.4,-123.19097,-4.5E-02));
#5722 = VECTOR('',#5723,1.);
#5723 = DIRECTION('',(0.,0.,1.));
#5724 = ORIENTED_EDGE('',*,*,#2964,.F.);
#5725 = ORIENTED_EDGE('',*,*,#5719,.F.);
#5726 = CYLINDRICAL_SURFACE('',#5727,2.1);
#5727 = AXIS2_PLACEMENT_3D('',#5728,#5729,#5730);
#5728 = CARTESIAN_POINT('',(122.4,-121.09097,-4.5E-02));
#5729 = DIRECTION('',(-0.,-0.,-1.));
#5730 = DIRECTION('',(-0.,-1.,0.));
#5731 = ADVANCED_FACE('',(#5732),#5748,.F.);
#5732 = FACE_BOUND('',#5733,.F.);
#5733 = EDGE_LOOP('',(#5734,#5740,#5741,#5747));
#5734 = ORIENTED_EDGE('',*,*,#5735,.T.);
#5735 = EDGE_CURVE('',#662,#2976,#5736,.T.);
#5736 = LINE('',#5737,#5738);
#5737 = CARTESIAN_POINT('',(134.,-83.615972,0.));
#5738 = VECTOR('',#5739,1.);
#5739 = DIRECTION('',(0.,0.,1.));
#5740 = ORIENTED_EDGE('',*,*,#2975,.T.);
#5741 = ORIENTED_EDGE('',*,*,#5742,.F.);
#5742 = EDGE_CURVE('',#664,#2978,#5743,.T.);
#5743 = LINE('',#5744,#5745);
#5744 = CARTESIAN_POINT('',(135.,-84.615972,0.));
#5745 = VECTOR('',#5746,1.);
#5746 = DIRECTION('',(0.,0.,1.));
#5747 = ORIENTED_EDGE('',*,*,#661,.F.);
#5748 = CYLINDRICAL_SURFACE('',#5749,1.00000266715);
#5749 = AXIS2_PLACEMENT_3D('',#5750,#5751,#5752);
#5750 = CARTESIAN_POINT('',(133.99999733285,-84.61597466714,0.));
#5751 = DIRECTION('',(0.,0.,-1.));
#5752 = DIRECTION('',(2.667139162621E-06,0.999999999996,0.));
#5753 = ADVANCED_FACE('',(#5754),#5765,.F.);
#5754 = FACE_BOUND('',#5755,.F.);
#5755 = EDGE_LOOP('',(#5756,#5757,#5758,#5764));
#5756 = ORIENTED_EDGE('',*,*,#5742,.T.);
#5757 = ORIENTED_EDGE('',*,*,#3037,.T.);
#5758 = ORIENTED_EDGE('',*,*,#5759,.F.);
#5759 = EDGE_CURVE('',#715,#3029,#5760,.T.);
#5760 = LINE('',#5761,#5762);
#5761 = CARTESIAN_POINT('',(134.999998,-114.61597,0.));
#5762 = VECTOR('',#5763,1.);
#5763 = DIRECTION('',(0.,0.,1.));
#5764 = ORIENTED_EDGE('',*,*,#723,.F.);
#5765 = PLANE('',#5766);
#5766 = AXIS2_PLACEMENT_3D('',#5767,#5768,#5769);
#5767 = CARTESIAN_POINT('',(135.,-84.615972,0.));
#5768 = DIRECTION('',(1.,-6.666667094279E-08,0.));
#5769 = DIRECTION('',(-6.666667094279E-08,-1.,0.));
#5770 = ADVANCED_FACE('',(#5771),#5782,.F.);
#5771 = FACE_BOUND('',#5772,.F.);
#5772 = EDGE_LOOP('',(#5773,#5774,#5775,#5781));
#5773 = ORIENTED_EDGE('',*,*,#5759,.T.);
#5774 = ORIENTED_EDGE('',*,*,#3028,.T.);
#5775 = ORIENTED_EDGE('',*,*,#5776,.F.);
#5776 = EDGE_CURVE('',#707,#3021,#5777,.T.);
#5777 = LINE('',#5778,#5779);
#5778 = CARTESIAN_POINT('',(133.999998,-115.61597,0.));
#5779 = VECTOR('',#5780,1.);
#5780 = DIRECTION('',(0.,0.,1.));
#5781 = ORIENTED_EDGE('',*,*,#714,.F.);
#5782 = CYLINDRICAL_SURFACE('',#5783,1.00000266715);
#5783 = AXIS2_PLACEMENT_3D('',#5784,#5785,#5786);
#5784 = CARTESIAN_POINT('',(133.99999533285,-114.6159673328,0.));
#5785 = DIRECTION('',(0.,0.,-1.));
#5786 = DIRECTION('',(0.999999999996,-2.667139205253E-06,0.));
#5787 = ADVANCED_FACE('',(#5788),#5799,.F.);
#5788 = FACE_BOUND('',#5789,.F.);
#5789 = EDGE_LOOP('',(#5790,#5791,#5792,#5798));
#5790 = ORIENTED_EDGE('',*,*,#5776,.T.);
#5791 = ORIENTED_EDGE('',*,*,#3020,.T.);
#5792 = ORIENTED_EDGE('',*,*,#5793,.F.);
#5793 = EDGE_CURVE('',#698,#3012,#5794,.T.);
#5794 = LINE('',#5795,#5796);
#5795 = CARTESIAN_POINT('',(117.,-115.615968,0.));
#5796 = VECTOR('',#5797,1.);
#5797 = DIRECTION('',(0.,0.,1.));
#5798 = ORIENTED_EDGE('',*,*,#706,.F.);
#5799 = PLANE('',#5800);
#5800 = AXIS2_PLACEMENT_3D('',#5801,#5802,#5803);
#5801 = CARTESIAN_POINT('',(133.999998,-115.61597,0.));
#5802 = DIRECTION('',(-1.176470732033E-07,-1.,0.));
#5803 = DIRECTION('',(-1.,1.176470732033E-07,0.));
#5804 = ADVANCED_FACE('',(#5805),#5816,.F.);
#5805 = FACE_BOUND('',#5806,.F.);
#5806 = EDGE_LOOP('',(#5807,#5808,#5809,#5815));
#5807 = ORIENTED_EDGE('',*,*,#5793,.T.);
#5808 = ORIENTED_EDGE('',*,*,#3011,.T.);
#5809 = ORIENTED_EDGE('',*,*,#5810,.F.);
#5810 = EDGE_CURVE('',#690,#3004,#5811,.T.);
#5811 = LINE('',#5812,#5813);
#5812 = CARTESIAN_POINT('',(116.,-114.615968,0.));
#5813 = VECTOR('',#5814,1.);
#5814 = DIRECTION('',(0.,0.,1.));
#5815 = ORIENTED_EDGE('',*,*,#697,.F.);
#5816 = CYLINDRICAL_SURFACE('',#5817,1.00000266715);
#5817 = AXIS2_PLACEMENT_3D('',#5818,#5819,#5820);
#5818 = CARTESIAN_POINT('',(117.00000266714,-114.6159653328,0.));
#5819 = DIRECTION('',(0.,0.,-1.));
#5820 = DIRECTION('',(-2.667139162621E-06,-0.999999999996,-0.));
#5821 = ADVANCED_FACE('',(#5822),#5833,.F.);
#5822 = FACE_BOUND('',#5823,.F.);
#5823 = EDGE_LOOP('',(#5824,#5825,#5826,#5832));
#5824 = ORIENTED_EDGE('',*,*,#5810,.T.);
#5825 = ORIENTED_EDGE('',*,*,#3003,.T.);
#5826 = ORIENTED_EDGE('',*,*,#5827,.F.);
#5827 = EDGE_CURVE('',#681,#2995,#5828,.T.);
#5828 = LINE('',#5829,#5830);
#5829 = CARTESIAN_POINT('',(116.,-84.61597,0.));
#5830 = VECTOR('',#5831,1.);
#5831 = DIRECTION('',(0.,0.,1.));
#5832 = ORIENTED_EDGE('',*,*,#689,.F.);
#5833 = PLANE('',#5834);
#5834 = AXIS2_PLACEMENT_3D('',#5835,#5836,#5837);
#5835 = CARTESIAN_POINT('',(116.,-114.615968,0.));
#5836 = DIRECTION('',(-1.,0.,0.));
#5837 = DIRECTION('',(0.,1.,0.));
#5838 = ADVANCED_FACE('',(#5839),#5850,.F.);
#5839 = FACE_BOUND('',#5840,.F.);
#5840 = EDGE_LOOP('',(#5841,#5842,#5843,#5849));
#5841 = ORIENTED_EDGE('',*,*,#5827,.T.);
#5842 = ORIENTED_EDGE('',*,*,#2994,.T.);
#5843 = ORIENTED_EDGE('',*,*,#5844,.F.);
#5844 = EDGE_CURVE('',#673,#2987,#5845,.T.);
#5845 = LINE('',#5846,#5847);
#5846 = CARTESIAN_POINT('',(117.,-83.61597,0.));
#5847 = VECTOR('',#5848,1.);
#5848 = DIRECTION('',(0.,0.,1.));
#5849 = ORIENTED_EDGE('',*,*,#680,.F.);
#5850 = CYLINDRICAL_SURFACE('',#5851,1.000000960032);
#5851 = AXIS2_PLACEMENT_3D('',#5852,#5853,#5854);
#5852 = CARTESIAN_POINT('',(117.00000096003,-84.61597096003,0.));
#5853 = DIRECTION('',(0.,0.,-1.));
#5854 = DIRECTION('',(-1.,9.600305069164E-07,0.));
#5855 = ADVANCED_FACE('',(#5856),#5862,.F.);
#5856 = FACE_BOUND('',#5857,.F.);
#5857 = EDGE_LOOP('',(#5858,#5859,#5860,#5861));
#5858 = ORIENTED_EDGE('',*,*,#5844,.T.);
#5859 = ORIENTED_EDGE('',*,*,#2986,.T.);
#5860 = ORIENTED_EDGE('',*,*,#5735,.F.);
#5861 = ORIENTED_EDGE('',*,*,#672,.F.);
#5862 = PLANE('',#5863);
#5863 = AXIS2_PLACEMENT_3D('',#5864,#5865,#5866);
#5864 = CARTESIAN_POINT('',(117.,-83.61597,0.));
#5865 = DIRECTION('',(1.176470585265E-07,1.,-0.));
#5866 = DIRECTION('',(1.,-1.176470585265E-07,0.));
#5867 = ADVANCED_FACE('',(#5868),#5884,.F.);
#5868 = FACE_BOUND('',#5869,.T.);
#5869 = EDGE_LOOP('',(#5870,#5876,#5877,#5883));
#5870 = ORIENTED_EDGE('',*,*,#5871,.F.);
#5871 = EDGE_CURVE('',#732,#3046,#5872,.T.);
#5872 = LINE('',#5873,#5874);
#5873 = CARTESIAN_POINT('',(108.9,-108.7,-4.5E-02));
#5874 = VECTOR('',#5875,1.);
#5875 = DIRECTION('',(0.,0.,1.));
#5876 = ORIENTED_EDGE('',*,*,#731,.T.);
#5877 = ORIENTED_EDGE('',*,*,#5878,.F.);
#5878 = EDGE_CURVE('',#3048,#734,#5879,.T.);
#5879 = LINE('',#5880,#5881);
#5880 = CARTESIAN_POINT('',(108.54370812327,-108.6570710684,-4.5E-02));
#5881 = VECTOR('',#5882,1.);
#5882 = DIRECTION('',(-0.,-0.,-1.));
#5883 = ORIENTED_EDGE('',*,*,#3045,.F.);
#5884 = CYLINDRICAL_SURFACE('',#5885,1.5);
#5885 = AXIS2_PLACEMENT_3D('',#5886,#5887,#5888);
#5886 = CARTESIAN_POINT('',(108.9,-107.2,-4.5E-02));
#5887 = DIRECTION('',(-0.,-0.,-1.));
#5888 = DIRECTION('',(-0.,-1.,0.));
#5889 = ADVANCED_FACE('',(#5890),#5901,.F.);
#5890 = FACE_BOUND('',#5891,.T.);
#5891 = EDGE_LOOP('',(#5892,#5893,#5899,#5900));
#5892 = ORIENTED_EDGE('',*,*,#760,.T.);
#5893 = ORIENTED_EDGE('',*,*,#5894,.T.);
#5894 = EDGE_CURVE('',#752,#3066,#5895,.T.);
#5895 = LINE('',#5896,#5897);
#5896 = CARTESIAN_POINT('',(107.1,-109.75,-4.5E-02));
#5897 = VECTOR('',#5898,1.);
#5898 = DIRECTION('',(0.,0.,1.));
#5899 = ORIENTED_EDGE('',*,*,#3074,.F.);
#5900 = ORIENTED_EDGE('',*,*,#5878,.T.);
#5901 = CYLINDRICAL_SURFACE('',#5902,1.5);
#5902 = AXIS2_PLACEMENT_3D('',#5903,#5904,#5905);
#5903 = CARTESIAN_POINT('',(107.1,-108.25,-4.5E-02));
#5904 = DIRECTION('',(-0.,-0.,-1.));
#5905 = DIRECTION('',(-0.,-1.,0.));
#5906 = ADVANCED_FACE('',(#5907),#5918,.F.);
#5907 = FACE_BOUND('',#5908,.T.);
#5908 = EDGE_LOOP('',(#5909,#5910,#5911,#5917));
#5909 = ORIENTED_EDGE('',*,*,#5894,.F.);
#5910 = ORIENTED_EDGE('',*,*,#751,.T.);
#5911 = ORIENTED_EDGE('',*,*,#5912,.F.);
#5912 = EDGE_CURVE('',#3057,#743,#5913,.T.);
#5913 = LINE('',#5914,#5915);
#5914 = CARTESIAN_POINT('',(107.45629187672,-106.7929289315,-4.5E-02));
#5915 = VECTOR('',#5916,1.);
#5916 = DIRECTION('',(-0.,-0.,-1.));
#5917 = ORIENTED_EDGE('',*,*,#3065,.F.);
#5918 = CYLINDRICAL_SURFACE('',#5919,1.5);
#5919 = AXIS2_PLACEMENT_3D('',#5920,#5921,#5922);
#5920 = CARTESIAN_POINT('',(107.1,-108.25,-4.5E-02));
#5921 = DIRECTION('',(-0.,-0.,-1.));
#5922 = DIRECTION('',(-0.,-1.,0.));
#5923 = ADVANCED_FACE('',(#5924),#5930,.F.);
#5924 = FACE_BOUND('',#5925,.T.);
#5925 = EDGE_LOOP('',(#5926,#5927,#5928,#5929));
#5926 = ORIENTED_EDGE('',*,*,#742,.T.);
#5927 = ORIENTED_EDGE('',*,*,#5871,.T.);
#5928 = ORIENTED_EDGE('',*,*,#3056,.F.);
#5929 = ORIENTED_EDGE('',*,*,#5912,.T.);
#5930 = CYLINDRICAL_SURFACE('',#5931,1.5);
#5931 = AXIS2_PLACEMENT_3D('',#5932,#5933,#5934);
#5932 = CARTESIAN_POINT('',(108.9,-107.2,-4.5E-02));
#5933 = DIRECTION('',(-0.,-0.,-1.));
#5934 = DIRECTION('',(-0.,-1.,0.));
#5935 = ADVANCED_FACE('',(#5936),#5947,.F.);
#5936 = FACE_BOUND('',#5937,.T.);
#5937 = EDGE_LOOP('',(#5938,#5939,#5945,#5946));
#5938 = ORIENTED_EDGE('',*,*,#769,.T.);
#5939 = ORIENTED_EDGE('',*,*,#5940,.T.);
#5940 = EDGE_CURVE('',#770,#3084,#5941,.T.);
#5941 = LINE('',#5942,#5943);
#5942 = CARTESIAN_POINT('',(104.5,-105.05,-4.5E-02));
#5943 = VECTOR('',#5944,1.);
#5944 = DIRECTION('',(0.,0.,1.));
#5945 = ORIENTED_EDGE('',*,*,#3083,.F.);
#5946 = ORIENTED_EDGE('',*,*,#5940,.F.);
#5947 = CYLINDRICAL_SURFACE('',#5948,2.55);
#5948 = AXIS2_PLACEMENT_3D('',#5949,#5950,#5951);
#5949 = CARTESIAN_POINT('',(104.5,-102.5,-4.5E-02));
#5950 = DIRECTION('',(-0.,-0.,-1.));
#5951 = DIRECTION('',(-0.,-1.,0.));
#5952 = ADVANCED_FACE('',(#5953),#5964,.F.);
#5953 = FACE_BOUND('',#5954,.T.);
#5954 = EDGE_LOOP('',(#5955,#5956,#5962,#5963));
#5955 = ORIENTED_EDGE('',*,*,#780,.T.);
#5956 = ORIENTED_EDGE('',*,*,#5957,.T.);
#5957 = EDGE_CURVE('',#781,#3095,#5958,.T.);
#5958 = LINE('',#5959,#5960);
#5959 = CARTESIAN_POINT('',(85.5,-124.04097,-4.5E-02));
#5960 = VECTOR('',#5961,1.);
#5961 = DIRECTION('',(0.,0.,1.));
#5962 = ORIENTED_EDGE('',*,*,#3094,.F.);
#5963 = ORIENTED_EDGE('',*,*,#5957,.F.);
#5964 = CYLINDRICAL_SURFACE('',#5965,2.55);
#5965 = AXIS2_PLACEMENT_3D('',#5966,#5967,#5968);
#5966 = CARTESIAN_POINT('',(85.5,-121.49097,-4.5E-02));
#5967 = DIRECTION('',(-0.,-0.,-1.));
#5968 = DIRECTION('',(-0.,-1.,0.));
#5969 = ADVANCED_FACE('',(#5970),#5986,.F.);
#5970 = FACE_BOUND('',#5971,.T.);
#5971 = EDGE_LOOP('',(#5972,#5978,#5979,#5985));
#5972 = ORIENTED_EDGE('',*,*,#5973,.F.);
#5973 = EDGE_CURVE('',#792,#3106,#5974,.T.);
#5974 = LINE('',#5975,#5976);
#5975 = CARTESIAN_POINT('',(101.9,-109.75,-4.5E-02));
#5976 = VECTOR('',#5977,1.);
#5977 = DIRECTION('',(0.,0.,1.));
#5978 = ORIENTED_EDGE('',*,*,#791,.T.);
#5979 = ORIENTED_EDGE('',*,*,#5980,.F.);
#5980 = EDGE_CURVE('',#3108,#794,#5981,.T.);
#5981 = LINE('',#5982,#5983);
#5982 = CARTESIAN_POINT('',(100.45629187672,-108.6570710684,-4.5E-02));
#5983 = VECTOR('',#5984,1.);
#5984 = DIRECTION('',(-0.,-0.,-1.));
#5985 = ORIENTED_EDGE('',*,*,#3105,.F.);
#5986 = CYLINDRICAL_SURFACE('',#5987,1.5);
#5987 = AXIS2_PLACEMENT_3D('',#5988,#5989,#5990);
#5988 = CARTESIAN_POINT('',(101.9,-108.25,-4.5E-02));
#5989 = DIRECTION('',(-0.,-0.,-1.));
#5990 = DIRECTION('',(-0.,-1.,0.));
#5991 = ADVANCED_FACE('',(#5992),#6003,.F.);
#5992 = FACE_BOUND('',#5993,.T.);
#5993 = EDGE_LOOP('',(#5994,#5995,#6001,#6002));
#5994 = ORIENTED_EDGE('',*,*,#820,.T.);
#5995 = ORIENTED_EDGE('',*,*,#5996,.T.);
#5996 = EDGE_CURVE('',#812,#3126,#5997,.T.);
#5997 = LINE('',#5998,#5999);
#5998 = CARTESIAN_POINT('',(100.1,-108.7,-4.5E-02));
#5999 = VECTOR('',#6000,1.);
#6000 = DIRECTION('',(0.,0.,1.));
#6001 = ORIENTED_EDGE('',*,*,#3134,.F.);
#6002 = ORIENTED_EDGE('',*,*,#5980,.T.);
#6003 = CYLINDRICAL_SURFACE('',#6004,1.5);
#6004 = AXIS2_PLACEMENT_3D('',#6005,#6006,#6007);
#6005 = CARTESIAN_POINT('',(100.1,-107.2,-4.5E-02));
#6006 = DIRECTION('',(-0.,-0.,-1.));
#6007 = DIRECTION('',(-0.,-1.,0.));
#6008 = ADVANCED_FACE('',(#6009),#6020,.F.);
#6009 = FACE_BOUND('',#6010,.T.);
#6010 = EDGE_LOOP('',(#6011,#6012,#6013,#6019));
#6011 = ORIENTED_EDGE('',*,*,#5996,.F.);
#6012 = ORIENTED_EDGE('',*,*,#811,.T.);
#6013 = ORIENTED_EDGE('',*,*,#6014,.F.);
#6014 = EDGE_CURVE('',#3117,#803,#6015,.T.);
#6015 = LINE('',#6016,#6017);
#6016 = CARTESIAN_POINT('',(101.54370812327,-106.7929289315,-4.5E-02));
#6017 = VECTOR('',#6018,1.);
#6018 = DIRECTION('',(-0.,-0.,-1.));
#6019 = ORIENTED_EDGE('',*,*,#3125,.F.);
#6020 = CYLINDRICAL_SURFACE('',#6021,1.5);
#6021 = AXIS2_PLACEMENT_3D('',#6022,#6023,#6024);
#6022 = CARTESIAN_POINT('',(100.1,-107.2,-4.5E-02));
#6023 = DIRECTION('',(-0.,-0.,-1.));
#6024 = DIRECTION('',(-0.,-1.,0.));
#6025 = ADVANCED_FACE('',(#6026),#6032,.F.);
#6026 = FACE_BOUND('',#6027,.T.);
#6027 = EDGE_LOOP('',(#6028,#6029,#6030,#6031));
#6028 = ORIENTED_EDGE('',*,*,#802,.T.);
#6029 = ORIENTED_EDGE('',*,*,#5973,.T.);
#6030 = ORIENTED_EDGE('',*,*,#3116,.F.);
#6031 = ORIENTED_EDGE('',*,*,#6014,.T.);
#6032 = CYLINDRICAL_SURFACE('',#6033,1.5);
#6033 = AXIS2_PLACEMENT_3D('',#6034,#6035,#6036);
#6034 = CARTESIAN_POINT('',(101.9,-108.25,-4.5E-02));
#6035 = DIRECTION('',(-0.,-0.,-1.));
#6036 = DIRECTION('',(-0.,-1.,0.));
#6037 = ADVANCED_FACE('',(#6038),#6054,.F.);
#6038 = FACE_BOUND('',#6039,.T.);
#6039 = EDGE_LOOP('',(#6040,#6046,#6047,#6053));
#6040 = ORIENTED_EDGE('',*,*,#6041,.F.);
#6041 = EDGE_CURVE('',#830,#3144,#6042,.T.);
#6042 = LINE('',#6043,#6044);
#6043 = CARTESIAN_POINT('',(88.1,-107.75,-4.5E-02));
#6044 = VECTOR('',#6045,1.);
#6045 = DIRECTION('',(0.,0.,1.));
#6046 = ORIENTED_EDGE('',*,*,#829,.T.);
#6047 = ORIENTED_EDGE('',*,*,#6048,.F.);
#6048 = EDGE_CURVE('',#3146,#832,#6049,.T.);
#6049 = LINE('',#6050,#6051);
#6050 = CARTESIAN_POINT('',(88.456291876724,-104.7929289315,-4.5E-02));
#6051 = VECTOR('',#6052,1.);
#6052 = DIRECTION('',(-0.,-0.,-1.));
#6053 = ORIENTED_EDGE('',*,*,#3143,.F.);
#6054 = CYLINDRICAL_SURFACE('',#6055,1.5);
#6055 = AXIS2_PLACEMENT_3D('',#6056,#6057,#6058);
#6056 = CARTESIAN_POINT('',(88.1,-106.25,-4.5E-02));
#6057 = DIRECTION('',(-0.,-0.,-1.));
#6058 = DIRECTION('',(-0.,-1.,0.));
#6059 = ADVANCED_FACE('',(#6060),#6071,.F.);
#6060 = FACE_BOUND('',#6061,.T.);
#6061 = EDGE_LOOP('',(#6062,#6063,#6069,#6070));
#6062 = ORIENTED_EDGE('',*,*,#858,.T.);
#6063 = ORIENTED_EDGE('',*,*,#6064,.T.);
#6064 = EDGE_CURVE('',#850,#3164,#6065,.T.);
#6065 = LINE('',#6066,#6067);
#6066 = CARTESIAN_POINT('',(89.9,-106.7,-4.5E-02));
#6067 = VECTOR('',#6068,1.);
#6068 = DIRECTION('',(0.,0.,1.));
#6069 = ORIENTED_EDGE('',*,*,#3172,.F.);
#6070 = ORIENTED_EDGE('',*,*,#6048,.T.);
#6071 = CYLINDRICAL_SURFACE('',#6072,1.5);
#6072 = AXIS2_PLACEMENT_3D('',#6073,#6074,#6075);
#6073 = CARTESIAN_POINT('',(89.9,-105.2,-4.5E-02));
#6074 = DIRECTION('',(-0.,-0.,-1.));
#6075 = DIRECTION('',(-0.,-1.,0.));
#6076 = ADVANCED_FACE('',(#6077),#6088,.F.);
#6077 = FACE_BOUND('',#6078,.T.);
#6078 = EDGE_LOOP('',(#6079,#6080,#6081,#6087));
#6079 = ORIENTED_EDGE('',*,*,#6064,.F.);
#6080 = ORIENTED_EDGE('',*,*,#849,.T.);
#6081 = ORIENTED_EDGE('',*,*,#6082,.F.);
#6082 = EDGE_CURVE('',#3155,#841,#6083,.T.);
#6083 = LINE('',#6084,#6085);
#6084 = CARTESIAN_POINT('',(89.543708123276,-106.6570710684,-4.5E-02));
#6085 = VECTOR('',#6086,1.);
#6086 = DIRECTION('',(-0.,-0.,-1.));
#6087 = ORIENTED_EDGE('',*,*,#3163,.F.);
#6088 = CYLINDRICAL_SURFACE('',#6089,1.5);
#6089 = AXIS2_PLACEMENT_3D('',#6090,#6091,#6092);
#6090 = CARTESIAN_POINT('',(89.9,-105.2,-4.5E-02));
#6091 = DIRECTION('',(-0.,-0.,-1.));
#6092 = DIRECTION('',(-0.,-1.,0.));
#6093 = ADVANCED_FACE('',(#6094),#6100,.F.);
#6094 = FACE_BOUND('',#6095,.T.);
#6095 = EDGE_LOOP('',(#6096,#6097,#6098,#6099));
#6096 = ORIENTED_EDGE('',*,*,#840,.T.);
#6097 = ORIENTED_EDGE('',*,*,#6041,.T.);
#6098 = ORIENTED_EDGE('',*,*,#3154,.F.);
#6099 = ORIENTED_EDGE('',*,*,#6082,.T.);
#6100 = CYLINDRICAL_SURFACE('',#6101,1.5);
#6101 = AXIS2_PLACEMENT_3D('',#6102,#6103,#6104);
#6102 = CARTESIAN_POINT('',(88.1,-106.25,-4.5E-02));
#6103 = DIRECTION('',(-0.,-0.,-1.));
#6104 = DIRECTION('',(-0.,-1.,0.));
#6105 = ADVANCED_FACE('',(#6106),#6122,.F.);
#6106 = FACE_BOUND('',#6107,.T.);
#6107 = EDGE_LOOP('',(#6108,#6114,#6115,#6121));
#6108 = ORIENTED_EDGE('',*,*,#6109,.F.);
#6109 = EDGE_CURVE('',#868,#3182,#6110,.T.);
#6110 = LINE('',#6111,#6112);
#6111 = CARTESIAN_POINT('',(82.9,-107.75,-4.5E-02));
#6112 = VECTOR('',#6113,1.);
#6113 = DIRECTION('',(0.,0.,1.));
#6114 = ORIENTED_EDGE('',*,*,#867,.T.);
#6115 = ORIENTED_EDGE('',*,*,#6116,.F.);
#6116 = EDGE_CURVE('',#3184,#870,#6117,.T.);
#6117 = LINE('',#6118,#6119);
#6118 = CARTESIAN_POINT('',(81.456291876724,-106.6570710684,-4.5E-02));
#6119 = VECTOR('',#6120,1.);
#6120 = DIRECTION('',(-0.,-0.,-1.));
#6121 = ORIENTED_EDGE('',*,*,#3181,.F.);
#6122 = CYLINDRICAL_SURFACE('',#6123,1.5);
#6123 = AXIS2_PLACEMENT_3D('',#6124,#6125,#6126);
#6124 = CARTESIAN_POINT('',(82.9,-106.25,-4.5E-02));
#6125 = DIRECTION('',(-0.,-0.,-1.));
#6126 = DIRECTION('',(-0.,-1.,0.));
#6127 = ADVANCED_FACE('',(#6128),#6139,.F.);
#6128 = FACE_BOUND('',#6129,.T.);
#6129 = EDGE_LOOP('',(#6130,#6131,#6137,#6138));
#6130 = ORIENTED_EDGE('',*,*,#896,.T.);
#6131 = ORIENTED_EDGE('',*,*,#6132,.T.);
#6132 = EDGE_CURVE('',#888,#3202,#6133,.T.);
#6133 = LINE('',#6134,#6135);
#6134 = CARTESIAN_POINT('',(81.1,-106.7,-4.5E-02));
#6135 = VECTOR('',#6136,1.);
#6136 = DIRECTION('',(0.,0.,1.));
#6137 = ORIENTED_EDGE('',*,*,#3210,.F.);
#6138 = ORIENTED_EDGE('',*,*,#6116,.T.);
#6139 = CYLINDRICAL_SURFACE('',#6140,1.5);
#6140 = AXIS2_PLACEMENT_3D('',#6141,#6142,#6143);
#6141 = CARTESIAN_POINT('',(81.1,-105.2,-4.5E-02));
#6142 = DIRECTION('',(-0.,-0.,-1.));
#6143 = DIRECTION('',(-0.,-1.,0.));
#6144 = ADVANCED_FACE('',(#6145),#6156,.F.);
#6145 = FACE_BOUND('',#6146,.T.);
#6146 = EDGE_LOOP('',(#6147,#6148,#6149,#6155));
#6147 = ORIENTED_EDGE('',*,*,#6132,.F.);
#6148 = ORIENTED_EDGE('',*,*,#887,.T.);
#6149 = ORIENTED_EDGE('',*,*,#6150,.F.);
#6150 = EDGE_CURVE('',#3193,#879,#6151,.T.);
#6151 = LINE('',#6152,#6153);
#6152 = CARTESIAN_POINT('',(82.543708123276,-104.7929289315,-4.5E-02));
#6153 = VECTOR('',#6154,1.);
#6154 = DIRECTION('',(-0.,-0.,-1.));
#6155 = ORIENTED_EDGE('',*,*,#3201,.F.);
#6156 = CYLINDRICAL_SURFACE('',#6157,1.5);
#6157 = AXIS2_PLACEMENT_3D('',#6158,#6159,#6160);
#6158 = CARTESIAN_POINT('',(81.1,-105.2,-4.5E-02));
#6159 = DIRECTION('',(-0.,-0.,-1.));
#6160 = DIRECTION('',(-0.,-1.,0.));
#6161 = ADVANCED_FACE('',(#6162),#6168,.F.);
#6162 = FACE_BOUND('',#6163,.T.);
#6163 = EDGE_LOOP('',(#6164,#6165,#6166,#6167));
#6164 = ORIENTED_EDGE('',*,*,#878,.T.);
#6165 = ORIENTED_EDGE('',*,*,#6109,.T.);
#6166 = ORIENTED_EDGE('',*,*,#3192,.F.);
#6167 = ORIENTED_EDGE('',*,*,#6150,.T.);
#6168 = CYLINDRICAL_SURFACE('',#6169,1.5);
#6169 = AXIS2_PLACEMENT_3D('',#6170,#6171,#6172);
#6170 = CARTESIAN_POINT('',(82.9,-106.25,-4.5E-02));
#6171 = DIRECTION('',(-0.,-0.,-1.));
#6172 = DIRECTION('',(-0.,-1.,0.));
#6173 = ADVANCED_FACE('',(#6174),#6185,.F.);
#6174 = FACE_BOUND('',#6175,.T.);
#6175 = EDGE_LOOP('',(#6176,#6177,#6183,#6184));
#6176 = ORIENTED_EDGE('',*,*,#905,.T.);
#6177 = ORIENTED_EDGE('',*,*,#6178,.T.);
#6178 = EDGE_CURVE('',#906,#3220,#6179,.T.);
#6179 = LINE('',#6180,#6181);
#6180 = CARTESIAN_POINT('',(85.5,-103.05,-4.5E-02));
#6181 = VECTOR('',#6182,1.);
#6182 = DIRECTION('',(0.,0.,1.));
#6183 = ORIENTED_EDGE('',*,*,#3219,.F.);
#6184 = ORIENTED_EDGE('',*,*,#6178,.F.);
#6185 = CYLINDRICAL_SURFACE('',#6186,2.55);
#6186 = AXIS2_PLACEMENT_3D('',#6187,#6188,#6189);
#6187 = CARTESIAN_POINT('',(85.5,-100.5,-4.5E-02));
#6188 = DIRECTION('',(-0.,-0.,-1.));
#6189 = DIRECTION('',(-0.,-1.,0.));
#6190 = ADVANCED_FACE('',(#6191),#6207,.F.);
#6191 = FACE_BOUND('',#6192,.T.);
#6192 = EDGE_LOOP('',(#6193,#6199,#6200,#6206));
#6193 = ORIENTED_EDGE('',*,*,#6194,.F.);
#6194 = EDGE_CURVE('',#917,#3231,#6195,.T.);
#6195 = LINE('',#6196,#6197);
#6196 = CARTESIAN_POINT('',(70.9,-101.7,-4.5E-02));
#6197 = VECTOR('',#6198,1.);
#6198 = DIRECTION('',(0.,0.,1.));
#6199 = ORIENTED_EDGE('',*,*,#916,.T.);
#6200 = ORIENTED_EDGE('',*,*,#6201,.F.);
#6201 = EDGE_CURVE('',#3233,#919,#6202,.T.);
#6202 = LINE('',#6203,#6204);
#6203 = CARTESIAN_POINT('',(70.543708123276,-101.6570710684,-4.5E-02));
#6204 = VECTOR('',#6205,1.);
#6205 = DIRECTION('',(-0.,-0.,-1.));
#6206 = ORIENTED_EDGE('',*,*,#3230,.F.);
#6207 = CYLINDRICAL_SURFACE('',#6208,1.5);
#6208 = AXIS2_PLACEMENT_3D('',#6209,#6210,#6211);
#6209 = CARTESIAN_POINT('',(70.9,-100.2,-4.5E-02));
#6210 = DIRECTION('',(-0.,-0.,-1.));
#6211 = DIRECTION('',(-0.,-1.,0.));
#6212 = ADVANCED_FACE('',(#6213),#6224,.F.);
#6213 = FACE_BOUND('',#6214,.T.);
#6214 = EDGE_LOOP('',(#6215,#6216,#6222,#6223));
#6215 = ORIENTED_EDGE('',*,*,#945,.T.);
#6216 = ORIENTED_EDGE('',*,*,#6217,.T.);
#6217 = EDGE_CURVE('',#937,#3251,#6218,.T.);
#6218 = LINE('',#6219,#6220);
#6219 = CARTESIAN_POINT('',(69.1,-102.75,-4.5E-02));
#6220 = VECTOR('',#6221,1.);
#6221 = DIRECTION('',(0.,0.,1.));
#6222 = ORIENTED_EDGE('',*,*,#3259,.F.);
#6223 = ORIENTED_EDGE('',*,*,#6201,.T.);
#6224 = CYLINDRICAL_SURFACE('',#6225,1.5);
#6225 = AXIS2_PLACEMENT_3D('',#6226,#6227,#6228);
#6226 = CARTESIAN_POINT('',(69.1,-101.25,-4.5E-02));
#6227 = DIRECTION('',(-0.,-0.,-1.));
#6228 = DIRECTION('',(-0.,-1.,0.));
#6229 = ADVANCED_FACE('',(#6230),#6241,.F.);
#6230 = FACE_BOUND('',#6231,.T.);
#6231 = EDGE_LOOP('',(#6232,#6233,#6234,#6240));
#6232 = ORIENTED_EDGE('',*,*,#6217,.F.);
#6233 = ORIENTED_EDGE('',*,*,#936,.T.);
#6234 = ORIENTED_EDGE('',*,*,#6235,.F.);
#6235 = EDGE_CURVE('',#3242,#928,#6236,.T.);
#6236 = LINE('',#6237,#6238);
#6237 = CARTESIAN_POINT('',(69.456291876724,-99.79292893152,-4.5E-02));
#6238 = VECTOR('',#6239,1.);
#6239 = DIRECTION('',(-0.,-0.,-1.));
#6240 = ORIENTED_EDGE('',*,*,#3250,.F.);
#6241 = CYLINDRICAL_SURFACE('',#6242,1.5);
#6242 = AXIS2_PLACEMENT_3D('',#6243,#6244,#6245);
#6243 = CARTESIAN_POINT('',(69.1,-101.25,-4.5E-02));
#6244 = DIRECTION('',(-0.,-0.,-1.));
#6245 = DIRECTION('',(-0.,-1.,0.));
#6246 = ADVANCED_FACE('',(#6247),#6253,.F.);
#6247 = FACE_BOUND('',#6248,.T.);
#6248 = EDGE_LOOP('',(#6249,#6250,#6251,#6252));
#6249 = ORIENTED_EDGE('',*,*,#927,.T.);
#6250 = ORIENTED_EDGE('',*,*,#6194,.T.);
#6251 = ORIENTED_EDGE('',*,*,#3241,.F.);
#6252 = ORIENTED_EDGE('',*,*,#6235,.T.);
#6253 = CYLINDRICAL_SURFACE('',#6254,1.5);
#6254 = AXIS2_PLACEMENT_3D('',#6255,#6256,#6257);
#6255 = CARTESIAN_POINT('',(70.9,-100.2,-4.5E-02));
#6256 = DIRECTION('',(-0.,-0.,-1.));
#6257 = DIRECTION('',(-0.,-1.,0.));
#6258 = ADVANCED_FACE('',(#6259),#6270,.F.);
#6259 = FACE_BOUND('',#6260,.T.);
#6260 = EDGE_LOOP('',(#6261,#6262,#6268,#6269));
#6261 = ORIENTED_EDGE('',*,*,#954,.T.);
#6262 = ORIENTED_EDGE('',*,*,#6263,.T.);
#6263 = EDGE_CURVE('',#955,#3269,#6264,.T.);
#6264 = LINE('',#6265,#6266);
#6265 = CARTESIAN_POINT('',(66.5,-114.1,-4.5E-02));
#6266 = VECTOR('',#6267,1.);
#6267 = DIRECTION('',(0.,0.,1.));
#6268 = ORIENTED_EDGE('',*,*,#3268,.F.);
#6269 = ORIENTED_EDGE('',*,*,#6263,.F.);
#6270 = CYLINDRICAL_SURFACE('',#6271,2.1);
#6271 = AXIS2_PLACEMENT_3D('',#6272,#6273,#6274);
#6272 = CARTESIAN_POINT('',(66.5,-112.,-4.5E-02));
#6273 = DIRECTION('',(-0.,-0.,-1.));
#6274 = DIRECTION('',(-0.,-1.,0.));
#6275 = ADVANCED_FACE('',(#6276),#6292,.F.);
#6276 = FACE_BOUND('',#6277,.T.);
#6277 = EDGE_LOOP('',(#6278,#6284,#6285,#6291));
#6278 = ORIENTED_EDGE('',*,*,#6279,.F.);
#6279 = EDGE_CURVE('',#966,#3280,#6280,.T.);
#6280 = LINE('',#6281,#6282);
#6281 = CARTESIAN_POINT('',(62.1,-101.7,-4.5E-02));
#6282 = VECTOR('',#6283,1.);
#6283 = DIRECTION('',(0.,0.,1.));
#6284 = ORIENTED_EDGE('',*,*,#965,.T.);
#6285 = ORIENTED_EDGE('',*,*,#6286,.F.);
#6286 = EDGE_CURVE('',#3282,#968,#6287,.T.);
#6287 = LINE('',#6288,#6289);
#6288 = CARTESIAN_POINT('',(63.543708123276,-99.79292893152,-4.5E-02));
#6289 = VECTOR('',#6290,1.);
#6290 = DIRECTION('',(-0.,-0.,-1.));
#6291 = ORIENTED_EDGE('',*,*,#3279,.F.);
#6292 = CYLINDRICAL_SURFACE('',#6293,1.5);
#6293 = AXIS2_PLACEMENT_3D('',#6294,#6295,#6296);
#6294 = CARTESIAN_POINT('',(62.1,-100.2,-4.5E-02));
#6295 = DIRECTION('',(-0.,-0.,-1.));
#6296 = DIRECTION('',(-0.,-1.,0.));
#6297 = ADVANCED_FACE('',(#6298),#6309,.F.);
#6298 = FACE_BOUND('',#6299,.T.);
#6299 = EDGE_LOOP('',(#6300,#6301,#6307,#6308));
#6300 = ORIENTED_EDGE('',*,*,#994,.T.);
#6301 = ORIENTED_EDGE('',*,*,#6302,.T.);
#6302 = EDGE_CURVE('',#986,#3300,#6303,.T.);
#6303 = LINE('',#6304,#6305);
#6304 = CARTESIAN_POINT('',(63.9,-102.75,-4.5E-02));
#6305 = VECTOR('',#6306,1.);
#6306 = DIRECTION('',(0.,0.,1.));
#6307 = ORIENTED_EDGE('',*,*,#3308,.F.);
#6308 = ORIENTED_EDGE('',*,*,#6286,.T.);
#6309 = CYLINDRICAL_SURFACE('',#6310,1.5);
#6310 = AXIS2_PLACEMENT_3D('',#6311,#6312,#6313);
#6311 = CARTESIAN_POINT('',(63.9,-101.25,-4.5E-02));
#6312 = DIRECTION('',(-0.,-0.,-1.));
#6313 = DIRECTION('',(-4.736951571734E-15,-1.,0.));
#6314 = ADVANCED_FACE('',(#6315),#6326,.F.);
#6315 = FACE_BOUND('',#6316,.T.);
#6316 = EDGE_LOOP('',(#6317,#6318,#6319,#6325));
#6317 = ORIENTED_EDGE('',*,*,#6302,.F.);
#6318 = ORIENTED_EDGE('',*,*,#985,.T.);
#6319 = ORIENTED_EDGE('',*,*,#6320,.F.);
#6320 = EDGE_CURVE('',#3291,#977,#6321,.T.);
#6321 = LINE('',#6322,#6323);
#6322 = CARTESIAN_POINT('',(62.456291876724,-101.6570710684,-4.5E-02));
#6323 = VECTOR('',#6324,1.);
#6324 = DIRECTION('',(-0.,-0.,-1.));
#6325 = ORIENTED_EDGE('',*,*,#3299,.F.);
#6326 = CYLINDRICAL_SURFACE('',#6327,1.5);
#6327 = AXIS2_PLACEMENT_3D('',#6328,#6329,#6330);
#6328 = CARTESIAN_POINT('',(63.9,-101.25,-4.5E-02));
#6329 = DIRECTION('',(-0.,-0.,-1.));
#6330 = DIRECTION('',(-4.736951571734E-15,-1.,0.));
#6331 = ADVANCED_FACE('',(#6332),#6338,.F.);
#6332 = FACE_BOUND('',#6333,.T.);
#6333 = EDGE_LOOP('',(#6334,#6335,#6336,#6337));
#6334 = ORIENTED_EDGE('',*,*,#976,.T.);
#6335 = ORIENTED_EDGE('',*,*,#6279,.T.);
#6336 = ORIENTED_EDGE('',*,*,#3290,.F.);
#6337 = ORIENTED_EDGE('',*,*,#6320,.T.);
#6338 = CYLINDRICAL_SURFACE('',#6339,1.5);
#6339 = AXIS2_PLACEMENT_3D('',#6340,#6341,#6342);
#6340 = CARTESIAN_POINT('',(62.1,-100.2,-4.5E-02));
#6341 = DIRECTION('',(-0.,-0.,-1.));
#6342 = DIRECTION('',(-0.,-1.,0.));
#6343 = ADVANCED_FACE('',(#6344),#6360,.F.);
#6344 = FACE_BOUND('',#6345,.T.);
#6345 = EDGE_LOOP('',(#6346,#6352,#6353,#6359));
#6346 = ORIENTED_EDGE('',*,*,#6347,.F.);
#6347 = EDGE_CURVE('',#1004,#3318,#6348,.T.);
#6348 = LINE('',#6349,#6350);
#6349 = CARTESIAN_POINT('',(51.9,-106.7,-4.5E-02));
#6350 = VECTOR('',#6351,1.);
#6351 = DIRECTION('',(0.,0.,1.));
#6352 = ORIENTED_EDGE('',*,*,#1003,.T.);
#6353 = ORIENTED_EDGE('',*,*,#6354,.F.);
#6354 = EDGE_CURVE('',#3320,#1006,#6355,.T.);
#6355 = LINE('',#6356,#6357);
#6356 = CARTESIAN_POINT('',(51.543708123276,-106.6570710684,-4.5E-02));
#6357 = VECTOR('',#6358,1.);
#6358 = DIRECTION('',(-0.,-0.,-1.));
#6359 = ORIENTED_EDGE('',*,*,#3317,.F.);
#6360 = CYLINDRICAL_SURFACE('',#6361,1.5);
#6361 = AXIS2_PLACEMENT_3D('',#6362,#6363,#6364);
#6362 = CARTESIAN_POINT('',(51.9,-105.2,-4.5E-02));
#6363 = DIRECTION('',(-0.,-0.,-1.));
#6364 = DIRECTION('',(-0.,-1.,0.));
#6365 = ADVANCED_FACE('',(#6366),#6377,.F.);
#6366 = FACE_BOUND('',#6367,.T.);
#6367 = EDGE_LOOP('',(#6368,#6369,#6375,#6376));
#6368 = ORIENTED_EDGE('',*,*,#1032,.T.);
#6369 = ORIENTED_EDGE('',*,*,#6370,.T.);
#6370 = EDGE_CURVE('',#1024,#3338,#6371,.T.);
#6371 = LINE('',#6372,#6373);
#6372 = CARTESIAN_POINT('',(50.1,-107.75,-4.5E-02));
#6373 = VECTOR('',#6374,1.);
#6374 = DIRECTION('',(0.,0.,1.));
#6375 = ORIENTED_EDGE('',*,*,#3346,.F.);
#6376 = ORIENTED_EDGE('',*,*,#6354,.T.);
#6377 = CYLINDRICAL_SURFACE('',#6378,1.5);
#6378 = AXIS2_PLACEMENT_3D('',#6379,#6380,#6381);
#6379 = CARTESIAN_POINT('',(50.1,-106.25,-4.5E-02));
#6380 = DIRECTION('',(-0.,-0.,-1.));
#6381 = DIRECTION('',(-0.,-1.,0.));
#6382 = ADVANCED_FACE('',(#6383),#6394,.F.);
#6383 = FACE_BOUND('',#6384,.T.);
#6384 = EDGE_LOOP('',(#6385,#6386,#6387,#6393));
#6385 = ORIENTED_EDGE('',*,*,#6370,.F.);
#6386 = ORIENTED_EDGE('',*,*,#1023,.T.);
#6387 = ORIENTED_EDGE('',*,*,#6388,.F.);
#6388 = EDGE_CURVE('',#3329,#1015,#6389,.T.);
#6389 = LINE('',#6390,#6391);
#6390 = CARTESIAN_POINT('',(50.456291876724,-104.7929289315,-4.5E-02));
#6391 = VECTOR('',#6392,1.);
#6392 = DIRECTION('',(-0.,-0.,-1.));
#6393 = ORIENTED_EDGE('',*,*,#3337,.F.);
#6394 = CYLINDRICAL_SURFACE('',#6395,1.5);
#6395 = AXIS2_PLACEMENT_3D('',#6396,#6397,#6398);
#6396 = CARTESIAN_POINT('',(50.1,-106.25,-4.5E-02));
#6397 = DIRECTION('',(-0.,-0.,-1.));
#6398 = DIRECTION('',(-0.,-1.,0.));
#6399 = ADVANCED_FACE('',(#6400),#6406,.F.);
#6400 = FACE_BOUND('',#6401,.T.);
#6401 = EDGE_LOOP('',(#6402,#6403,#6404,#6405));
#6402 = ORIENTED_EDGE('',*,*,#1014,.T.);
#6403 = ORIENTED_EDGE('',*,*,#6347,.T.);
#6404 = ORIENTED_EDGE('',*,*,#3328,.F.);
#6405 = ORIENTED_EDGE('',*,*,#6388,.T.);
#6406 = CYLINDRICAL_SURFACE('',#6407,1.5);
#6407 = AXIS2_PLACEMENT_3D('',#6408,#6409,#6410);
#6408 = CARTESIAN_POINT('',(51.9,-105.2,-4.5E-02));
#6409 = DIRECTION('',(-0.,-0.,-1.));
#6410 = DIRECTION('',(-0.,-1.,0.));
#6411 = ADVANCED_FACE('',(#6412),#6428,.F.);
#6412 = FACE_BOUND('',#6413,.T.);
#6413 = EDGE_LOOP('',(#6414,#6420,#6421,#6427));
#6414 = ORIENTED_EDGE('',*,*,#6415,.F.);
#6415 = EDGE_CURVE('',#1042,#3356,#6416,.T.);
#6416 = LINE('',#6417,#6418);
#6417 = CARTESIAN_POINT('',(44.9,-107.75,-4.5E-02));
#6418 = VECTOR('',#6419,1.);
#6419 = DIRECTION('',(0.,0.,1.));
#6420 = ORIENTED_EDGE('',*,*,#1041,.T.);
#6421 = ORIENTED_EDGE('',*,*,#6422,.F.);
#6422 = EDGE_CURVE('',#3358,#1044,#6423,.T.);
#6423 = LINE('',#6424,#6425);
#6424 = CARTESIAN_POINT('',(43.456291876724,-106.6570710684,-4.5E-02));
#6425 = VECTOR('',#6426,1.);
#6426 = DIRECTION('',(-0.,-0.,-1.));
#6427 = ORIENTED_EDGE('',*,*,#3355,.F.);
#6428 = CYLINDRICAL_SURFACE('',#6429,1.5);
#6429 = AXIS2_PLACEMENT_3D('',#6430,#6431,#6432);
#6430 = CARTESIAN_POINT('',(44.9,-106.25,-4.5E-02));
#6431 = DIRECTION('',(-0.,-0.,-1.));
#6432 = DIRECTION('',(-0.,-1.,0.));
#6433 = ADVANCED_FACE('',(#6434),#6445,.F.);
#6434 = FACE_BOUND('',#6435,.T.);
#6435 = EDGE_LOOP('',(#6436,#6437,#6443,#6444));
#6436 = ORIENTED_EDGE('',*,*,#1070,.T.);
#6437 = ORIENTED_EDGE('',*,*,#6438,.T.);
#6438 = EDGE_CURVE('',#1062,#3376,#6439,.T.);
#6439 = LINE('',#6440,#6441);
#6440 = CARTESIAN_POINT('',(43.1,-106.7,-4.5E-02));
#6441 = VECTOR('',#6442,1.);
#6442 = DIRECTION('',(0.,0.,1.));
#6443 = ORIENTED_EDGE('',*,*,#3384,.F.);
#6444 = ORIENTED_EDGE('',*,*,#6422,.T.);
#6445 = CYLINDRICAL_SURFACE('',#6446,1.5);
#6446 = AXIS2_PLACEMENT_3D('',#6447,#6448,#6449);
#6447 = CARTESIAN_POINT('',(43.1,-105.2,-4.5E-02));
#6448 = DIRECTION('',(-0.,-0.,-1.));
#6449 = DIRECTION('',(-0.,-1.,0.));
#6450 = ADVANCED_FACE('',(#6451),#6462,.F.);
#6451 = FACE_BOUND('',#6452,.T.);
#6452 = EDGE_LOOP('',(#6453,#6454,#6455,#6461));
#6453 = ORIENTED_EDGE('',*,*,#6438,.F.);
#6454 = ORIENTED_EDGE('',*,*,#1061,.T.);
#6455 = ORIENTED_EDGE('',*,*,#6456,.F.);
#6456 = EDGE_CURVE('',#3367,#1053,#6457,.T.);
#6457 = LINE('',#6458,#6459);
#6458 = CARTESIAN_POINT('',(44.543708123276,-104.7929289315,-4.5E-02));
#6459 = VECTOR('',#6460,1.);
#6460 = DIRECTION('',(-0.,-0.,-1.));
#6461 = ORIENTED_EDGE('',*,*,#3375,.F.);
#6462 = CYLINDRICAL_SURFACE('',#6463,1.5);
#6463 = AXIS2_PLACEMENT_3D('',#6464,#6465,#6466);
#6464 = CARTESIAN_POINT('',(43.1,-105.2,-4.5E-02));
#6465 = DIRECTION('',(-0.,-0.,-1.));
#6466 = DIRECTION('',(-0.,-1.,0.));
#6467 = ADVANCED_FACE('',(#6468),#6474,.F.);
#6468 = FACE_BOUND('',#6469,.T.);
#6469 = EDGE_LOOP('',(#6470,#6471,#6472,#6473));
#6470 = ORIENTED_EDGE('',*,*,#1052,.T.);
#6471 = ORIENTED_EDGE('',*,*,#6415,.T.);
#6472 = ORIENTED_EDGE('',*,*,#3366,.F.);
#6473 = ORIENTED_EDGE('',*,*,#6456,.T.);
#6474 = CYLINDRICAL_SURFACE('',#6475,1.5);
#6475 = AXIS2_PLACEMENT_3D('',#6476,#6477,#6478);
#6476 = CARTESIAN_POINT('',(44.9,-106.25,-4.5E-02));
#6477 = DIRECTION('',(-0.,-0.,-1.));
#6478 = DIRECTION('',(-0.,-1.,0.));
#6479 = ADVANCED_FACE('',(#6480),#6491,.F.);
#6480 = FACE_BOUND('',#6481,.T.);
#6481 = EDGE_LOOP('',(#6482,#6483,#6489,#6490));
#6482 = ORIENTED_EDGE('',*,*,#1079,.T.);
#6483 = ORIENTED_EDGE('',*,*,#6484,.T.);
#6484 = EDGE_CURVE('',#1080,#3394,#6485,.T.);
#6485 = LINE('',#6486,#6487);
#6486 = CARTESIAN_POINT('',(47.5,-103.05,-4.5E-02));
#6487 = VECTOR('',#6488,1.);
#6488 = DIRECTION('',(0.,0.,1.));
#6489 = ORIENTED_EDGE('',*,*,#3393,.F.);
#6490 = ORIENTED_EDGE('',*,*,#6484,.F.);
#6491 = CYLINDRICAL_SURFACE('',#6492,2.55);
#6492 = AXIS2_PLACEMENT_3D('',#6493,#6494,#6495);
#6493 = CARTESIAN_POINT('',(47.5,-100.5,-4.5E-02));
#6494 = DIRECTION('',(-0.,-0.,-1.));
#6495 = DIRECTION('',(-0.,-1.,0.));
#6496 = ADVANCED_FACE('',(#6497),#6513,.F.);
#6497 = FACE_BOUND('',#6498,.T.);
#6498 = EDGE_LOOP('',(#6499,#6505,#6506,#6512));
#6499 = ORIENTED_EDGE('',*,*,#6500,.F.);
#6500 = EDGE_CURVE('',#1091,#3405,#6501,.T.);
#6501 = LINE('',#6502,#6503);
#6502 = CARTESIAN_POINT('',(32.9,-119.7,-4.5E-02));
#6503 = VECTOR('',#6504,1.);
#6504 = DIRECTION('',(0.,0.,1.));
#6505 = ORIENTED_EDGE('',*,*,#1090,.T.);
#6506 = ORIENTED_EDGE('',*,*,#6507,.F.);
#6507 = EDGE_CURVE('',#3407,#1093,#6508,.T.);
#6508 = LINE('',#6509,#6510);
#6509 = CARTESIAN_POINT('',(32.543708123276,-119.6570710684,-4.5E-02));
#6510 = VECTOR('',#6511,1.);
#6511 = DIRECTION('',(-0.,-0.,-1.));
#6512 = ORIENTED_EDGE('',*,*,#3404,.F.);
#6513 = CYLINDRICAL_SURFACE('',#6514,1.5);
#6514 = AXIS2_PLACEMENT_3D('',#6515,#6516,#6517);
#6515 = CARTESIAN_POINT('',(32.9,-118.2,-4.5E-02));
#6516 = DIRECTION('',(-0.,-0.,-1.));
#6517 = DIRECTION('',(-0.,-1.,0.));
#6518 = ADVANCED_FACE('',(#6519),#6530,.F.);
#6519 = FACE_BOUND('',#6520,.T.);
#6520 = EDGE_LOOP('',(#6521,#6522,#6528,#6529));
#6521 = ORIENTED_EDGE('',*,*,#1119,.T.);
#6522 = ORIENTED_EDGE('',*,*,#6523,.T.);
#6523 = EDGE_CURVE('',#1111,#3425,#6524,.T.);
#6524 = LINE('',#6525,#6526);
#6525 = CARTESIAN_POINT('',(31.1,-120.75,-4.5E-02));
#6526 = VECTOR('',#6527,1.);
#6527 = DIRECTION('',(0.,0.,1.));
#6528 = ORIENTED_EDGE('',*,*,#3433,.F.);
#6529 = ORIENTED_EDGE('',*,*,#6507,.T.);
#6530 = CYLINDRICAL_SURFACE('',#6531,1.5);
#6531 = AXIS2_PLACEMENT_3D('',#6532,#6533,#6534);
#6532 = CARTESIAN_POINT('',(31.1,-119.25,-4.5E-02));
#6533 = DIRECTION('',(-0.,-0.,-1.));
#6534 = DIRECTION('',(-0.,-1.,0.));
#6535 = ADVANCED_FACE('',(#6536),#6547,.F.);
#6536 = FACE_BOUND('',#6537,.T.);
#6537 = EDGE_LOOP('',(#6538,#6539,#6540,#6546));
#6538 = ORIENTED_EDGE('',*,*,#6523,.F.);
#6539 = ORIENTED_EDGE('',*,*,#1110,.T.);
#6540 = ORIENTED_EDGE('',*,*,#6541,.F.);
#6541 = EDGE_CURVE('',#3416,#1102,#6542,.T.);
#6542 = LINE('',#6543,#6544);
#6543 = CARTESIAN_POINT('',(31.456291876724,-117.7929289315,-4.5E-02));
#6544 = VECTOR('',#6545,1.);
#6545 = DIRECTION('',(-0.,-0.,-1.));
#6546 = ORIENTED_EDGE('',*,*,#3424,.F.);
#6547 = CYLINDRICAL_SURFACE('',#6548,1.5);
#6548 = AXIS2_PLACEMENT_3D('',#6549,#6550,#6551);
#6549 = CARTESIAN_POINT('',(31.1,-119.25,-4.5E-02));
#6550 = DIRECTION('',(-0.,-0.,-1.));
#6551 = DIRECTION('',(-0.,-1.,0.));
#6552 = ADVANCED_FACE('',(#6553),#6559,.F.);
#6553 = FACE_BOUND('',#6554,.T.);
#6554 = EDGE_LOOP('',(#6555,#6556,#6557,#6558));
#6555 = ORIENTED_EDGE('',*,*,#1101,.T.);
#6556 = ORIENTED_EDGE('',*,*,#6500,.T.);
#6557 = ORIENTED_EDGE('',*,*,#3415,.F.);
#6558 = ORIENTED_EDGE('',*,*,#6541,.T.);
#6559 = CYLINDRICAL_SURFACE('',#6560,1.5);
#6560 = AXIS2_PLACEMENT_3D('',#6561,#6562,#6563);
#6561 = CARTESIAN_POINT('',(32.9,-118.2,-4.5E-02));
#6562 = DIRECTION('',(-0.,-0.,-1.));
#6563 = DIRECTION('',(-0.,-1.,0.));
#6564 = ADVANCED_FACE('',(#6565),#6581,.F.);
#6565 = FACE_BOUND('',#6566,.T.);
#6566 = EDGE_LOOP('',(#6567,#6573,#6574,#6580));
#6567 = ORIENTED_EDGE('',*,*,#6568,.F.);
#6568 = EDGE_CURVE('',#1129,#3443,#6569,.T.);
#6569 = LINE('',#6570,#6571);
#6570 = CARTESIAN_POINT('',(25.9,-120.75,-4.5E-02));
#6571 = VECTOR('',#6572,1.);
#6572 = DIRECTION('',(0.,0.,1.));
#6573 = ORIENTED_EDGE('',*,*,#1128,.T.);
#6574 = ORIENTED_EDGE('',*,*,#6575,.F.);
#6575 = EDGE_CURVE('',#3445,#1131,#6576,.T.);
#6576 = LINE('',#6577,#6578);
#6577 = CARTESIAN_POINT('',(24.456291876724,-119.6570710684,-4.5E-02));
#6578 = VECTOR('',#6579,1.);
#6579 = DIRECTION('',(-0.,-0.,-1.));
#6580 = ORIENTED_EDGE('',*,*,#3442,.F.);
#6581 = CYLINDRICAL_SURFACE('',#6582,1.5);
#6582 = AXIS2_PLACEMENT_3D('',#6583,#6584,#6585);
#6583 = CARTESIAN_POINT('',(25.9,-119.25,-4.5E-02));
#6584 = DIRECTION('',(-0.,-0.,-1.));
#6585 = DIRECTION('',(-0.,-1.,0.));
#6586 = ADVANCED_FACE('',(#6587),#6598,.F.);
#6587 = FACE_BOUND('',#6588,.T.);
#6588 = EDGE_LOOP('',(#6589,#6590,#6596,#6597));
#6589 = ORIENTED_EDGE('',*,*,#1157,.T.);
#6590 = ORIENTED_EDGE('',*,*,#6591,.T.);
#6591 = EDGE_CURVE('',#1149,#3463,#6592,.T.);
#6592 = LINE('',#6593,#6594);
#6593 = CARTESIAN_POINT('',(24.1,-119.7,-4.5E-02));
#6594 = VECTOR('',#6595,1.);
#6595 = DIRECTION('',(0.,0.,1.));
#6596 = ORIENTED_EDGE('',*,*,#3471,.F.);
#6597 = ORIENTED_EDGE('',*,*,#6575,.T.);
#6598 = CYLINDRICAL_SURFACE('',#6599,1.5);
#6599 = AXIS2_PLACEMENT_3D('',#6600,#6601,#6602);
#6600 = CARTESIAN_POINT('',(24.1,-118.2,-4.5E-02));
#6601 = DIRECTION('',(-0.,-0.,-1.));
#6602 = DIRECTION('',(-0.,-1.,0.));
#6603 = ADVANCED_FACE('',(#6604),#6615,.F.);
#6604 = FACE_BOUND('',#6605,.T.);
#6605 = EDGE_LOOP('',(#6606,#6607,#6608,#6614));
#6606 = ORIENTED_EDGE('',*,*,#6591,.F.);
#6607 = ORIENTED_EDGE('',*,*,#1148,.T.);
#6608 = ORIENTED_EDGE('',*,*,#6609,.F.);
#6609 = EDGE_CURVE('',#3454,#1140,#6610,.T.);
#6610 = LINE('',#6611,#6612);
#6611 = CARTESIAN_POINT('',(25.543708123276,-117.7929289315,-4.5E-02));
#6612 = VECTOR('',#6613,1.);
#6613 = DIRECTION('',(-0.,-0.,-1.));
#6614 = ORIENTED_EDGE('',*,*,#3462,.F.);
#6615 = CYLINDRICAL_SURFACE('',#6616,1.5);
#6616 = AXIS2_PLACEMENT_3D('',#6617,#6618,#6619);
#6617 = CARTESIAN_POINT('',(24.1,-118.2,-4.5E-02));
#6618 = DIRECTION('',(-0.,-0.,-1.));
#6619 = DIRECTION('',(-0.,-1.,0.));
#6620 = ADVANCED_FACE('',(#6621),#6627,.F.);
#6621 = FACE_BOUND('',#6622,.T.);
#6622 = EDGE_LOOP('',(#6623,#6624,#6625,#6626));
#6623 = ORIENTED_EDGE('',*,*,#1139,.T.);
#6624 = ORIENTED_EDGE('',*,*,#6568,.T.);
#6625 = ORIENTED_EDGE('',*,*,#3453,.F.);
#6626 = ORIENTED_EDGE('',*,*,#6609,.T.);
#6627 = CYLINDRICAL_SURFACE('',#6628,1.5);
#6628 = AXIS2_PLACEMENT_3D('',#6629,#6630,#6631);
#6629 = CARTESIAN_POINT('',(25.9,-119.25,-4.5E-02));
#6630 = DIRECTION('',(-0.,-0.,-1.));
#6631 = DIRECTION('',(-0.,-1.,0.));
#6632 = ADVANCED_FACE('',(#6633),#6644,.F.);
#6633 = FACE_BOUND('',#6634,.T.);
#6634 = EDGE_LOOP('',(#6635,#6636,#6642,#6643));
#6635 = ORIENTED_EDGE('',*,*,#1166,.T.);
#6636 = ORIENTED_EDGE('',*,*,#6637,.T.);
#6637 = EDGE_CURVE('',#1167,#3481,#6638,.T.);
#6638 = LINE('',#6639,#6640);
#6639 = CARTESIAN_POINT('',(28.5,-116.05,-4.5E-02));
#6640 = VECTOR('',#6641,1.);
#6641 = DIRECTION('',(0.,0.,1.));
#6642 = ORIENTED_EDGE('',*,*,#3480,.F.);
#6643 = ORIENTED_EDGE('',*,*,#6637,.F.);
#6644 = CYLINDRICAL_SURFACE('',#6645,2.55);
#6645 = AXIS2_PLACEMENT_3D('',#6646,#6647,#6648);
#6646 = CARTESIAN_POINT('',(28.5,-113.5,-4.5E-02));
#6647 = DIRECTION('',(-0.,-0.,-1.));
#6648 = DIRECTION('',(-0.,-1.,0.));
#6649 = ADVANCED_FACE('',(#6650),#6666,.F.);
#6650 = FACE_BOUND('',#6651,.T.);
#6651 = EDGE_LOOP('',(#6652,#6658,#6659,#6665));
#6652 = ORIENTED_EDGE('',*,*,#6653,.F.);
#6653 = EDGE_CURVE('',#1178,#3492,#6654,.T.);
#6654 = LINE('',#6655,#6656);
#6655 = CARTESIAN_POINT('',(13.9,-119.69097,-4.5E-02));
#6656 = VECTOR('',#6657,1.);
#6657 = DIRECTION('',(0.,0.,1.));
#6658 = ORIENTED_EDGE('',*,*,#1177,.T.);
#6659 = ORIENTED_EDGE('',*,*,#6660,.F.);
#6660 = EDGE_CURVE('',#3494,#1180,#6661,.T.);
#6661 = LINE('',#6662,#6663);
#6662 = CARTESIAN_POINT('',(13.543708123276,-119.6480410684,-4.5E-02));
#6663 = VECTOR('',#6664,1.);
#6664 = DIRECTION('',(-0.,-0.,-1.));
#6665 = ORIENTED_EDGE('',*,*,#3491,.F.);
#6666 = CYLINDRICAL_SURFACE('',#6667,1.5);
#6667 = AXIS2_PLACEMENT_3D('',#6668,#6669,#6670);
#6668 = CARTESIAN_POINT('',(13.9,-118.19097,-4.5E-02));
#6669 = DIRECTION('',(-0.,-0.,-1.));
#6670 = DIRECTION('',(-0.,-1.,0.));
#6671 = ADVANCED_FACE('',(#6672),#6683,.F.);
#6672 = FACE_BOUND('',#6673,.T.);
#6673 = EDGE_LOOP('',(#6674,#6675,#6681,#6682));
#6674 = ORIENTED_EDGE('',*,*,#1206,.T.);
#6675 = ORIENTED_EDGE('',*,*,#6676,.T.);
#6676 = EDGE_CURVE('',#1198,#3512,#6677,.T.);
#6677 = LINE('',#6678,#6679);
#6678 = CARTESIAN_POINT('',(12.1,-120.74097,-4.5E-02));
#6679 = VECTOR('',#6680,1.);
#6680 = DIRECTION('',(0.,0.,1.));
#6681 = ORIENTED_EDGE('',*,*,#3520,.F.);
#6682 = ORIENTED_EDGE('',*,*,#6660,.T.);
#6683 = CYLINDRICAL_SURFACE('',#6684,1.5);
#6684 = AXIS2_PLACEMENT_3D('',#6685,#6686,#6687);
#6685 = CARTESIAN_POINT('',(12.1,-119.24097,-4.5E-02));
#6686 = DIRECTION('',(-0.,-0.,-1.));
#6687 = DIRECTION('',(-0.,-1.,0.));
#6688 = ADVANCED_FACE('',(#6689),#6700,.F.);
#6689 = FACE_BOUND('',#6690,.T.);
#6690 = EDGE_LOOP('',(#6691,#6692,#6693,#6699));
#6691 = ORIENTED_EDGE('',*,*,#6676,.F.);
#6692 = ORIENTED_EDGE('',*,*,#1197,.T.);
#6693 = ORIENTED_EDGE('',*,*,#6694,.F.);
#6694 = EDGE_CURVE('',#3503,#1189,#6695,.T.);
#6695 = LINE('',#6696,#6697);
#6696 = CARTESIAN_POINT('',(12.456291876724,-117.7838989315,-4.5E-02));
#6697 = VECTOR('',#6698,1.);
#6698 = DIRECTION('',(-0.,-0.,-1.));
#6699 = ORIENTED_EDGE('',*,*,#3511,.F.);
#6700 = CYLINDRICAL_SURFACE('',#6701,1.5);
#6701 = AXIS2_PLACEMENT_3D('',#6702,#6703,#6704);
#6702 = CARTESIAN_POINT('',(12.1,-119.24097,-4.5E-02));
#6703 = DIRECTION('',(-0.,-0.,-1.));
#6704 = DIRECTION('',(-0.,-1.,0.));
#6705 = ADVANCED_FACE('',(#6706),#6712,.F.);
#6706 = FACE_BOUND('',#6707,.T.);
#6707 = EDGE_LOOP('',(#6708,#6709,#6710,#6711));
#6708 = ORIENTED_EDGE('',*,*,#1188,.T.);
#6709 = ORIENTED_EDGE('',*,*,#6653,.T.);
#6710 = ORIENTED_EDGE('',*,*,#3502,.F.);
#6711 = ORIENTED_EDGE('',*,*,#6694,.T.);
#6712 = CYLINDRICAL_SURFACE('',#6713,1.5);
#6713 = AXIS2_PLACEMENT_3D('',#6714,#6715,#6716);
#6714 = CARTESIAN_POINT('',(13.9,-118.19097,-4.5E-02));
#6715 = DIRECTION('',(-0.,-0.,-1.));
#6716 = DIRECTION('',(-0.,-1.,0.));
#6717 = ADVANCED_FACE('',(#6718),#6734,.F.);
#6718 = FACE_BOUND('',#6719,.T.);
#6719 = EDGE_LOOP('',(#6720,#6726,#6727,#6733));
#6720 = ORIENTED_EDGE('',*,*,#6721,.F.);
#6721 = EDGE_CURVE('',#1216,#3530,#6722,.T.);
#6722 = LINE('',#6723,#6724);
#6723 = CARTESIAN_POINT('',(6.9,-120.74097,-4.5E-02));
#6724 = VECTOR('',#6725,1.);
#6725 = DIRECTION('',(0.,0.,1.));
#6726 = ORIENTED_EDGE('',*,*,#1215,.T.);
#6727 = ORIENTED_EDGE('',*,*,#6728,.F.);
#6728 = EDGE_CURVE('',#3532,#1218,#6729,.T.);
#6729 = LINE('',#6730,#6731);
#6730 = CARTESIAN_POINT('',(5.456291876724,-119.6480410684,-4.5E-02));
#6731 = VECTOR('',#6732,1.);
#6732 = DIRECTION('',(-0.,-0.,-1.));
#6733 = ORIENTED_EDGE('',*,*,#3529,.F.);
#6734 = CYLINDRICAL_SURFACE('',#6735,1.5);
#6735 = AXIS2_PLACEMENT_3D('',#6736,#6737,#6738);
#6736 = CARTESIAN_POINT('',(6.9,-119.24097,-4.5E-02));
#6737 = DIRECTION('',(-0.,-0.,-1.));
#6738 = DIRECTION('',(-0.,-1.,0.));
#6739 = ADVANCED_FACE('',(#6740),#6751,.F.);
#6740 = FACE_BOUND('',#6741,.T.);
#6741 = EDGE_LOOP('',(#6742,#6743,#6749,#6750));
#6742 = ORIENTED_EDGE('',*,*,#1244,.T.);
#6743 = ORIENTED_EDGE('',*,*,#6744,.T.);
#6744 = EDGE_CURVE('',#1236,#3550,#6745,.T.);
#6745 = LINE('',#6746,#6747);
#6746 = CARTESIAN_POINT('',(5.1,-119.69097,-4.5E-02));
#6747 = VECTOR('',#6748,1.);
#6748 = DIRECTION('',(0.,0.,1.));
#6749 = ORIENTED_EDGE('',*,*,#3558,.F.);
#6750 = ORIENTED_EDGE('',*,*,#6728,.T.);
#6751 = CYLINDRICAL_SURFACE('',#6752,1.5);
#6752 = AXIS2_PLACEMENT_3D('',#6753,#6754,#6755);
#6753 = CARTESIAN_POINT('',(5.1,-118.19097,-4.5E-02));
#6754 = DIRECTION('',(-0.,-0.,-1.));
#6755 = DIRECTION('',(-0.,-1.,0.));
#6756 = ADVANCED_FACE('',(#6757),#6768,.F.);
#6757 = FACE_BOUND('',#6758,.T.);
#6758 = EDGE_LOOP('',(#6759,#6760,#6761,#6767));
#6759 = ORIENTED_EDGE('',*,*,#6744,.F.);
#6760 = ORIENTED_EDGE('',*,*,#1235,.T.);
#6761 = ORIENTED_EDGE('',*,*,#6762,.F.);
#6762 = EDGE_CURVE('',#3541,#1227,#6763,.T.);
#6763 = LINE('',#6764,#6765);
#6764 = CARTESIAN_POINT('',(6.543708123276,-117.7838989315,-4.5E-02));
#6765 = VECTOR('',#6766,1.);
#6766 = DIRECTION('',(-0.,-0.,-1.));
#6767 = ORIENTED_EDGE('',*,*,#3549,.F.);
#6768 = CYLINDRICAL_SURFACE('',#6769,1.5);
#6769 = AXIS2_PLACEMENT_3D('',#6770,#6771,#6772);
#6770 = CARTESIAN_POINT('',(5.1,-118.19097,-4.5E-02));
#6771 = DIRECTION('',(-0.,-0.,-1.));
#6772 = DIRECTION('',(-0.,-1.,0.));
#6773 = ADVANCED_FACE('',(#6774),#6780,.F.);
#6774 = FACE_BOUND('',#6775,.T.);
#6775 = EDGE_LOOP('',(#6776,#6777,#6778,#6779));
#6776 = ORIENTED_EDGE('',*,*,#1226,.T.);
#6777 = ORIENTED_EDGE('',*,*,#6721,.T.);
#6778 = ORIENTED_EDGE('',*,*,#3540,.F.);
#6779 = ORIENTED_EDGE('',*,*,#6762,.T.);
#6780 = CYLINDRICAL_SURFACE('',#6781,1.5);
#6781 = AXIS2_PLACEMENT_3D('',#6782,#6783,#6784);
#6782 = CARTESIAN_POINT('',(6.9,-119.24097,-4.5E-02));
#6783 = DIRECTION('',(-0.,-0.,-1.));
#6784 = DIRECTION('',(-0.,-1.,0.));
#6785 = ADVANCED_FACE('',(#6786),#6797,.F.);
#6786 = FACE_BOUND('',#6787,.T.);
#6787 = EDGE_LOOP('',(#6788,#6789,#6795,#6796));
#6788 = ORIENTED_EDGE('',*,*,#1253,.T.);
#6789 = ORIENTED_EDGE('',*,*,#6790,.T.);
#6790 = EDGE_CURVE('',#1254,#3568,#6791,.T.);
#6791 = LINE('',#6792,#6793);
#6792 = CARTESIAN_POINT('',(19.,-114.1,-4.5E-02));
#6793 = VECTOR('',#6794,1.);
#6794 = DIRECTION('',(0.,0.,1.));
#6795 = ORIENTED_EDGE('',*,*,#3567,.F.);
#6796 = ORIENTED_EDGE('',*,*,#6790,.F.);
#6797 = CYLINDRICAL_SURFACE('',#6798,2.1);
#6798 = AXIS2_PLACEMENT_3D('',#6799,#6800,#6801);
#6799 = CARTESIAN_POINT('',(19.,-112.,-4.5E-02));
#6800 = DIRECTION('',(-0.,-0.,-1.));
#6801 = DIRECTION('',(-0.,-1.,0.));
#6802 = ADVANCED_FACE('',(#6803),#6814,.F.);
#6803 = FACE_BOUND('',#6804,.T.);
#6804 = EDGE_LOOP('',(#6805,#6806,#6812,#6813));
#6805 = ORIENTED_EDGE('',*,*,#1264,.T.);
#6806 = ORIENTED_EDGE('',*,*,#6807,.T.);
#6807 = EDGE_CURVE('',#1265,#3579,#6808,.T.);
#6808 = LINE('',#6809,#6810);
#6809 = CARTESIAN_POINT('',(9.5,-116.04097,-4.5E-02));
#6810 = VECTOR('',#6811,1.);
#6811 = DIRECTION('',(0.,0.,1.));
#6812 = ORIENTED_EDGE('',*,*,#3578,.F.);
#6813 = ORIENTED_EDGE('',*,*,#6807,.F.);
#6814 = CYLINDRICAL_SURFACE('',#6815,2.55);
#6815 = AXIS2_PLACEMENT_3D('',#6816,#6817,#6818);
#6816 = CARTESIAN_POINT('',(9.5,-113.49097,-4.5E-02));
#6817 = DIRECTION('',(-0.,-0.,-1.));
#6818 = DIRECTION('',(-0.,-1.,0.));
#6819 = ADVANCED_FACE('',(#6820),#6836,.F.);
#6820 = FACE_BOUND('',#6821,.T.);
#6821 = EDGE_LOOP('',(#6822,#6828,#6829,#6835));
#6822 = ORIENTED_EDGE('',*,*,#6823,.F.);
#6823 = EDGE_CURVE('',#1276,#3590,#6824,.T.);
#6824 = LINE('',#6825,#6826);
#6825 = CARTESIAN_POINT('',(32.9,-100.69097,-4.5E-02));
#6826 = VECTOR('',#6827,1.);
#6827 = DIRECTION('',(0.,0.,1.));
#6828 = ORIENTED_EDGE('',*,*,#1275,.T.);
#6829 = ORIENTED_EDGE('',*,*,#6830,.F.);
#6830 = EDGE_CURVE('',#3592,#1278,#6831,.T.);
#6831 = LINE('',#6832,#6833);
#6832 = CARTESIAN_POINT('',(32.543708123276,-100.6480410684,-4.5E-02));
#6833 = VECTOR('',#6834,1.);
#6834 = DIRECTION('',(-0.,-0.,-1.));
#6835 = ORIENTED_EDGE('',*,*,#3589,.F.);
#6836 = CYLINDRICAL_SURFACE('',#6837,1.5);
#6837 = AXIS2_PLACEMENT_3D('',#6838,#6839,#6840);
#6838 = CARTESIAN_POINT('',(32.9,-99.19097,-4.5E-02));
#6839 = DIRECTION('',(-0.,-0.,-1.));
#6840 = DIRECTION('',(-0.,-1.,0.));
#6841 = ADVANCED_FACE('',(#6842),#6853,.F.);
#6842 = FACE_BOUND('',#6843,.T.);
#6843 = EDGE_LOOP('',(#6844,#6845,#6851,#6852));
#6844 = ORIENTED_EDGE('',*,*,#1304,.T.);
#6845 = ORIENTED_EDGE('',*,*,#6846,.T.);
#6846 = EDGE_CURVE('',#1296,#3610,#6847,.T.);
#6847 = LINE('',#6848,#6849);
#6848 = CARTESIAN_POINT('',(31.1,-101.74097,-4.5E-02));
#6849 = VECTOR('',#6850,1.);
#6850 = DIRECTION('',(0.,0.,1.));
#6851 = ORIENTED_EDGE('',*,*,#3618,.F.);
#6852 = ORIENTED_EDGE('',*,*,#6830,.T.);
#6853 = CYLINDRICAL_SURFACE('',#6854,1.5);
#6854 = AXIS2_PLACEMENT_3D('',#6855,#6856,#6857);
#6855 = CARTESIAN_POINT('',(31.1,-100.24097,-4.5E-02));
#6856 = DIRECTION('',(-0.,-0.,-1.));
#6857 = DIRECTION('',(-0.,-1.,0.));
#6858 = ADVANCED_FACE('',(#6859),#6870,.F.);
#6859 = FACE_BOUND('',#6860,.T.);
#6860 = EDGE_LOOP('',(#6861,#6862,#6863,#6869));
#6861 = ORIENTED_EDGE('',*,*,#6846,.F.);
#6862 = ORIENTED_EDGE('',*,*,#1295,.T.);
#6863 = ORIENTED_EDGE('',*,*,#6864,.F.);
#6864 = EDGE_CURVE('',#3601,#1287,#6865,.T.);
#6865 = LINE('',#6866,#6867);
#6866 = CARTESIAN_POINT('',(31.456291876724,-98.78389893152,-4.5E-02));
#6867 = VECTOR('',#6868,1.);
#6868 = DIRECTION('',(-0.,-0.,-1.));
#6869 = ORIENTED_EDGE('',*,*,#3609,.F.);
#6870 = CYLINDRICAL_SURFACE('',#6871,1.5);
#6871 = AXIS2_PLACEMENT_3D('',#6872,#6873,#6874);
#6872 = CARTESIAN_POINT('',(31.1,-100.24097,-4.5E-02));
#6873 = DIRECTION('',(-0.,-0.,-1.));
#6874 = DIRECTION('',(-0.,-1.,0.));
#6875 = ADVANCED_FACE('',(#6876),#6882,.F.);
#6876 = FACE_BOUND('',#6877,.T.);
#6877 = EDGE_LOOP('',(#6878,#6879,#6880,#6881));
#6878 = ORIENTED_EDGE('',*,*,#1286,.T.);
#6879 = ORIENTED_EDGE('',*,*,#6823,.T.);
#6880 = ORIENTED_EDGE('',*,*,#3600,.F.);
#6881 = ORIENTED_EDGE('',*,*,#6864,.T.);
#6882 = CYLINDRICAL_SURFACE('',#6883,1.5);
#6883 = AXIS2_PLACEMENT_3D('',#6884,#6885,#6886);
#6884 = CARTESIAN_POINT('',(32.9,-99.19097,-4.5E-02));
#6885 = DIRECTION('',(-0.,-0.,-1.));
#6886 = DIRECTION('',(-0.,-1.,0.));
#6887 = ADVANCED_FACE('',(#6888),#6904,.F.);
#6888 = FACE_BOUND('',#6889,.T.);
#6889 = EDGE_LOOP('',(#6890,#6896,#6897,#6903));
#6890 = ORIENTED_EDGE('',*,*,#6891,.F.);
#6891 = EDGE_CURVE('',#1314,#3628,#6892,.T.);
#6892 = LINE('',#6893,#6894);
#6893 = CARTESIAN_POINT('',(25.9,-101.74097,-4.5E-02));
#6894 = VECTOR('',#6895,1.);
#6895 = DIRECTION('',(0.,0.,1.));
#6896 = ORIENTED_EDGE('',*,*,#1313,.T.);
#6897 = ORIENTED_EDGE('',*,*,#6898,.F.);
#6898 = EDGE_CURVE('',#3630,#1316,#6899,.T.);
#6899 = LINE('',#6900,#6901);
#6900 = CARTESIAN_POINT('',(24.456291876724,-100.6480410684,-4.5E-02));
#6901 = VECTOR('',#6902,1.);
#6902 = DIRECTION('',(-0.,-0.,-1.));
#6903 = ORIENTED_EDGE('',*,*,#3627,.F.);
#6904 = CYLINDRICAL_SURFACE('',#6905,1.5);
#6905 = AXIS2_PLACEMENT_3D('',#6906,#6907,#6908);
#6906 = CARTESIAN_POINT('',(25.9,-100.24097,-4.5E-02));
#6907 = DIRECTION('',(-0.,-0.,-1.));
#6908 = DIRECTION('',(-0.,-1.,0.));
#6909 = ADVANCED_FACE('',(#6910),#6921,.F.);
#6910 = FACE_BOUND('',#6911,.T.);
#6911 = EDGE_LOOP('',(#6912,#6913,#6919,#6920));
#6912 = ORIENTED_EDGE('',*,*,#1342,.T.);
#6913 = ORIENTED_EDGE('',*,*,#6914,.T.);
#6914 = EDGE_CURVE('',#1334,#3648,#6915,.T.);
#6915 = LINE('',#6916,#6917);
#6916 = CARTESIAN_POINT('',(24.1,-100.69097,-4.5E-02));
#6917 = VECTOR('',#6918,1.);
#6918 = DIRECTION('',(0.,0.,1.));
#6919 = ORIENTED_EDGE('',*,*,#3656,.F.);
#6920 = ORIENTED_EDGE('',*,*,#6898,.T.);
#6921 = CYLINDRICAL_SURFACE('',#6922,1.5);
#6922 = AXIS2_PLACEMENT_3D('',#6923,#6924,#6925);
#6923 = CARTESIAN_POINT('',(24.1,-99.19097,-4.5E-02));
#6924 = DIRECTION('',(-0.,-0.,-1.));
#6925 = DIRECTION('',(-0.,-1.,0.));
#6926 = ADVANCED_FACE('',(#6927),#6938,.F.);
#6927 = FACE_BOUND('',#6928,.T.);
#6928 = EDGE_LOOP('',(#6929,#6930,#6931,#6937));
#6929 = ORIENTED_EDGE('',*,*,#6914,.F.);
#6930 = ORIENTED_EDGE('',*,*,#1333,.T.);
#6931 = ORIENTED_EDGE('',*,*,#6932,.F.);
#6932 = EDGE_CURVE('',#3639,#1325,#6933,.T.);
#6933 = LINE('',#6934,#6935);
#6934 = CARTESIAN_POINT('',(25.543708123276,-98.78389893152,-4.5E-02));
#6935 = VECTOR('',#6936,1.);
#6936 = DIRECTION('',(-0.,-0.,-1.));
#6937 = ORIENTED_EDGE('',*,*,#3647,.F.);
#6938 = CYLINDRICAL_SURFACE('',#6939,1.5);
#6939 = AXIS2_PLACEMENT_3D('',#6940,#6941,#6942);
#6940 = CARTESIAN_POINT('',(24.1,-99.19097,-4.5E-02));
#6941 = DIRECTION('',(-0.,-0.,-1.));
#6942 = DIRECTION('',(-0.,-1.,0.));
#6943 = ADVANCED_FACE('',(#6944),#6950,.F.);
#6944 = FACE_BOUND('',#6945,.T.);
#6945 = EDGE_LOOP('',(#6946,#6947,#6948,#6949));
#6946 = ORIENTED_EDGE('',*,*,#1324,.T.);
#6947 = ORIENTED_EDGE('',*,*,#6891,.T.);
#6948 = ORIENTED_EDGE('',*,*,#3638,.F.);
#6949 = ORIENTED_EDGE('',*,*,#6932,.T.);
#6950 = CYLINDRICAL_SURFACE('',#6951,1.5);
#6951 = AXIS2_PLACEMENT_3D('',#6952,#6953,#6954);
#6952 = CARTESIAN_POINT('',(25.9,-100.24097,-4.5E-02));
#6953 = DIRECTION('',(-0.,-0.,-1.));
#6954 = DIRECTION('',(-0.,-1.,0.));
#6955 = ADVANCED_FACE('',(#6956),#6972,.F.);
#6956 = FACE_BOUND('',#6957,.T.);
#6957 = EDGE_LOOP('',(#6958,#6964,#6965,#6971));
#6958 = ORIENTED_EDGE('',*,*,#6959,.F.);
#6959 = EDGE_CURVE('',#1352,#3666,#6960,.T.);
#6960 = LINE('',#6961,#6962);
#6961 = CARTESIAN_POINT('',(13.9,-100.69097,-4.5E-02));
#6962 = VECTOR('',#6963,1.);
#6963 = DIRECTION('',(0.,0.,1.));
#6964 = ORIENTED_EDGE('',*,*,#1351,.T.);
#6965 = ORIENTED_EDGE('',*,*,#6966,.F.);
#6966 = EDGE_CURVE('',#3668,#1354,#6967,.T.);
#6967 = LINE('',#6968,#6969);
#6968 = CARTESIAN_POINT('',(13.543708123276,-100.6480410684,-4.5E-02));
#6969 = VECTOR('',#6970,1.);
#6970 = DIRECTION('',(-0.,-0.,-1.));
#6971 = ORIENTED_EDGE('',*,*,#3665,.F.);
#6972 = CYLINDRICAL_SURFACE('',#6973,1.5);
#6973 = AXIS2_PLACEMENT_3D('',#6974,#6975,#6976);
#6974 = CARTESIAN_POINT('',(13.9,-99.19097,-4.5E-02));
#6975 = DIRECTION('',(-0.,-0.,-1.));
#6976 = DIRECTION('',(-0.,-1.,0.));
#6977 = ADVANCED_FACE('',(#6978),#6989,.F.);
#6978 = FACE_BOUND('',#6979,.T.);
#6979 = EDGE_LOOP('',(#6980,#6981,#6987,#6988));
#6980 = ORIENTED_EDGE('',*,*,#1380,.T.);
#6981 = ORIENTED_EDGE('',*,*,#6982,.T.);
#6982 = EDGE_CURVE('',#1372,#3686,#6983,.T.);
#6983 = LINE('',#6984,#6985);
#6984 = CARTESIAN_POINT('',(12.1,-101.74097,-4.5E-02));
#6985 = VECTOR('',#6986,1.);
#6986 = DIRECTION('',(0.,0.,1.));
#6987 = ORIENTED_EDGE('',*,*,#3694,.F.);
#6988 = ORIENTED_EDGE('',*,*,#6966,.T.);
#6989 = CYLINDRICAL_SURFACE('',#6990,1.5);
#6990 = AXIS2_PLACEMENT_3D('',#6991,#6992,#6993);
#6991 = CARTESIAN_POINT('',(12.1,-100.24097,-4.5E-02));
#6992 = DIRECTION('',(-0.,-0.,-1.));
#6993 = DIRECTION('',(-0.,-1.,0.));
#6994 = ADVANCED_FACE('',(#6995),#7006,.F.);
#6995 = FACE_BOUND('',#6996,.T.);
#6996 = EDGE_LOOP('',(#6997,#6998,#6999,#7005));
#6997 = ORIENTED_EDGE('',*,*,#6982,.F.);
#6998 = ORIENTED_EDGE('',*,*,#1371,.T.);
#6999 = ORIENTED_EDGE('',*,*,#7000,.F.);
#7000 = EDGE_CURVE('',#3677,#1363,#7001,.T.);
#7001 = LINE('',#7002,#7003);
#7002 = CARTESIAN_POINT('',(12.456291876724,-98.78389893152,-4.5E-02));
#7003 = VECTOR('',#7004,1.);
#7004 = DIRECTION('',(-0.,-0.,-1.));
#7005 = ORIENTED_EDGE('',*,*,#3685,.F.);
#7006 = CYLINDRICAL_SURFACE('',#7007,1.5);
#7007 = AXIS2_PLACEMENT_3D('',#7008,#7009,#7010);
#7008 = CARTESIAN_POINT('',(12.1,-100.24097,-4.5E-02));
#7009 = DIRECTION('',(-0.,-0.,-1.));
#7010 = DIRECTION('',(-0.,-1.,0.));
#7011 = ADVANCED_FACE('',(#7012),#7018,.F.);
#7012 = FACE_BOUND('',#7013,.T.);
#7013 = EDGE_LOOP('',(#7014,#7015,#7016,#7017));
#7014 = ORIENTED_EDGE('',*,*,#1362,.T.);
#7015 = ORIENTED_EDGE('',*,*,#6959,.T.);
#7016 = ORIENTED_EDGE('',*,*,#3676,.F.);
#7017 = ORIENTED_EDGE('',*,*,#7000,.T.);
#7018 = CYLINDRICAL_SURFACE('',#7019,1.5);
#7019 = AXIS2_PLACEMENT_3D('',#7020,#7021,#7022);
#7020 = CARTESIAN_POINT('',(13.9,-99.19097,-4.5E-02));
#7021 = DIRECTION('',(-0.,-0.,-1.));
#7022 = DIRECTION('',(-0.,-1.,0.));
#7023 = ADVANCED_FACE('',(#7024),#7040,.F.);
#7024 = FACE_BOUND('',#7025,.T.);
#7025 = EDGE_LOOP('',(#7026,#7032,#7033,#7039));
#7026 = ORIENTED_EDGE('',*,*,#7027,.F.);
#7027 = EDGE_CURVE('',#1390,#3704,#7028,.T.);
#7028 = LINE('',#7029,#7030);
#7029 = CARTESIAN_POINT('',(6.9,-101.74097,-4.5E-02));
#7030 = VECTOR('',#7031,1.);
#7031 = DIRECTION('',(0.,0.,1.));
#7032 = ORIENTED_EDGE('',*,*,#1389,.T.);
#7033 = ORIENTED_EDGE('',*,*,#7034,.F.);
#7034 = EDGE_CURVE('',#3706,#1392,#7035,.T.);
#7035 = LINE('',#7036,#7037);
#7036 = CARTESIAN_POINT('',(5.456291876724,-100.6480410684,-4.5E-02));
#7037 = VECTOR('',#7038,1.);
#7038 = DIRECTION('',(-0.,-0.,-1.));
#7039 = ORIENTED_EDGE('',*,*,#3703,.F.);
#7040 = CYLINDRICAL_SURFACE('',#7041,1.5);
#7041 = AXIS2_PLACEMENT_3D('',#7042,#7043,#7044);
#7042 = CARTESIAN_POINT('',(6.9,-100.24097,-4.5E-02));
#7043 = DIRECTION('',(-0.,-0.,-1.));
#7044 = DIRECTION('',(-0.,-1.,0.));
#7045 = ADVANCED_FACE('',(#7046),#7057,.F.);
#7046 = FACE_BOUND('',#7047,.T.);
#7047 = EDGE_LOOP('',(#7048,#7049,#7055,#7056));
#7048 = ORIENTED_EDGE('',*,*,#1418,.T.);
#7049 = ORIENTED_EDGE('',*,*,#7050,.T.);
#7050 = EDGE_CURVE('',#1410,#3724,#7051,.T.);
#7051 = LINE('',#7052,#7053);
#7052 = CARTESIAN_POINT('',(5.1,-100.69097,-4.5E-02));
#7053 = VECTOR('',#7054,1.);
#7054 = DIRECTION('',(0.,0.,1.));
#7055 = ORIENTED_EDGE('',*,*,#3732,.F.);
#7056 = ORIENTED_EDGE('',*,*,#7034,.T.);
#7057 = CYLINDRICAL_SURFACE('',#7058,1.5);
#7058 = AXIS2_PLACEMENT_3D('',#7059,#7060,#7061);
#7059 = CARTESIAN_POINT('',(5.1,-99.19097,-4.5E-02));
#7060 = DIRECTION('',(-0.,-0.,-1.));
#7061 = DIRECTION('',(-0.,-1.,0.));
#7062 = ADVANCED_FACE('',(#7063),#7074,.F.);
#7063 = FACE_BOUND('',#7064,.T.);
#7064 = EDGE_LOOP('',(#7065,#7066,#7067,#7073));
#7065 = ORIENTED_EDGE('',*,*,#7050,.F.);
#7066 = ORIENTED_EDGE('',*,*,#1409,.T.);
#7067 = ORIENTED_EDGE('',*,*,#7068,.F.);
#7068 = EDGE_CURVE('',#3715,#1401,#7069,.T.);
#7069 = LINE('',#7070,#7071);
#7070 = CARTESIAN_POINT('',(6.543708123276,-98.78389893152,-4.5E-02));
#7071 = VECTOR('',#7072,1.);
#7072 = DIRECTION('',(-0.,-0.,-1.));
#7073 = ORIENTED_EDGE('',*,*,#3723,.F.);
#7074 = CYLINDRICAL_SURFACE('',#7075,1.5);
#7075 = AXIS2_PLACEMENT_3D('',#7076,#7077,#7078);
#7076 = CARTESIAN_POINT('',(5.1,-99.19097,-4.5E-02));
#7077 = DIRECTION('',(-0.,-0.,-1.));
#7078 = DIRECTION('',(-0.,-1.,0.));
#7079 = ADVANCED_FACE('',(#7080),#7086,.F.);
#7080 = FACE_BOUND('',#7081,.T.);
#7081 = EDGE_LOOP('',(#7082,#7083,#7084,#7085));
#7082 = ORIENTED_EDGE('',*,*,#1400,.T.);
#7083 = ORIENTED_EDGE('',*,*,#7027,.T.);
#7084 = ORIENTED_EDGE('',*,*,#3714,.F.);
#7085 = ORIENTED_EDGE('',*,*,#7068,.T.);
#7086 = CYLINDRICAL_SURFACE('',#7087,1.5);
#7087 = AXIS2_PLACEMENT_3D('',#7088,#7089,#7090);
#7088 = CARTESIAN_POINT('',(6.9,-100.24097,-4.5E-02));
#7089 = DIRECTION('',(-0.,-0.,-1.));
#7090 = DIRECTION('',(-0.,-1.,0.));
#7091 = ADVANCED_FACE('',(#7092),#7108,.F.);
#7092 = FACE_BOUND('',#7093,.T.);
#7093 = EDGE_LOOP('',(#7094,#7100,#7101,#7107));
#7094 = ORIENTED_EDGE('',*,*,#7095,.F.);
#7095 = EDGE_CURVE('',#1428,#3742,#7096,.T.);
#7096 = LINE('',#7097,#7098);
#7097 = CARTESIAN_POINT('',(108.9,-89.7,-4.5E-02));
#7098 = VECTOR('',#7099,1.);
#7099 = DIRECTION('',(0.,0.,1.));
#7100 = ORIENTED_EDGE('',*,*,#1427,.T.);
#7101 = ORIENTED_EDGE('',*,*,#7102,.F.);
#7102 = EDGE_CURVE('',#3744,#1430,#7103,.T.);
#7103 = LINE('',#7104,#7105);
#7104 = CARTESIAN_POINT('',(108.54370812327,-89.65707106847,-4.5E-02));
#7105 = VECTOR('',#7106,1.);
#7106 = DIRECTION('',(-0.,-0.,-1.));
#7107 = ORIENTED_EDGE('',*,*,#3741,.F.);
#7108 = CYLINDRICAL_SURFACE('',#7109,1.5);
#7109 = AXIS2_PLACEMENT_3D('',#7110,#7111,#7112);
#7110 = CARTESIAN_POINT('',(108.9,-88.2,-4.5E-02));
#7111 = DIRECTION('',(-0.,-0.,-1.));
#7112 = DIRECTION('',(-0.,-1.,0.));
#7113 = ADVANCED_FACE('',(#7114),#7125,.F.);
#7114 = FACE_BOUND('',#7115,.T.);
#7115 = EDGE_LOOP('',(#7116,#7117,#7123,#7124));
#7116 = ORIENTED_EDGE('',*,*,#1456,.T.);
#7117 = ORIENTED_EDGE('',*,*,#7118,.T.);
#7118 = EDGE_CURVE('',#1448,#3762,#7119,.T.);
#7119 = LINE('',#7120,#7121);
#7120 = CARTESIAN_POINT('',(107.1,-90.75,-4.5E-02));
#7121 = VECTOR('',#7122,1.);
#7122 = DIRECTION('',(0.,0.,1.));
#7123 = ORIENTED_EDGE('',*,*,#3770,.F.);
#7124 = ORIENTED_EDGE('',*,*,#7102,.T.);
#7125 = CYLINDRICAL_SURFACE('',#7126,1.5);
#7126 = AXIS2_PLACEMENT_3D('',#7127,#7128,#7129);
#7127 = CARTESIAN_POINT('',(107.1,-89.25,-4.5E-02));
#7128 = DIRECTION('',(-0.,-0.,-1.));
#7129 = DIRECTION('',(-0.,-1.,0.));
#7130 = ADVANCED_FACE('',(#7131),#7142,.F.);
#7131 = FACE_BOUND('',#7132,.T.);
#7132 = EDGE_LOOP('',(#7133,#7134,#7135,#7141));
#7133 = ORIENTED_EDGE('',*,*,#7118,.F.);
#7134 = ORIENTED_EDGE('',*,*,#1447,.T.);
#7135 = ORIENTED_EDGE('',*,*,#7136,.F.);
#7136 = EDGE_CURVE('',#3753,#1439,#7137,.T.);
#7137 = LINE('',#7138,#7139);
#7138 = CARTESIAN_POINT('',(107.45629187672,-87.79292893152,-4.5E-02));
#7139 = VECTOR('',#7140,1.);
#7140 = DIRECTION('',(-0.,-0.,-1.));
#7141 = ORIENTED_EDGE('',*,*,#3761,.F.);
#7142 = CYLINDRICAL_SURFACE('',#7143,1.5);
#7143 = AXIS2_PLACEMENT_3D('',#7144,#7145,#7146);
#7144 = CARTESIAN_POINT('',(107.1,-89.25,-4.5E-02));
#7145 = DIRECTION('',(-0.,-0.,-1.));
#7146 = DIRECTION('',(-0.,-1.,0.));
#7147 = ADVANCED_FACE('',(#7148),#7154,.F.);
#7148 = FACE_BOUND('',#7149,.T.);
#7149 = EDGE_LOOP('',(#7150,#7151,#7152,#7153));
#7150 = ORIENTED_EDGE('',*,*,#1438,.T.);
#7151 = ORIENTED_EDGE('',*,*,#7095,.T.);
#7152 = ORIENTED_EDGE('',*,*,#3752,.F.);
#7153 = ORIENTED_EDGE('',*,*,#7136,.T.);
#7154 = CYLINDRICAL_SURFACE('',#7155,1.5);
#7155 = AXIS2_PLACEMENT_3D('',#7156,#7157,#7158);
#7156 = CARTESIAN_POINT('',(108.9,-88.2,-4.5E-02));
#7157 = DIRECTION('',(-0.,-0.,-1.));
#7158 = DIRECTION('',(-0.,-1.,0.));
#7159 = ADVANCED_FACE('',(#7160),#7171,.F.);
#7160 = FACE_BOUND('',#7161,.T.);
#7161 = EDGE_LOOP('',(#7162,#7163,#7169,#7170));
#7162 = ORIENTED_EDGE('',*,*,#1465,.T.);
#7163 = ORIENTED_EDGE('',*,*,#7164,.T.);
#7164 = EDGE_CURVE('',#1466,#3780,#7165,.T.);
#7165 = LINE('',#7166,#7167);
#7166 = CARTESIAN_POINT('',(123.,-78.61597,-4.5E-02));
#7167 = VECTOR('',#7168,1.);
#7168 = DIRECTION('',(0.,0.,1.));
#7169 = ORIENTED_EDGE('',*,*,#3779,.F.);
#7170 = ORIENTED_EDGE('',*,*,#7164,.F.);
#7171 = CYLINDRICAL_SURFACE('',#7172,0.5);
#7172 = AXIS2_PLACEMENT_3D('',#7173,#7174,#7175);
#7173 = CARTESIAN_POINT('',(123.,-78.11597,-4.5E-02));
#7174 = DIRECTION('',(-0.,-0.,-1.));
#7175 = DIRECTION('',(-0.,-1.,0.));
#7176 = ADVANCED_FACE('',(#7177),#7188,.F.);
#7177 = FACE_BOUND('',#7178,.T.);
#7178 = EDGE_LOOP('',(#7179,#7180,#7186,#7187));
#7179 = ORIENTED_EDGE('',*,*,#1476,.T.);
#7180 = ORIENTED_EDGE('',*,*,#7181,.T.);
#7181 = EDGE_CURVE('',#1477,#3791,#7182,.T.);
#7182 = LINE('',#7183,#7184);
#7183 = CARTESIAN_POINT('',(119.,-78.61597,-4.5E-02));
#7184 = VECTOR('',#7185,1.);
#7185 = DIRECTION('',(0.,0.,1.));
#7186 = ORIENTED_EDGE('',*,*,#3790,.F.);
#7187 = ORIENTED_EDGE('',*,*,#7181,.F.);
#7188 = CYLINDRICAL_SURFACE('',#7189,0.5);
#7189 = AXIS2_PLACEMENT_3D('',#7190,#7191,#7192);
#7190 = CARTESIAN_POINT('',(119.,-78.11597,-4.5E-02));
#7191 = DIRECTION('',(-0.,-0.,-1.));
#7192 = DIRECTION('',(-0.,-1.,0.));
#7193 = ADVANCED_FACE('',(#7194),#7205,.F.);
#7194 = FACE_BOUND('',#7195,.T.);
#7195 = EDGE_LOOP('',(#7196,#7197,#7203,#7204));
#7196 = ORIENTED_EDGE('',*,*,#1487,.T.);
#7197 = ORIENTED_EDGE('',*,*,#7198,.T.);
#7198 = EDGE_CURVE('',#1488,#3802,#7199,.T.);
#7199 = LINE('',#7200,#7201);
#7200 = CARTESIAN_POINT('',(104.5,-86.05,-4.5E-02));
#7201 = VECTOR('',#7202,1.);
#7202 = DIRECTION('',(0.,0.,1.));
#7203 = ORIENTED_EDGE('',*,*,#3801,.F.);
#7204 = ORIENTED_EDGE('',*,*,#7198,.F.);
#7205 = CYLINDRICAL_SURFACE('',#7206,2.55);
#7206 = AXIS2_PLACEMENT_3D('',#7207,#7208,#7209);
#7207 = CARTESIAN_POINT('',(104.5,-83.5,-4.5E-02));
#7208 = DIRECTION('',(-0.,-0.,-1.));
#7209 = DIRECTION('',(-0.,-1.,0.));
#7210 = ADVANCED_FACE('',(#7211),#7227,.F.);
#7211 = FACE_BOUND('',#7212,.T.);
#7212 = EDGE_LOOP('',(#7213,#7219,#7220,#7226));
#7213 = ORIENTED_EDGE('',*,*,#7214,.F.);
#7214 = EDGE_CURVE('',#1499,#3813,#7215,.T.);
#7215 = LINE('',#7216,#7217);
#7216 = CARTESIAN_POINT('',(101.9,-90.75,-4.5E-02));
#7217 = VECTOR('',#7218,1.);
#7218 = DIRECTION('',(0.,0.,1.));
#7219 = ORIENTED_EDGE('',*,*,#1498,.T.);
#7220 = ORIENTED_EDGE('',*,*,#7221,.F.);
#7221 = EDGE_CURVE('',#3815,#1501,#7222,.T.);
#7222 = LINE('',#7223,#7224);
#7223 = CARTESIAN_POINT('',(100.45629187672,-89.65707106847,-4.5E-02));
#7224 = VECTOR('',#7225,1.);
#7225 = DIRECTION('',(-0.,-0.,-1.));
#7226 = ORIENTED_EDGE('',*,*,#3812,.F.);
#7227 = CYLINDRICAL_SURFACE('',#7228,1.5);
#7228 = AXIS2_PLACEMENT_3D('',#7229,#7230,#7231);
#7229 = CARTESIAN_POINT('',(101.9,-89.25,-4.5E-02));
#7230 = DIRECTION('',(-0.,-0.,-1.));
#7231 = DIRECTION('',(-0.,-1.,0.));
#7232 = ADVANCED_FACE('',(#7233),#7244,.F.);
#7233 = FACE_BOUND('',#7234,.T.);
#7234 = EDGE_LOOP('',(#7235,#7236,#7242,#7243));
#7235 = ORIENTED_EDGE('',*,*,#1527,.T.);
#7236 = ORIENTED_EDGE('',*,*,#7237,.T.);
#7237 = EDGE_CURVE('',#1519,#3833,#7238,.T.);
#7238 = LINE('',#7239,#7240);
#7239 = CARTESIAN_POINT('',(100.1,-89.7,-4.5E-02));
#7240 = VECTOR('',#7241,1.);
#7241 = DIRECTION('',(0.,0.,1.));
#7242 = ORIENTED_EDGE('',*,*,#3841,.F.);
#7243 = ORIENTED_EDGE('',*,*,#7221,.T.);
#7244 = CYLINDRICAL_SURFACE('',#7245,1.5);
#7245 = AXIS2_PLACEMENT_3D('',#7246,#7247,#7248);
#7246 = CARTESIAN_POINT('',(100.1,-88.2,-4.5E-02));
#7247 = DIRECTION('',(-0.,-0.,-1.));
#7248 = DIRECTION('',(-0.,-1.,0.));
#7249 = ADVANCED_FACE('',(#7250),#7261,.F.);
#7250 = FACE_BOUND('',#7251,.T.);
#7251 = EDGE_LOOP('',(#7252,#7253,#7254,#7260));
#7252 = ORIENTED_EDGE('',*,*,#7237,.F.);
#7253 = ORIENTED_EDGE('',*,*,#1518,.T.);
#7254 = ORIENTED_EDGE('',*,*,#7255,.F.);
#7255 = EDGE_CURVE('',#3824,#1510,#7256,.T.);
#7256 = LINE('',#7257,#7258);
#7257 = CARTESIAN_POINT('',(101.54370812327,-87.79292893152,-4.5E-02));
#7258 = VECTOR('',#7259,1.);
#7259 = DIRECTION('',(-0.,-0.,-1.));
#7260 = ORIENTED_EDGE('',*,*,#3832,.F.);
#7261 = CYLINDRICAL_SURFACE('',#7262,1.5);
#7262 = AXIS2_PLACEMENT_3D('',#7263,#7264,#7265);
#7263 = CARTESIAN_POINT('',(100.1,-88.2,-4.5E-02));
#7264 = DIRECTION('',(-0.,-0.,-1.));
#7265 = DIRECTION('',(-0.,-1.,0.));
#7266 = ADVANCED_FACE('',(#7267),#7273,.F.);
#7267 = FACE_BOUND('',#7268,.T.);
#7268 = EDGE_LOOP('',(#7269,#7270,#7271,#7272));
#7269 = ORIENTED_EDGE('',*,*,#1509,.T.);
#7270 = ORIENTED_EDGE('',*,*,#7214,.T.);
#7271 = ORIENTED_EDGE('',*,*,#3823,.F.);
#7272 = ORIENTED_EDGE('',*,*,#7255,.T.);
#7273 = CYLINDRICAL_SURFACE('',#7274,1.5);
#7274 = AXIS2_PLACEMENT_3D('',#7275,#7276,#7277);
#7275 = CARTESIAN_POINT('',(101.9,-89.25,-4.5E-02));
#7276 = DIRECTION('',(-0.,-0.,-1.));
#7277 = DIRECTION('',(-0.,-1.,0.));
#7278 = ADVANCED_FACE('',(#7279),#7295,.F.);
#7279 = FACE_BOUND('',#7280,.T.);
#7280 = EDGE_LOOP('',(#7281,#7287,#7288,#7294));
#7281 = ORIENTED_EDGE('',*,*,#7282,.F.);
#7282 = EDGE_CURVE('',#1537,#3851,#7283,.T.);
#7283 = LINE('',#7284,#7285);
#7284 = CARTESIAN_POINT('',(88.1,-88.75,-4.5E-02));
#7285 = VECTOR('',#7286,1.);
#7286 = DIRECTION('',(0.,0.,1.));
#7287 = ORIENTED_EDGE('',*,*,#1536,.T.);
#7288 = ORIENTED_EDGE('',*,*,#7289,.F.);
#7289 = EDGE_CURVE('',#3853,#1539,#7290,.T.);
#7290 = LINE('',#7291,#7292);
#7291 = CARTESIAN_POINT('',(88.456291876724,-85.79292893152,-4.5E-02));
#7292 = VECTOR('',#7293,1.);
#7293 = DIRECTION('',(-0.,-0.,-1.));
#7294 = ORIENTED_EDGE('',*,*,#3850,.F.);
#7295 = CYLINDRICAL_SURFACE('',#7296,1.5);
#7296 = AXIS2_PLACEMENT_3D('',#7297,#7298,#7299);
#7297 = CARTESIAN_POINT('',(88.1,-87.25,-4.5E-02));
#7298 = DIRECTION('',(-0.,-0.,-1.));
#7299 = DIRECTION('',(-0.,-1.,0.));
#7300 = ADVANCED_FACE('',(#7301),#7312,.F.);
#7301 = FACE_BOUND('',#7302,.T.);
#7302 = EDGE_LOOP('',(#7303,#7304,#7310,#7311));
#7303 = ORIENTED_EDGE('',*,*,#1565,.T.);
#7304 = ORIENTED_EDGE('',*,*,#7305,.T.);
#7305 = EDGE_CURVE('',#1557,#3871,#7306,.T.);
#7306 = LINE('',#7307,#7308);
#7307 = CARTESIAN_POINT('',(89.9,-87.7,-4.5E-02));
#7308 = VECTOR('',#7309,1.);
#7309 = DIRECTION('',(0.,0.,1.));
#7310 = ORIENTED_EDGE('',*,*,#3879,.F.);
#7311 = ORIENTED_EDGE('',*,*,#7289,.T.);
#7312 = CYLINDRICAL_SURFACE('',#7313,1.5);
#7313 = AXIS2_PLACEMENT_3D('',#7314,#7315,#7316);
#7314 = CARTESIAN_POINT('',(89.9,-86.2,-4.5E-02));
#7315 = DIRECTION('',(-0.,-0.,-1.));
#7316 = DIRECTION('',(-0.,-1.,0.));
#7317 = ADVANCED_FACE('',(#7318),#7329,.F.);
#7318 = FACE_BOUND('',#7319,.T.);
#7319 = EDGE_LOOP('',(#7320,#7321,#7322,#7328));
#7320 = ORIENTED_EDGE('',*,*,#7305,.F.);
#7321 = ORIENTED_EDGE('',*,*,#1556,.T.);
#7322 = ORIENTED_EDGE('',*,*,#7323,.F.);
#7323 = EDGE_CURVE('',#3862,#1548,#7324,.T.);
#7324 = LINE('',#7325,#7326);
#7325 = CARTESIAN_POINT('',(89.543708123276,-87.65707106847,-4.5E-02));
#7326 = VECTOR('',#7327,1.);
#7327 = DIRECTION('',(-0.,-0.,-1.));
#7328 = ORIENTED_EDGE('',*,*,#3870,.F.);
#7329 = CYLINDRICAL_SURFACE('',#7330,1.5);
#7330 = AXIS2_PLACEMENT_3D('',#7331,#7332,#7333);
#7331 = CARTESIAN_POINT('',(89.9,-86.2,-4.5E-02));
#7332 = DIRECTION('',(-0.,-0.,-1.));
#7333 = DIRECTION('',(-0.,-1.,0.));
#7334 = ADVANCED_FACE('',(#7335),#7341,.F.);
#7335 = FACE_BOUND('',#7336,.T.);
#7336 = EDGE_LOOP('',(#7337,#7338,#7339,#7340));
#7337 = ORIENTED_EDGE('',*,*,#1547,.T.);
#7338 = ORIENTED_EDGE('',*,*,#7282,.T.);
#7339 = ORIENTED_EDGE('',*,*,#3861,.F.);
#7340 = ORIENTED_EDGE('',*,*,#7323,.T.);
#7341 = CYLINDRICAL_SURFACE('',#7342,1.5);
#7342 = AXIS2_PLACEMENT_3D('',#7343,#7344,#7345);
#7343 = CARTESIAN_POINT('',(88.1,-87.25,-4.5E-02));
#7344 = DIRECTION('',(-0.,-0.,-1.));
#7345 = DIRECTION('',(-0.,-1.,0.));
#7346 = ADVANCED_FACE('',(#7347),#7363,.F.);
#7347 = FACE_BOUND('',#7348,.T.);
#7348 = EDGE_LOOP('',(#7349,#7355,#7356,#7362));
#7349 = ORIENTED_EDGE('',*,*,#7350,.F.);
#7350 = EDGE_CURVE('',#1575,#3889,#7351,.T.);
#7351 = LINE('',#7352,#7353);
#7352 = CARTESIAN_POINT('',(82.9,-88.75,-4.5E-02));
#7353 = VECTOR('',#7354,1.);
#7354 = DIRECTION('',(0.,0.,1.));
#7355 = ORIENTED_EDGE('',*,*,#1574,.T.);
#7356 = ORIENTED_EDGE('',*,*,#7357,.F.);
#7357 = EDGE_CURVE('',#3891,#1577,#7358,.T.);
#7358 = LINE('',#7359,#7360);
#7359 = CARTESIAN_POINT('',(81.456291876724,-87.65707106847,-4.5E-02));
#7360 = VECTOR('',#7361,1.);
#7361 = DIRECTION('',(-0.,-0.,-1.));
#7362 = ORIENTED_EDGE('',*,*,#3888,.F.);
#7363 = CYLINDRICAL_SURFACE('',#7364,1.5);
#7364 = AXIS2_PLACEMENT_3D('',#7365,#7366,#7367);
#7365 = CARTESIAN_POINT('',(82.9,-87.25,-4.5E-02));
#7366 = DIRECTION('',(-0.,-0.,-1.));
#7367 = DIRECTION('',(-0.,-1.,0.));
#7368 = ADVANCED_FACE('',(#7369),#7380,.F.);
#7369 = FACE_BOUND('',#7370,.T.);
#7370 = EDGE_LOOP('',(#7371,#7372,#7378,#7379));
#7371 = ORIENTED_EDGE('',*,*,#1603,.T.);
#7372 = ORIENTED_EDGE('',*,*,#7373,.T.);
#7373 = EDGE_CURVE('',#1595,#3909,#7374,.T.);
#7374 = LINE('',#7375,#7376);
#7375 = CARTESIAN_POINT('',(81.1,-87.7,-4.5E-02));
#7376 = VECTOR('',#7377,1.);
#7377 = DIRECTION('',(0.,0.,1.));
#7378 = ORIENTED_EDGE('',*,*,#3917,.F.);
#7379 = ORIENTED_EDGE('',*,*,#7357,.T.);
#7380 = CYLINDRICAL_SURFACE('',#7381,1.5);
#7381 = AXIS2_PLACEMENT_3D('',#7382,#7383,#7384);
#7382 = CARTESIAN_POINT('',(81.1,-86.2,-4.5E-02));
#7383 = DIRECTION('',(-0.,-0.,-1.));
#7384 = DIRECTION('',(-0.,-1.,0.));
#7385 = ADVANCED_FACE('',(#7386),#7397,.F.);
#7386 = FACE_BOUND('',#7387,.T.);
#7387 = EDGE_LOOP('',(#7388,#7389,#7390,#7396));
#7388 = ORIENTED_EDGE('',*,*,#7373,.F.);
#7389 = ORIENTED_EDGE('',*,*,#1594,.T.);
#7390 = ORIENTED_EDGE('',*,*,#7391,.F.);
#7391 = EDGE_CURVE('',#3900,#1586,#7392,.T.);
#7392 = LINE('',#7393,#7394);
#7393 = CARTESIAN_POINT('',(82.543708123276,-85.79292893152,-4.5E-02));
#7394 = VECTOR('',#7395,1.);
#7395 = DIRECTION('',(-0.,-0.,-1.));
#7396 = ORIENTED_EDGE('',*,*,#3908,.F.);
#7397 = CYLINDRICAL_SURFACE('',#7398,1.5);
#7398 = AXIS2_PLACEMENT_3D('',#7399,#7400,#7401);
#7399 = CARTESIAN_POINT('',(81.1,-86.2,-4.5E-02));
#7400 = DIRECTION('',(-0.,-0.,-1.));
#7401 = DIRECTION('',(-0.,-1.,0.));
#7402 = ADVANCED_FACE('',(#7403),#7409,.F.);
#7403 = FACE_BOUND('',#7404,.T.);
#7404 = EDGE_LOOP('',(#7405,#7406,#7407,#7408));
#7405 = ORIENTED_EDGE('',*,*,#1585,.T.);
#7406 = ORIENTED_EDGE('',*,*,#7350,.T.);
#7407 = ORIENTED_EDGE('',*,*,#3899,.F.);
#7408 = ORIENTED_EDGE('',*,*,#7391,.T.);
#7409 = CYLINDRICAL_SURFACE('',#7410,1.5);
#7410 = AXIS2_PLACEMENT_3D('',#7411,#7412,#7413);
#7411 = CARTESIAN_POINT('',(82.9,-87.25,-4.5E-02));
#7412 = DIRECTION('',(-0.,-0.,-1.));
#7413 = DIRECTION('',(-0.,-1.,0.));
#7414 = ADVANCED_FACE('',(#7415),#7426,.F.);
#7415 = FACE_BOUND('',#7416,.T.);
#7416 = EDGE_LOOP('',(#7417,#7418,#7424,#7425));
#7417 = ORIENTED_EDGE('',*,*,#1612,.T.);
#7418 = ORIENTED_EDGE('',*,*,#7419,.T.);
#7419 = EDGE_CURVE('',#1613,#3927,#7420,.T.);
#7420 = LINE('',#7421,#7422);
#7421 = CARTESIAN_POINT('',(85.5,-84.05,-4.5E-02));
#7422 = VECTOR('',#7423,1.);
#7423 = DIRECTION('',(0.,0.,1.));
#7424 = ORIENTED_EDGE('',*,*,#3926,.F.);
#7425 = ORIENTED_EDGE('',*,*,#7419,.F.);
#7426 = CYLINDRICAL_SURFACE('',#7427,2.55);
#7427 = AXIS2_PLACEMENT_3D('',#7428,#7429,#7430);
#7428 = CARTESIAN_POINT('',(85.5,-81.5,-4.5E-02));
#7429 = DIRECTION('',(-0.,-0.,-1.));
#7430 = DIRECTION('',(-0.,-1.,0.));
#7431 = ADVANCED_FACE('',(#7432),#7448,.F.);
#7432 = FACE_BOUND('',#7433,.T.);
#7433 = EDGE_LOOP('',(#7434,#7440,#7441,#7447));
#7434 = ORIENTED_EDGE('',*,*,#7435,.F.);
#7435 = EDGE_CURVE('',#1624,#3938,#7436,.T.);
#7436 = LINE('',#7437,#7438);
#7437 = CARTESIAN_POINT('',(70.9,-82.69097,-4.5E-02));
#7438 = VECTOR('',#7439,1.);
#7439 = DIRECTION('',(0.,0.,1.));
#7440 = ORIENTED_EDGE('',*,*,#1623,.T.);
#7441 = ORIENTED_EDGE('',*,*,#7442,.F.);
#7442 = EDGE_CURVE('',#3940,#1626,#7443,.T.);
#7443 = LINE('',#7444,#7445);
#7444 = CARTESIAN_POINT('',(70.543708123276,-82.64804106847,-4.5E-02));
#7445 = VECTOR('',#7446,1.);
#7446 = DIRECTION('',(-0.,-0.,-1.));
#7447 = ORIENTED_EDGE('',*,*,#3937,.F.);
#7448 = CYLINDRICAL_SURFACE('',#7449,1.5);
#7449 = AXIS2_PLACEMENT_3D('',#7450,#7451,#7452);
#7450 = CARTESIAN_POINT('',(70.9,-81.19097,-4.5E-02));
#7451 = DIRECTION('',(-0.,-0.,-1.));
#7452 = DIRECTION('',(-0.,-1.,0.));
#7453 = ADVANCED_FACE('',(#7454),#7465,.F.);
#7454 = FACE_BOUND('',#7455,.T.);
#7455 = EDGE_LOOP('',(#7456,#7457,#7463,#7464));
#7456 = ORIENTED_EDGE('',*,*,#1652,.T.);
#7457 = ORIENTED_EDGE('',*,*,#7458,.T.);
#7458 = EDGE_CURVE('',#1644,#3958,#7459,.T.);
#7459 = LINE('',#7460,#7461);
#7460 = CARTESIAN_POINT('',(69.1,-83.74097,-4.5E-02));
#7461 = VECTOR('',#7462,1.);
#7462 = DIRECTION('',(0.,0.,1.));
#7463 = ORIENTED_EDGE('',*,*,#3966,.F.);
#7464 = ORIENTED_EDGE('',*,*,#7442,.T.);
#7465 = CYLINDRICAL_SURFACE('',#7466,1.5);
#7466 = AXIS2_PLACEMENT_3D('',#7467,#7468,#7469);
#7467 = CARTESIAN_POINT('',(69.1,-82.24097,-4.5E-02));
#7468 = DIRECTION('',(-0.,-0.,-1.));
#7469 = DIRECTION('',(-0.,-1.,0.));
#7470 = ADVANCED_FACE('',(#7471),#7482,.F.);
#7471 = FACE_BOUND('',#7472,.T.);
#7472 = EDGE_LOOP('',(#7473,#7474,#7475,#7481));
#7473 = ORIENTED_EDGE('',*,*,#7458,.F.);
#7474 = ORIENTED_EDGE('',*,*,#1643,.T.);
#7475 = ORIENTED_EDGE('',*,*,#7476,.F.);
#7476 = EDGE_CURVE('',#3949,#1635,#7477,.T.);
#7477 = LINE('',#7478,#7479);
#7478 = CARTESIAN_POINT('',(69.456291876724,-80.78389893152,-4.5E-02));
#7479 = VECTOR('',#7480,1.);
#7480 = DIRECTION('',(-0.,-0.,-1.));
#7481 = ORIENTED_EDGE('',*,*,#3957,.F.);
#7482 = CYLINDRICAL_SURFACE('',#7483,1.5);
#7483 = AXIS2_PLACEMENT_3D('',#7484,#7485,#7486);
#7484 = CARTESIAN_POINT('',(69.1,-82.24097,-4.5E-02));
#7485 = DIRECTION('',(-0.,-0.,-1.));
#7486 = DIRECTION('',(-0.,-1.,0.));
#7487 = ADVANCED_FACE('',(#7488),#7494,.F.);
#7488 = FACE_BOUND('',#7489,.T.);
#7489 = EDGE_LOOP('',(#7490,#7491,#7492,#7493));
#7490 = ORIENTED_EDGE('',*,*,#1634,.T.);
#7491 = ORIENTED_EDGE('',*,*,#7435,.T.);
#7492 = ORIENTED_EDGE('',*,*,#3948,.F.);
#7493 = ORIENTED_EDGE('',*,*,#7476,.T.);
#7494 = CYLINDRICAL_SURFACE('',#7495,1.5);
#7495 = AXIS2_PLACEMENT_3D('',#7496,#7497,#7498);
#7496 = CARTESIAN_POINT('',(70.9,-81.19097,-4.5E-02));
#7497 = DIRECTION('',(-0.,-0.,-1.));
#7498 = DIRECTION('',(-0.,-1.,0.));
#7499 = ADVANCED_FACE('',(#7500),#7511,.F.);
#7500 = FACE_BOUND('',#7501,.T.);
#7501 = EDGE_LOOP('',(#7502,#7503,#7509,#7510));
#7502 = ORIENTED_EDGE('',*,*,#1661,.T.);
#7503 = ORIENTED_EDGE('',*,*,#7504,.T.);
#7504 = EDGE_CURVE('',#1662,#3976,#7505,.T.);
#7505 = LINE('',#7506,#7507);
#7506 = CARTESIAN_POINT('',(109.4,-75.99097,-4.5E-02));
#7507 = VECTOR('',#7508,1.);
#7508 = DIRECTION('',(0.,0.,1.));
#7509 = ORIENTED_EDGE('',*,*,#3975,.F.);
#7510 = ORIENTED_EDGE('',*,*,#7504,.F.);
#7511 = CYLINDRICAL_SURFACE('',#7512,2.1);
#7512 = AXIS2_PLACEMENT_3D('',#7513,#7514,#7515);
#7513 = CARTESIAN_POINT('',(109.4,-73.89097,-4.5E-02));
#7514 = DIRECTION('',(-0.,-0.,-1.));
#7515 = DIRECTION('',(-0.,-1.,0.));
#7516 = ADVANCED_FACE('',(#7517),#7533,.F.);
#7517 = FACE_BOUND('',#7518,.T.);
#7518 = EDGE_LOOP('',(#7519,#7525,#7526,#7532));
#7519 = ORIENTED_EDGE('',*,*,#7520,.F.);
#7520 = EDGE_CURVE('',#1673,#3987,#7521,.T.);
#7521 = LINE('',#7522,#7523);
#7522 = CARTESIAN_POINT('',(108.9,-70.7,-4.5E-02));
#7523 = VECTOR('',#7524,1.);
#7524 = DIRECTION('',(0.,0.,1.));
#7525 = ORIENTED_EDGE('',*,*,#1672,.T.);
#7526 = ORIENTED_EDGE('',*,*,#7527,.F.);
#7527 = EDGE_CURVE('',#3989,#1675,#7528,.T.);
#7528 = LINE('',#7529,#7530);
#7529 = CARTESIAN_POINT('',(108.54370812327,-70.65707106847,-4.5E-02));
#7530 = VECTOR('',#7531,1.);
#7531 = DIRECTION('',(-0.,-0.,-1.));
#7532 = ORIENTED_EDGE('',*,*,#3986,.F.);
#7533 = CYLINDRICAL_SURFACE('',#7534,1.5);
#7534 = AXIS2_PLACEMENT_3D('',#7535,#7536,#7537);
#7535 = CARTESIAN_POINT('',(108.9,-69.2,-4.5E-02));
#7536 = DIRECTION('',(-0.,-0.,-1.));
#7537 = DIRECTION('',(-0.,-1.,0.));
#7538 = ADVANCED_FACE('',(#7539),#7550,.F.);
#7539 = FACE_BOUND('',#7540,.T.);
#7540 = EDGE_LOOP('',(#7541,#7542,#7548,#7549));
#7541 = ORIENTED_EDGE('',*,*,#1701,.T.);
#7542 = ORIENTED_EDGE('',*,*,#7543,.T.);
#7543 = EDGE_CURVE('',#1693,#4007,#7544,.T.);
#7544 = LINE('',#7545,#7546);
#7545 = CARTESIAN_POINT('',(107.1,-71.75,-4.5E-02));
#7546 = VECTOR('',#7547,1.);
#7547 = DIRECTION('',(0.,0.,1.));
#7548 = ORIENTED_EDGE('',*,*,#4015,.F.);
#7549 = ORIENTED_EDGE('',*,*,#7527,.T.);
#7550 = CYLINDRICAL_SURFACE('',#7551,1.5);
#7551 = AXIS2_PLACEMENT_3D('',#7552,#7553,#7554);
#7552 = CARTESIAN_POINT('',(107.1,-70.25,-4.5E-02));
#7553 = DIRECTION('',(-0.,-0.,-1.));
#7554 = DIRECTION('',(-0.,-1.,0.));
#7555 = ADVANCED_FACE('',(#7556),#7567,.F.);
#7556 = FACE_BOUND('',#7557,.T.);
#7557 = EDGE_LOOP('',(#7558,#7559,#7560,#7566));
#7558 = ORIENTED_EDGE('',*,*,#7543,.F.);
#7559 = ORIENTED_EDGE('',*,*,#1692,.T.);
#7560 = ORIENTED_EDGE('',*,*,#7561,.F.);
#7561 = EDGE_CURVE('',#3998,#1684,#7562,.T.);
#7562 = LINE('',#7563,#7564);
#7563 = CARTESIAN_POINT('',(107.45629187672,-68.79292893152,-4.5E-02));
#7564 = VECTOR('',#7565,1.);
#7565 = DIRECTION('',(-0.,-0.,-1.));
#7566 = ORIENTED_EDGE('',*,*,#4006,.F.);
#7567 = CYLINDRICAL_SURFACE('',#7568,1.5);
#7568 = AXIS2_PLACEMENT_3D('',#7569,#7570,#7571);
#7569 = CARTESIAN_POINT('',(107.1,-70.25,-4.5E-02));
#7570 = DIRECTION('',(-0.,-0.,-1.));
#7571 = DIRECTION('',(-0.,-1.,0.));
#7572 = ADVANCED_FACE('',(#7573),#7579,.F.);
#7573 = FACE_BOUND('',#7574,.T.);
#7574 = EDGE_LOOP('',(#7575,#7576,#7577,#7578));
#7575 = ORIENTED_EDGE('',*,*,#1683,.T.);
#7576 = ORIENTED_EDGE('',*,*,#7520,.T.);
#7577 = ORIENTED_EDGE('',*,*,#3997,.F.);
#7578 = ORIENTED_EDGE('',*,*,#7561,.T.);
#7579 = CYLINDRICAL_SURFACE('',#7580,1.5);
#7580 = AXIS2_PLACEMENT_3D('',#7581,#7582,#7583);
#7581 = CARTESIAN_POINT('',(108.9,-69.2,-4.5E-02));
#7582 = DIRECTION('',(-0.,-0.,-1.));
#7583 = DIRECTION('',(-0.,-1.,0.));
#7584 = ADVANCED_FACE('',(#7585),#7596,.F.);
#7585 = FACE_BOUND('',#7586,.T.);
#7586 = EDGE_LOOP('',(#7587,#7588,#7594,#7595));
#7587 = ORIENTED_EDGE('',*,*,#1710,.T.);
#7588 = ORIENTED_EDGE('',*,*,#7589,.T.);
#7589 = EDGE_CURVE('',#1711,#4025,#7590,.T.);
#7590 = LINE('',#7591,#7592);
#7591 = CARTESIAN_POINT('',(129.945,-66.299046,-4.5E-02));
#7592 = VECTOR('',#7593,1.);
#7593 = DIRECTION('',(0.,0.,1.));
#7594 = ORIENTED_EDGE('',*,*,#4024,.F.);
#7595 = ORIENTED_EDGE('',*,*,#7589,.F.);
#7596 = CYLINDRICAL_SURFACE('',#7597,0.5);
#7597 = AXIS2_PLACEMENT_3D('',#7598,#7599,#7600);
#7598 = CARTESIAN_POINT('',(129.945,-65.799046,-4.5E-02));
#7599 = DIRECTION('',(-0.,-0.,-1.));
#7600 = DIRECTION('',(-0.,-1.,0.));
#7601 = ADVANCED_FACE('',(#7602),#7613,.F.);
#7602 = FACE_BOUND('',#7603,.T.);
#7603 = EDGE_LOOP('',(#7604,#7605,#7611,#7612));
#7604 = ORIENTED_EDGE('',*,*,#1721,.T.);
#7605 = ORIENTED_EDGE('',*,*,#7606,.T.);
#7606 = EDGE_CURVE('',#1722,#4036,#7607,.T.);
#7607 = LINE('',#7608,#7609);
#7608 = CARTESIAN_POINT('',(129.945,-64.394046,-4.5E-02));
#7609 = VECTOR('',#7610,1.);
#7610 = DIRECTION('',(0.,0.,1.));
#7611 = ORIENTED_EDGE('',*,*,#4035,.F.);
#7612 = ORIENTED_EDGE('',*,*,#7606,.F.);
#7613 = CYLINDRICAL_SURFACE('',#7614,0.5);
#7614 = AXIS2_PLACEMENT_3D('',#7615,#7616,#7617);
#7615 = CARTESIAN_POINT('',(129.945,-63.894046,-4.5E-02));
#7616 = DIRECTION('',(-0.,-0.,-1.));
#7617 = DIRECTION('',(-0.,-1.,0.));
#7618 = ADVANCED_FACE('',(#7619),#7630,.F.);
#7619 = FACE_BOUND('',#7620,.T.);
#7620 = EDGE_LOOP('',(#7621,#7622,#7628,#7629));
#7621 = ORIENTED_EDGE('',*,*,#1732,.T.);
#7622 = ORIENTED_EDGE('',*,*,#7623,.T.);
#7623 = EDGE_CURVE('',#1733,#4047,#7624,.T.);
#7624 = LINE('',#7625,#7626);
#7625 = CARTESIAN_POINT('',(121.055,-66.299046,-4.5E-02));
#7626 = VECTOR('',#7627,1.);
#7627 = DIRECTION('',(0.,0.,1.));
#7628 = ORIENTED_EDGE('',*,*,#4046,.F.);
#7629 = ORIENTED_EDGE('',*,*,#7623,.F.);
#7630 = CYLINDRICAL_SURFACE('',#7631,0.5);
#7631 = AXIS2_PLACEMENT_3D('',#7632,#7633,#7634);
#7632 = CARTESIAN_POINT('',(121.055,-65.799046,-4.5E-02));
#7633 = DIRECTION('',(-0.,-0.,-1.));
#7634 = DIRECTION('',(-0.,-1.,0.));
#7635 = ADVANCED_FACE('',(#7636),#7647,.F.);
#7636 = FACE_BOUND('',#7637,.T.);
#7637 = EDGE_LOOP('',(#7638,#7639,#7645,#7646));
#7638 = ORIENTED_EDGE('',*,*,#1743,.T.);
#7639 = ORIENTED_EDGE('',*,*,#7640,.T.);
#7640 = EDGE_CURVE('',#1744,#4058,#7641,.T.);
#7641 = LINE('',#7642,#7643);
#7642 = CARTESIAN_POINT('',(121.055,-64.394046,-4.5E-02));
#7643 = VECTOR('',#7644,1.);
#7644 = DIRECTION('',(0.,0.,1.));
#7645 = ORIENTED_EDGE('',*,*,#4057,.F.);
#7646 = ORIENTED_EDGE('',*,*,#7640,.F.);
#7647 = CYLINDRICAL_SURFACE('',#7648,0.5);
#7648 = AXIS2_PLACEMENT_3D('',#7649,#7650,#7651);
#7649 = CARTESIAN_POINT('',(121.055,-63.894046,-4.5E-02));
#7650 = DIRECTION('',(-0.,-0.,-1.));
#7651 = DIRECTION('',(-0.,-1.,0.));
#7652 = ADVANCED_FACE('',(#7653),#7664,.F.);
#7653 = FACE_BOUND('',#7654,.T.);
#7654 = EDGE_LOOP('',(#7655,#7656,#7662,#7663));
#7655 = ORIENTED_EDGE('',*,*,#1754,.T.);
#7656 = ORIENTED_EDGE('',*,*,#7657,.T.);
#7657 = EDGE_CURVE('',#1755,#4069,#7658,.T.);
#7658 = LINE('',#7659,#7660);
#7659 = CARTESIAN_POINT('',(127.,-57.336046,-4.5E-02));
#7660 = VECTOR('',#7661,1.);
#7661 = DIRECTION('',(0.,0.,1.));
#7662 = ORIENTED_EDGE('',*,*,#4068,.F.);
#7663 = ORIENTED_EDGE('',*,*,#7657,.F.);
#7664 = CYLINDRICAL_SURFACE('',#7665,0.45);
#7665 = AXIS2_PLACEMENT_3D('',#7666,#7667,#7668);
#7666 = CARTESIAN_POINT('',(127.,-56.886046,-4.5E-02));
#7667 = DIRECTION('',(-0.,-0.,-1.));
#7668 = DIRECTION('',(-0.,-1.,0.));
#7669 = ADVANCED_FACE('',(#7670),#7681,.F.);
#7670 = FACE_BOUND('',#7671,.T.);
#7671 = EDGE_LOOP('',(#7672,#7673,#7679,#7680));
#7672 = ORIENTED_EDGE('',*,*,#1765,.T.);
#7673 = ORIENTED_EDGE('',*,*,#7674,.T.);
#7674 = EDGE_CURVE('',#1766,#4080,#7675,.T.);
#7675 = LINE('',#7676,#7677);
#7676 = CARTESIAN_POINT('',(124.,-57.336046,-4.5E-02));
#7677 = VECTOR('',#7678,1.);
#7678 = DIRECTION('',(0.,0.,1.));
#7679 = ORIENTED_EDGE('',*,*,#4079,.F.);
#7680 = ORIENTED_EDGE('',*,*,#7674,.F.);
#7681 = CYLINDRICAL_SURFACE('',#7682,0.45);
#7682 = AXIS2_PLACEMENT_3D('',#7683,#7684,#7685);
#7683 = CARTESIAN_POINT('',(124.,-56.886046,-4.5E-02));
#7684 = DIRECTION('',(-0.,-0.,-1.));
#7685 = DIRECTION('',(-0.,-1.,0.));
#7686 = ADVANCED_FACE('',(#7687),#7698,.F.);
#7687 = FACE_BOUND('',#7688,.T.);
#7688 = EDGE_LOOP('',(#7689,#7690,#7696,#7697));
#7689 = ORIENTED_EDGE('',*,*,#1776,.T.);
#7690 = ORIENTED_EDGE('',*,*,#7691,.T.);
#7691 = EDGE_CURVE('',#1777,#4091,#7692,.T.);
#7692 = LINE('',#7693,#7694);
#7693 = CARTESIAN_POINT('',(104.5,-67.05,-4.5E-02));
#7694 = VECTOR('',#7695,1.);
#7695 = DIRECTION('',(0.,0.,1.));
#7696 = ORIENTED_EDGE('',*,*,#4090,.F.);
#7697 = ORIENTED_EDGE('',*,*,#7691,.F.);
#7698 = CYLINDRICAL_SURFACE('',#7699,2.55);
#7699 = AXIS2_PLACEMENT_3D('',#7700,#7701,#7702);
#7700 = CARTESIAN_POINT('',(104.5,-64.5,-4.5E-02));
#7701 = DIRECTION('',(-0.,-0.,-1.));
#7702 = DIRECTION('',(-0.,-1.,0.));
#7703 = ADVANCED_FACE('',(#7704),#7720,.F.);
#7704 = FACE_BOUND('',#7705,.T.);
#7705 = EDGE_LOOP('',(#7706,#7712,#7713,#7719));
#7706 = ORIENTED_EDGE('',*,*,#7707,.F.);
#7707 = EDGE_CURVE('',#1788,#4102,#7708,.T.);
#7708 = LINE('',#7709,#7710);
#7709 = CARTESIAN_POINT('',(101.9,-71.75,-4.5E-02));
#7710 = VECTOR('',#7711,1.);
#7711 = DIRECTION('',(0.,0.,1.));
#7712 = ORIENTED_EDGE('',*,*,#1787,.T.);
#7713 = ORIENTED_EDGE('',*,*,#7714,.F.);
#7714 = EDGE_CURVE('',#4104,#1790,#7715,.T.);
#7715 = LINE('',#7716,#7717);
#7716 = CARTESIAN_POINT('',(100.45629187672,-70.65707106847,-4.5E-02));
#7717 = VECTOR('',#7718,1.);
#7718 = DIRECTION('',(-0.,-0.,-1.));
#7719 = ORIENTED_EDGE('',*,*,#4101,.F.);
#7720 = CYLINDRICAL_SURFACE('',#7721,1.5);
#7721 = AXIS2_PLACEMENT_3D('',#7722,#7723,#7724);
#7722 = CARTESIAN_POINT('',(101.9,-70.25,-4.5E-02));
#7723 = DIRECTION('',(-0.,-0.,-1.));
#7724 = DIRECTION('',(-0.,-1.,0.));
#7725 = ADVANCED_FACE('',(#7726),#7737,.F.);
#7726 = FACE_BOUND('',#7727,.T.);
#7727 = EDGE_LOOP('',(#7728,#7729,#7735,#7736));
#7728 = ORIENTED_EDGE('',*,*,#1816,.T.);
#7729 = ORIENTED_EDGE('',*,*,#7730,.T.);
#7730 = EDGE_CURVE('',#1808,#4122,#7731,.T.);
#7731 = LINE('',#7732,#7733);
#7732 = CARTESIAN_POINT('',(100.1,-70.7,-4.5E-02));
#7733 = VECTOR('',#7734,1.);
#7734 = DIRECTION('',(0.,0.,1.));
#7735 = ORIENTED_EDGE('',*,*,#4130,.F.);
#7736 = ORIENTED_EDGE('',*,*,#7714,.T.);
#7737 = CYLINDRICAL_SURFACE('',#7738,1.5);
#7738 = AXIS2_PLACEMENT_3D('',#7739,#7740,#7741);
#7739 = CARTESIAN_POINT('',(100.1,-69.2,-4.5E-02));
#7740 = DIRECTION('',(-0.,-0.,-1.));
#7741 = DIRECTION('',(-0.,-1.,0.));
#7742 = ADVANCED_FACE('',(#7743),#7754,.F.);
#7743 = FACE_BOUND('',#7744,.T.);
#7744 = EDGE_LOOP('',(#7745,#7746,#7747,#7753));
#7745 = ORIENTED_EDGE('',*,*,#7730,.F.);
#7746 = ORIENTED_EDGE('',*,*,#1807,.T.);
#7747 = ORIENTED_EDGE('',*,*,#7748,.F.);
#7748 = EDGE_CURVE('',#4113,#1799,#7749,.T.);
#7749 = LINE('',#7750,#7751);
#7750 = CARTESIAN_POINT('',(101.54370812327,-68.79292893152,-4.5E-02));
#7751 = VECTOR('',#7752,1.);
#7752 = DIRECTION('',(-0.,-0.,-1.));
#7753 = ORIENTED_EDGE('',*,*,#4121,.F.);
#7754 = CYLINDRICAL_SURFACE('',#7755,1.5);
#7755 = AXIS2_PLACEMENT_3D('',#7756,#7757,#7758);
#7756 = CARTESIAN_POINT('',(100.1,-69.2,-4.5E-02));
#7757 = DIRECTION('',(-0.,-0.,-1.));
#7758 = DIRECTION('',(-0.,-1.,0.));
#7759 = ADVANCED_FACE('',(#7760),#7766,.F.);
#7760 = FACE_BOUND('',#7761,.T.);
#7761 = EDGE_LOOP('',(#7762,#7763,#7764,#7765));
#7762 = ORIENTED_EDGE('',*,*,#1798,.T.);
#7763 = ORIENTED_EDGE('',*,*,#7707,.T.);
#7764 = ORIENTED_EDGE('',*,*,#4112,.F.);
#7765 = ORIENTED_EDGE('',*,*,#7748,.T.);
#7766 = CYLINDRICAL_SURFACE('',#7767,1.5);
#7767 = AXIS2_PLACEMENT_3D('',#7768,#7769,#7770);
#7768 = CARTESIAN_POINT('',(101.9,-70.25,-4.5E-02));
#7769 = DIRECTION('',(-0.,-0.,-1.));
#7770 = DIRECTION('',(-0.,-1.,0.));
#7771 = ADVANCED_FACE('',(#7772),#7788,.F.);
#7772 = FACE_BOUND('',#7773,.T.);
#7773 = EDGE_LOOP('',(#7774,#7780,#7781,#7787));
#7774 = ORIENTED_EDGE('',*,*,#7775,.F.);
#7775 = EDGE_CURVE('',#1826,#4140,#7776,.T.);
#7776 = LINE('',#7777,#7778);
#7777 = CARTESIAN_POINT('',(88.1,-69.75,-4.5E-02));
#7778 = VECTOR('',#7779,1.);
#7779 = DIRECTION('',(0.,0.,1.));
#7780 = ORIENTED_EDGE('',*,*,#1825,.T.);
#7781 = ORIENTED_EDGE('',*,*,#7782,.F.);
#7782 = EDGE_CURVE('',#4142,#1828,#7783,.T.);
#7783 = LINE('',#7784,#7785);
#7784 = CARTESIAN_POINT('',(88.456291876724,-66.79292893152,-4.5E-02));
#7785 = VECTOR('',#7786,1.);
#7786 = DIRECTION('',(-0.,-0.,-1.));
#7787 = ORIENTED_EDGE('',*,*,#4139,.F.);
#7788 = CYLINDRICAL_SURFACE('',#7789,1.5);
#7789 = AXIS2_PLACEMENT_3D('',#7790,#7791,#7792);
#7790 = CARTESIAN_POINT('',(88.1,-68.25,-4.5E-02));
#7791 = DIRECTION('',(-0.,-0.,-1.));
#7792 = DIRECTION('',(-0.,-1.,0.));
#7793 = ADVANCED_FACE('',(#7794),#7805,.F.);
#7794 = FACE_BOUND('',#7795,.T.);
#7795 = EDGE_LOOP('',(#7796,#7797,#7803,#7804));
#7796 = ORIENTED_EDGE('',*,*,#1854,.T.);
#7797 = ORIENTED_EDGE('',*,*,#7798,.T.);
#7798 = EDGE_CURVE('',#1846,#4160,#7799,.T.);
#7799 = LINE('',#7800,#7801);
#7800 = CARTESIAN_POINT('',(89.9,-68.7,-4.5E-02));
#7801 = VECTOR('',#7802,1.);
#7802 = DIRECTION('',(0.,0.,1.));
#7803 = ORIENTED_EDGE('',*,*,#4168,.F.);
#7804 = ORIENTED_EDGE('',*,*,#7782,.T.);
#7805 = CYLINDRICAL_SURFACE('',#7806,1.5);
#7806 = AXIS2_PLACEMENT_3D('',#7807,#7808,#7809);
#7807 = CARTESIAN_POINT('',(89.9,-67.2,-4.5E-02));
#7808 = DIRECTION('',(-0.,-0.,-1.));
#7809 = DIRECTION('',(-0.,-1.,0.));
#7810 = ADVANCED_FACE('',(#7811),#7822,.F.);
#7811 = FACE_BOUND('',#7812,.T.);
#7812 = EDGE_LOOP('',(#7813,#7814,#7815,#7821));
#7813 = ORIENTED_EDGE('',*,*,#7798,.F.);
#7814 = ORIENTED_EDGE('',*,*,#1845,.T.);
#7815 = ORIENTED_EDGE('',*,*,#7816,.F.);
#7816 = EDGE_CURVE('',#4151,#1837,#7817,.T.);
#7817 = LINE('',#7818,#7819);
#7818 = CARTESIAN_POINT('',(89.543708123276,-68.65707106847,-4.5E-02));
#7819 = VECTOR('',#7820,1.);
#7820 = DIRECTION('',(-0.,-0.,-1.));
#7821 = ORIENTED_EDGE('',*,*,#4159,.F.);
#7822 = CYLINDRICAL_SURFACE('',#7823,1.5);
#7823 = AXIS2_PLACEMENT_3D('',#7824,#7825,#7826);
#7824 = CARTESIAN_POINT('',(89.9,-67.2,-4.5E-02));
#7825 = DIRECTION('',(-0.,-0.,-1.));
#7826 = DIRECTION('',(-0.,-1.,0.));
#7827 = ADVANCED_FACE('',(#7828),#7834,.F.);
#7828 = FACE_BOUND('',#7829,.T.);
#7829 = EDGE_LOOP('',(#7830,#7831,#7832,#7833));
#7830 = ORIENTED_EDGE('',*,*,#1836,.T.);
#7831 = ORIENTED_EDGE('',*,*,#7775,.T.);
#7832 = ORIENTED_EDGE('',*,*,#4150,.F.);
#7833 = ORIENTED_EDGE('',*,*,#7816,.T.);
#7834 = CYLINDRICAL_SURFACE('',#7835,1.5);
#7835 = AXIS2_PLACEMENT_3D('',#7836,#7837,#7838);
#7836 = CARTESIAN_POINT('',(88.1,-68.25,-4.5E-02));
#7837 = DIRECTION('',(-0.,-0.,-1.));
#7838 = DIRECTION('',(-0.,-1.,0.));
#7839 = ADVANCED_FACE('',(#7840),#7856,.F.);
#7840 = FACE_BOUND('',#7841,.T.);
#7841 = EDGE_LOOP('',(#7842,#7848,#7849,#7855));
#7842 = ORIENTED_EDGE('',*,*,#7843,.F.);
#7843 = EDGE_CURVE('',#1864,#4178,#7844,.T.);
#7844 = LINE('',#7845,#7846);
#7845 = CARTESIAN_POINT('',(82.9,-69.75,-4.5E-02));
#7846 = VECTOR('',#7847,1.);
#7847 = DIRECTION('',(0.,0.,1.));
#7848 = ORIENTED_EDGE('',*,*,#1863,.T.);
#7849 = ORIENTED_EDGE('',*,*,#7850,.F.);
#7850 = EDGE_CURVE('',#4180,#1866,#7851,.T.);
#7851 = LINE('',#7852,#7853);
#7852 = CARTESIAN_POINT('',(81.456291876724,-68.65707106847,-4.5E-02));
#7853 = VECTOR('',#7854,1.);
#7854 = DIRECTION('',(-0.,-0.,-1.));
#7855 = ORIENTED_EDGE('',*,*,#4177,.F.);
#7856 = CYLINDRICAL_SURFACE('',#7857,1.5);
#7857 = AXIS2_PLACEMENT_3D('',#7858,#7859,#7860);
#7858 = CARTESIAN_POINT('',(82.9,-68.25,-4.5E-02));
#7859 = DIRECTION('',(-0.,-0.,-1.));
#7860 = DIRECTION('',(-0.,-1.,0.));
#7861 = ADVANCED_FACE('',(#7862),#7873,.F.);
#7862 = FACE_BOUND('',#7863,.T.);
#7863 = EDGE_LOOP('',(#7864,#7865,#7871,#7872));
#7864 = ORIENTED_EDGE('',*,*,#1892,.T.);
#7865 = ORIENTED_EDGE('',*,*,#7866,.T.);
#7866 = EDGE_CURVE('',#1884,#4198,#7867,.T.);
#7867 = LINE('',#7868,#7869);
#7868 = CARTESIAN_POINT('',(81.1,-68.7,-4.5E-02));
#7869 = VECTOR('',#7870,1.);
#7870 = DIRECTION('',(0.,0.,1.));
#7871 = ORIENTED_EDGE('',*,*,#4206,.F.);
#7872 = ORIENTED_EDGE('',*,*,#7850,.T.);
#7873 = CYLINDRICAL_SURFACE('',#7874,1.5);
#7874 = AXIS2_PLACEMENT_3D('',#7875,#7876,#7877);
#7875 = CARTESIAN_POINT('',(81.1,-67.2,-4.5E-02));
#7876 = DIRECTION('',(-0.,-0.,-1.));
#7877 = DIRECTION('',(-0.,-1.,0.));
#7878 = ADVANCED_FACE('',(#7879),#7890,.F.);
#7879 = FACE_BOUND('',#7880,.T.);
#7880 = EDGE_LOOP('',(#7881,#7882,#7883,#7889));
#7881 = ORIENTED_EDGE('',*,*,#7866,.F.);
#7882 = ORIENTED_EDGE('',*,*,#1883,.T.);
#7883 = ORIENTED_EDGE('',*,*,#7884,.F.);
#7884 = EDGE_CURVE('',#4189,#1875,#7885,.T.);
#7885 = LINE('',#7886,#7887);
#7886 = CARTESIAN_POINT('',(82.543708123276,-66.79292893152,-4.5E-02));
#7887 = VECTOR('',#7888,1.);
#7888 = DIRECTION('',(-0.,-0.,-1.));
#7889 = ORIENTED_EDGE('',*,*,#4197,.F.);
#7890 = CYLINDRICAL_SURFACE('',#7891,1.5);
#7891 = AXIS2_PLACEMENT_3D('',#7892,#7893,#7894);
#7892 = CARTESIAN_POINT('',(81.1,-67.2,-4.5E-02));
#7893 = DIRECTION('',(-0.,-0.,-1.));
#7894 = DIRECTION('',(-0.,-1.,0.));
#7895 = ADVANCED_FACE('',(#7896),#7902,.F.);
#7896 = FACE_BOUND('',#7897,.T.);
#7897 = EDGE_LOOP('',(#7898,#7899,#7900,#7901));
#7898 = ORIENTED_EDGE('',*,*,#1874,.T.);
#7899 = ORIENTED_EDGE('',*,*,#7843,.T.);
#7900 = ORIENTED_EDGE('',*,*,#4188,.F.);
#7901 = ORIENTED_EDGE('',*,*,#7884,.T.);
#7902 = CYLINDRICAL_SURFACE('',#7903,1.5);
#7903 = AXIS2_PLACEMENT_3D('',#7904,#7905,#7906);
#7904 = CARTESIAN_POINT('',(82.9,-68.25,-4.5E-02));
#7905 = DIRECTION('',(-0.,-0.,-1.));
#7906 = DIRECTION('',(-0.,-1.,0.));
#7907 = ADVANCED_FACE('',(#7908),#7919,.F.);
#7908 = FACE_BOUND('',#7909,.T.);
#7909 = EDGE_LOOP('',(#7910,#7911,#7917,#7918));
#7910 = ORIENTED_EDGE('',*,*,#1901,.T.);
#7911 = ORIENTED_EDGE('',*,*,#7912,.T.);
#7912 = EDGE_CURVE('',#1902,#4216,#7913,.T.);
#7913 = LINE('',#7914,#7915);
#7914 = CARTESIAN_POINT('',(85.5,-65.05,-4.5E-02));
#7915 = VECTOR('',#7916,1.);
#7916 = DIRECTION('',(0.,0.,1.));
#7917 = ORIENTED_EDGE('',*,*,#4215,.F.);
#7918 = ORIENTED_EDGE('',*,*,#7912,.F.);
#7919 = CYLINDRICAL_SURFACE('',#7920,2.55);
#7920 = AXIS2_PLACEMENT_3D('',#7921,#7922,#7923);
#7921 = CARTESIAN_POINT('',(85.5,-62.5,-4.5E-02));
#7922 = DIRECTION('',(-0.,-0.,-1.));
#7923 = DIRECTION('',(-0.,-1.,0.));
#7924 = ADVANCED_FACE('',(#7925),#7941,.F.);
#7925 = FACE_BOUND('',#7926,.T.);
#7926 = EDGE_LOOP('',(#7927,#7933,#7934,#7940));
#7927 = ORIENTED_EDGE('',*,*,#7928,.F.);
#7928 = EDGE_CURVE('',#1913,#4227,#7929,.T.);
#7929 = LINE('',#7930,#7931);
#7930 = CARTESIAN_POINT('',(70.9,-63.69097,-4.5E-02));
#7931 = VECTOR('',#7932,1.);
#7932 = DIRECTION('',(0.,0.,1.));
#7933 = ORIENTED_EDGE('',*,*,#1912,.T.);
#7934 = ORIENTED_EDGE('',*,*,#7935,.F.);
#7935 = EDGE_CURVE('',#4229,#1915,#7936,.T.);
#7936 = LINE('',#7937,#7938);
#7937 = CARTESIAN_POINT('',(70.543708123276,-63.64804106847,-4.5E-02));
#7938 = VECTOR('',#7939,1.);
#7939 = DIRECTION('',(-0.,-0.,-1.));
#7940 = ORIENTED_EDGE('',*,*,#4226,.F.);
#7941 = CYLINDRICAL_SURFACE('',#7942,1.5);
#7942 = AXIS2_PLACEMENT_3D('',#7943,#7944,#7945);
#7943 = CARTESIAN_POINT('',(70.9,-62.19097,-4.5E-02));
#7944 = DIRECTION('',(-0.,-0.,-1.));
#7945 = DIRECTION('',(-0.,-1.,0.));
#7946 = ADVANCED_FACE('',(#7947),#7958,.F.);
#7947 = FACE_BOUND('',#7948,.T.);
#7948 = EDGE_LOOP('',(#7949,#7950,#7956,#7957));
#7949 = ORIENTED_EDGE('',*,*,#1941,.T.);
#7950 = ORIENTED_EDGE('',*,*,#7951,.T.);
#7951 = EDGE_CURVE('',#1933,#4247,#7952,.T.);
#7952 = LINE('',#7953,#7954);
#7953 = CARTESIAN_POINT('',(69.1,-64.74097,-4.5E-02));
#7954 = VECTOR('',#7955,1.);
#7955 = DIRECTION('',(0.,0.,1.));
#7956 = ORIENTED_EDGE('',*,*,#4255,.F.);
#7957 = ORIENTED_EDGE('',*,*,#7935,.T.);
#7958 = CYLINDRICAL_SURFACE('',#7959,1.5);
#7959 = AXIS2_PLACEMENT_3D('',#7960,#7961,#7962);
#7960 = CARTESIAN_POINT('',(69.1,-63.24097,-4.5E-02));
#7961 = DIRECTION('',(-0.,-0.,-1.));
#7962 = DIRECTION('',(-0.,-1.,0.));
#7963 = ADVANCED_FACE('',(#7964),#7975,.F.);
#7964 = FACE_BOUND('',#7965,.T.);
#7965 = EDGE_LOOP('',(#7966,#7967,#7968,#7974));
#7966 = ORIENTED_EDGE('',*,*,#7951,.F.);
#7967 = ORIENTED_EDGE('',*,*,#1932,.T.);
#7968 = ORIENTED_EDGE('',*,*,#7969,.F.);
#7969 = EDGE_CURVE('',#4238,#1924,#7970,.T.);
#7970 = LINE('',#7971,#7972);
#7971 = CARTESIAN_POINT('',(69.456291876724,-61.78389893152,-4.5E-02));
#7972 = VECTOR('',#7973,1.);
#7973 = DIRECTION('',(-0.,-0.,-1.));
#7974 = ORIENTED_EDGE('',*,*,#4246,.F.);
#7975 = CYLINDRICAL_SURFACE('',#7976,1.5);
#7976 = AXIS2_PLACEMENT_3D('',#7977,#7978,#7979);
#7977 = CARTESIAN_POINT('',(69.1,-63.24097,-4.5E-02));
#7978 = DIRECTION('',(-0.,-0.,-1.));
#7979 = DIRECTION('',(-0.,-1.,0.));
#7980 = ADVANCED_FACE('',(#7981),#7987,.F.);
#7981 = FACE_BOUND('',#7982,.T.);
#7982 = EDGE_LOOP('',(#7983,#7984,#7985,#7986));
#7983 = ORIENTED_EDGE('',*,*,#1923,.T.);
#7984 = ORIENTED_EDGE('',*,*,#7928,.T.);
#7985 = ORIENTED_EDGE('',*,*,#4237,.F.);
#7986 = ORIENTED_EDGE('',*,*,#7969,.T.);
#7987 = CYLINDRICAL_SURFACE('',#7988,1.5);
#7988 = AXIS2_PLACEMENT_3D('',#7989,#7990,#7991);
#7989 = CARTESIAN_POINT('',(70.9,-62.19097,-4.5E-02));
#7990 = DIRECTION('',(-0.,-0.,-1.));
#7991 = DIRECTION('',(-0.,-1.,0.));
#7992 = ADVANCED_FACE('',(#7993),#8004,.F.);
#7993 = FACE_BOUND('',#7994,.T.);
#7994 = EDGE_LOOP('',(#7995,#7996,#8002,#8003));
#7995 = ORIENTED_EDGE('',*,*,#1950,.T.);
#7996 = ORIENTED_EDGE('',*,*,#7997,.T.);
#7997 = EDGE_CURVE('',#1951,#4265,#7998,.T.);
#7998 = LINE('',#7999,#8000);
#7999 = CARTESIAN_POINT('',(66.5,-98.05,-4.5E-02));
#8000 = VECTOR('',#8001,1.);
#8001 = DIRECTION('',(0.,0.,1.));
#8002 = ORIENTED_EDGE('',*,*,#4264,.F.);
#8003 = ORIENTED_EDGE('',*,*,#7997,.F.);
#8004 = CYLINDRICAL_SURFACE('',#8005,2.55);
#8005 = AXIS2_PLACEMENT_3D('',#8006,#8007,#8008);
#8006 = CARTESIAN_POINT('',(66.5,-95.5,-4.5E-02));
#8007 = DIRECTION('',(-0.,-0.,-1.));
#8008 = DIRECTION('',(-0.,-1.,0.));
#8009 = ADVANCED_FACE('',(#8010),#8026,.F.);
#8010 = FACE_BOUND('',#8011,.T.);
#8011 = EDGE_LOOP('',(#8012,#8018,#8019,#8025));
#8012 = ORIENTED_EDGE('',*,*,#8013,.F.);
#8013 = EDGE_CURVE('',#1962,#4276,#8014,.T.);
#8014 = LINE('',#8015,#8016);
#8015 = CARTESIAN_POINT('',(62.1,-82.69097,-4.5E-02));
#8016 = VECTOR('',#8017,1.);
#8017 = DIRECTION('',(0.,0.,1.));
#8018 = ORIENTED_EDGE('',*,*,#1961,.T.);
#8019 = ORIENTED_EDGE('',*,*,#8020,.F.);
#8020 = EDGE_CURVE('',#4278,#1964,#8021,.T.);
#8021 = LINE('',#8022,#8023);
#8022 = CARTESIAN_POINT('',(63.543708123276,-80.78389893152,-4.5E-02));
#8023 = VECTOR('',#8024,1.);
#8024 = DIRECTION('',(-0.,-0.,-1.));
#8025 = ORIENTED_EDGE('',*,*,#4275,.F.);
#8026 = CYLINDRICAL_SURFACE('',#8027,1.5);
#8027 = AXIS2_PLACEMENT_3D('',#8028,#8029,#8030);
#8028 = CARTESIAN_POINT('',(62.1,-81.19097,-4.5E-02));
#8029 = DIRECTION('',(-0.,-0.,-1.));
#8030 = DIRECTION('',(-0.,-1.,0.));
#8031 = ADVANCED_FACE('',(#8032),#8043,.F.);
#8032 = FACE_BOUND('',#8033,.T.);
#8033 = EDGE_LOOP('',(#8034,#8035,#8041,#8042));
#8034 = ORIENTED_EDGE('',*,*,#1990,.T.);
#8035 = ORIENTED_EDGE('',*,*,#8036,.T.);
#8036 = EDGE_CURVE('',#1982,#4296,#8037,.T.);
#8037 = LINE('',#8038,#8039);
#8038 = CARTESIAN_POINT('',(63.9,-83.74097,-4.5E-02));
#8039 = VECTOR('',#8040,1.);
#8040 = DIRECTION('',(0.,0.,1.));
#8041 = ORIENTED_EDGE('',*,*,#4304,.F.);
#8042 = ORIENTED_EDGE('',*,*,#8020,.T.);
#8043 = CYLINDRICAL_SURFACE('',#8044,1.5);
#8044 = AXIS2_PLACEMENT_3D('',#8045,#8046,#8047);
#8045 = CARTESIAN_POINT('',(63.9,-82.24097,-4.5E-02));
#8046 = DIRECTION('',(-0.,-0.,-1.));
#8047 = DIRECTION('',(-4.736951571734E-15,-1.,0.));
#8048 = ADVANCED_FACE('',(#8049),#8060,.F.);
#8049 = FACE_BOUND('',#8050,.T.);
#8050 = EDGE_LOOP('',(#8051,#8052,#8053,#8059));
#8051 = ORIENTED_EDGE('',*,*,#8036,.F.);
#8052 = ORIENTED_EDGE('',*,*,#1981,.T.);
#8053 = ORIENTED_EDGE('',*,*,#8054,.F.);
#8054 = EDGE_CURVE('',#4287,#1973,#8055,.T.);
#8055 = LINE('',#8056,#8057);
#8056 = CARTESIAN_POINT('',(62.456291876724,-82.64804106847,-4.5E-02));
#8057 = VECTOR('',#8058,1.);
#8058 = DIRECTION('',(-0.,-0.,-1.));
#8059 = ORIENTED_EDGE('',*,*,#4295,.F.);
#8060 = CYLINDRICAL_SURFACE('',#8061,1.5);
#8061 = AXIS2_PLACEMENT_3D('',#8062,#8063,#8064);
#8062 = CARTESIAN_POINT('',(63.9,-82.24097,-4.5E-02));
#8063 = DIRECTION('',(-0.,-0.,-1.));
#8064 = DIRECTION('',(-4.736951571734E-15,-1.,0.));
#8065 = ADVANCED_FACE('',(#8066),#8072,.F.);
#8066 = FACE_BOUND('',#8067,.T.);
#8067 = EDGE_LOOP('',(#8068,#8069,#8070,#8071));
#8068 = ORIENTED_EDGE('',*,*,#1972,.T.);
#8069 = ORIENTED_EDGE('',*,*,#8013,.T.);
#8070 = ORIENTED_EDGE('',*,*,#4286,.F.);
#8071 = ORIENTED_EDGE('',*,*,#8054,.T.);
#8072 = CYLINDRICAL_SURFACE('',#8073,1.5);
#8073 = AXIS2_PLACEMENT_3D('',#8074,#8075,#8076);
#8074 = CARTESIAN_POINT('',(62.1,-81.19097,-4.5E-02));
#8075 = DIRECTION('',(-0.,-0.,-1.));
#8076 = DIRECTION('',(-0.,-1.,0.));
#8077 = ADVANCED_FACE('',(#8078),#8094,.F.);
#8078 = FACE_BOUND('',#8079,.T.);
#8079 = EDGE_LOOP('',(#8080,#8086,#8087,#8093));
#8080 = ORIENTED_EDGE('',*,*,#8081,.F.);
#8081 = EDGE_CURVE('',#2000,#4314,#8082,.T.);
#8082 = LINE('',#8083,#8084);
#8083 = CARTESIAN_POINT('',(51.9,-87.7,-4.5E-02));
#8084 = VECTOR('',#8085,1.);
#8085 = DIRECTION('',(0.,0.,1.));
#8086 = ORIENTED_EDGE('',*,*,#1999,.T.);
#8087 = ORIENTED_EDGE('',*,*,#8088,.F.);
#8088 = EDGE_CURVE('',#4316,#2002,#8089,.T.);
#8089 = LINE('',#8090,#8091);
#8090 = CARTESIAN_POINT('',(51.543708123276,-87.65707106847,-4.5E-02));
#8091 = VECTOR('',#8092,1.);
#8092 = DIRECTION('',(-0.,-0.,-1.));
#8093 = ORIENTED_EDGE('',*,*,#4313,.F.);
#8094 = CYLINDRICAL_SURFACE('',#8095,1.5);
#8095 = AXIS2_PLACEMENT_3D('',#8096,#8097,#8098);
#8096 = CARTESIAN_POINT('',(51.9,-86.2,-4.5E-02));
#8097 = DIRECTION('',(-0.,-0.,-1.));
#8098 = DIRECTION('',(-0.,-1.,0.));
#8099 = ADVANCED_FACE('',(#8100),#8111,.F.);
#8100 = FACE_BOUND('',#8101,.T.);
#8101 = EDGE_LOOP('',(#8102,#8103,#8109,#8110));
#8102 = ORIENTED_EDGE('',*,*,#2028,.T.);
#8103 = ORIENTED_EDGE('',*,*,#8104,.T.);
#8104 = EDGE_CURVE('',#2020,#4334,#8105,.T.);
#8105 = LINE('',#8106,#8107);
#8106 = CARTESIAN_POINT('',(50.1,-88.75,-4.5E-02));
#8107 = VECTOR('',#8108,1.);
#8108 = DIRECTION('',(0.,0.,1.));
#8109 = ORIENTED_EDGE('',*,*,#4342,.F.);
#8110 = ORIENTED_EDGE('',*,*,#8088,.T.);
#8111 = CYLINDRICAL_SURFACE('',#8112,1.5);
#8112 = AXIS2_PLACEMENT_3D('',#8113,#8114,#8115);
#8113 = CARTESIAN_POINT('',(50.1,-87.25,-4.5E-02));
#8114 = DIRECTION('',(-0.,-0.,-1.));
#8115 = DIRECTION('',(-0.,-1.,0.));
#8116 = ADVANCED_FACE('',(#8117),#8128,.F.);
#8117 = FACE_BOUND('',#8118,.T.);
#8118 = EDGE_LOOP('',(#8119,#8120,#8121,#8127));
#8119 = ORIENTED_EDGE('',*,*,#8104,.F.);
#8120 = ORIENTED_EDGE('',*,*,#2019,.T.);
#8121 = ORIENTED_EDGE('',*,*,#8122,.F.);
#8122 = EDGE_CURVE('',#4325,#2011,#8123,.T.);
#8123 = LINE('',#8124,#8125);
#8124 = CARTESIAN_POINT('',(50.456291876724,-85.79292893152,-4.5E-02));
#8125 = VECTOR('',#8126,1.);
#8126 = DIRECTION('',(-0.,-0.,-1.));
#8127 = ORIENTED_EDGE('',*,*,#4333,.F.);
#8128 = CYLINDRICAL_SURFACE('',#8129,1.5);
#8129 = AXIS2_PLACEMENT_3D('',#8130,#8131,#8132);
#8130 = CARTESIAN_POINT('',(50.1,-87.25,-4.5E-02));
#8131 = DIRECTION('',(-0.,-0.,-1.));
#8132 = DIRECTION('',(-0.,-1.,0.));
#8133 = ADVANCED_FACE('',(#8134),#8140,.F.);
#8134 = FACE_BOUND('',#8135,.T.);
#8135 = EDGE_LOOP('',(#8136,#8137,#8138,#8139));
#8136 = ORIENTED_EDGE('',*,*,#2010,.T.);
#8137 = ORIENTED_EDGE('',*,*,#8081,.T.);
#8138 = ORIENTED_EDGE('',*,*,#4324,.F.);
#8139 = ORIENTED_EDGE('',*,*,#8122,.T.);
#8140 = CYLINDRICAL_SURFACE('',#8141,1.5);
#8141 = AXIS2_PLACEMENT_3D('',#8142,#8143,#8144);
#8142 = CARTESIAN_POINT('',(51.9,-86.2,-4.5E-02));
#8143 = DIRECTION('',(-0.,-0.,-1.));
#8144 = DIRECTION('',(-0.,-1.,0.));
#8145 = ADVANCED_FACE('',(#8146),#8162,.F.);
#8146 = FACE_BOUND('',#8147,.T.);
#8147 = EDGE_LOOP('',(#8148,#8154,#8155,#8161));
#8148 = ORIENTED_EDGE('',*,*,#8149,.F.);
#8149 = EDGE_CURVE('',#2038,#4352,#8150,.T.);
#8150 = LINE('',#8151,#8152);
#8151 = CARTESIAN_POINT('',(44.9,-88.75,-4.5E-02));
#8152 = VECTOR('',#8153,1.);
#8153 = DIRECTION('',(0.,0.,1.));
#8154 = ORIENTED_EDGE('',*,*,#2037,.T.);
#8155 = ORIENTED_EDGE('',*,*,#8156,.F.);
#8156 = EDGE_CURVE('',#4354,#2040,#8157,.T.);
#8157 = LINE('',#8158,#8159);
#8158 = CARTESIAN_POINT('',(43.456291876724,-87.65707106847,-4.5E-02));
#8159 = VECTOR('',#8160,1.);
#8160 = DIRECTION('',(-0.,-0.,-1.));
#8161 = ORIENTED_EDGE('',*,*,#4351,.F.);
#8162 = CYLINDRICAL_SURFACE('',#8163,1.5);
#8163 = AXIS2_PLACEMENT_3D('',#8164,#8165,#8166);
#8164 = CARTESIAN_POINT('',(44.9,-87.25,-4.5E-02));
#8165 = DIRECTION('',(-0.,-0.,-1.));
#8166 = DIRECTION('',(-0.,-1.,0.));
#8167 = ADVANCED_FACE('',(#8168),#8179,.F.);
#8168 = FACE_BOUND('',#8169,.T.);
#8169 = EDGE_LOOP('',(#8170,#8171,#8177,#8178));
#8170 = ORIENTED_EDGE('',*,*,#2066,.T.);
#8171 = ORIENTED_EDGE('',*,*,#8172,.T.);
#8172 = EDGE_CURVE('',#2058,#4372,#8173,.T.);
#8173 = LINE('',#8174,#8175);
#8174 = CARTESIAN_POINT('',(43.1,-87.7,-4.5E-02));
#8175 = VECTOR('',#8176,1.);
#8176 = DIRECTION('',(0.,0.,1.));
#8177 = ORIENTED_EDGE('',*,*,#4380,.F.);
#8178 = ORIENTED_EDGE('',*,*,#8156,.T.);
#8179 = CYLINDRICAL_SURFACE('',#8180,1.5);
#8180 = AXIS2_PLACEMENT_3D('',#8181,#8182,#8183);
#8181 = CARTESIAN_POINT('',(43.1,-86.2,-4.5E-02));
#8182 = DIRECTION('',(-0.,-0.,-1.));
#8183 = DIRECTION('',(-0.,-1.,0.));
#8184 = ADVANCED_FACE('',(#8185),#8196,.F.);
#8185 = FACE_BOUND('',#8186,.T.);
#8186 = EDGE_LOOP('',(#8187,#8188,#8189,#8195));
#8187 = ORIENTED_EDGE('',*,*,#8172,.F.);
#8188 = ORIENTED_EDGE('',*,*,#2057,.T.);
#8189 = ORIENTED_EDGE('',*,*,#8190,.F.);
#8190 = EDGE_CURVE('',#4363,#2049,#8191,.T.);
#8191 = LINE('',#8192,#8193);
#8192 = CARTESIAN_POINT('',(44.543708123276,-85.79292893152,-4.5E-02));
#8193 = VECTOR('',#8194,1.);
#8194 = DIRECTION('',(-0.,-0.,-1.));
#8195 = ORIENTED_EDGE('',*,*,#4371,.F.);
#8196 = CYLINDRICAL_SURFACE('',#8197,1.5);
#8197 = AXIS2_PLACEMENT_3D('',#8198,#8199,#8200);
#8198 = CARTESIAN_POINT('',(43.1,-86.2,-4.5E-02));
#8199 = DIRECTION('',(-0.,-0.,-1.));
#8200 = DIRECTION('',(-0.,-1.,0.));
#8201 = ADVANCED_FACE('',(#8202),#8208,.F.);
#8202 = FACE_BOUND('',#8203,.T.);
#8203 = EDGE_LOOP('',(#8204,#8205,#8206,#8207));
#8204 = ORIENTED_EDGE('',*,*,#2048,.T.);
#8205 = ORIENTED_EDGE('',*,*,#8149,.T.);
#8206 = ORIENTED_EDGE('',*,*,#4362,.F.);
#8207 = ORIENTED_EDGE('',*,*,#8190,.T.);
#8208 = CYLINDRICAL_SURFACE('',#8209,1.5);
#8209 = AXIS2_PLACEMENT_3D('',#8210,#8211,#8212);
#8210 = CARTESIAN_POINT('',(44.9,-87.25,-4.5E-02));
#8211 = DIRECTION('',(-0.,-0.,-1.));
#8212 = DIRECTION('',(-0.,-1.,0.));
#8213 = ADVANCED_FACE('',(#8214),#8225,.F.);
#8214 = FACE_BOUND('',#8215,.T.);
#8215 = EDGE_LOOP('',(#8216,#8217,#8223,#8224));
#8216 = ORIENTED_EDGE('',*,*,#2075,.T.);
#8217 = ORIENTED_EDGE('',*,*,#8218,.T.);
#8218 = EDGE_CURVE('',#2076,#4390,#8219,.T.);
#8219 = LINE('',#8220,#8221);
#8220 = CARTESIAN_POINT('',(47.5,-84.05,-4.5E-02));
#8221 = VECTOR('',#8222,1.);
#8222 = DIRECTION('',(0.,0.,1.));
#8223 = ORIENTED_EDGE('',*,*,#4389,.F.);
#8224 = ORIENTED_EDGE('',*,*,#8218,.F.);
#8225 = CYLINDRICAL_SURFACE('',#8226,2.55);
#8226 = AXIS2_PLACEMENT_3D('',#8227,#8228,#8229);
#8227 = CARTESIAN_POINT('',(47.5,-81.5,-4.5E-02));
#8228 = DIRECTION('',(-0.,-0.,-1.));
#8229 = DIRECTION('',(-0.,-1.,0.));
#8230 = ADVANCED_FACE('',(#8231),#8242,.F.);
#8231 = FACE_BOUND('',#8232,.T.);
#8232 = EDGE_LOOP('',(#8233,#8234,#8240,#8241));
#8233 = ORIENTED_EDGE('',*,*,#2086,.T.);
#8234 = ORIENTED_EDGE('',*,*,#8235,.T.);
#8235 = EDGE_CURVE('',#2087,#4401,#8236,.T.);
#8236 = LINE('',#8237,#8238);
#8237 = CARTESIAN_POINT('',(28.5,-97.04097,-4.5E-02));
#8238 = VECTOR('',#8239,1.);
#8239 = DIRECTION('',(0.,0.,1.));
#8240 = ORIENTED_EDGE('',*,*,#4400,.F.);
#8241 = ORIENTED_EDGE('',*,*,#8235,.F.);
#8242 = CYLINDRICAL_SURFACE('',#8243,2.55);
#8243 = AXIS2_PLACEMENT_3D('',#8244,#8245,#8246);
#8244 = CARTESIAN_POINT('',(28.5,-94.49097,-4.5E-02));
#8245 = DIRECTION('',(-0.,-0.,-1.));
#8246 = DIRECTION('',(-0.,-1.,0.));
#8247 = ADVANCED_FACE('',(#8248),#8259,.F.);
#8248 = FACE_BOUND('',#8249,.T.);
#8249 = EDGE_LOOP('',(#8250,#8251,#8257,#8258));
#8250 = ORIENTED_EDGE('',*,*,#2097,.T.);
#8251 = ORIENTED_EDGE('',*,*,#8252,.T.);
#8252 = EDGE_CURVE('',#2098,#4412,#8253,.T.);
#8253 = LINE('',#8254,#8255);
#8254 = CARTESIAN_POINT('',(9.5,-97.04097,-4.5E-02));
#8255 = VECTOR('',#8256,1.);
#8256 = DIRECTION('',(0.,0.,1.));
#8257 = ORIENTED_EDGE('',*,*,#4411,.F.);
#8258 = ORIENTED_EDGE('',*,*,#8252,.F.);
#8259 = CYLINDRICAL_SURFACE('',#8260,2.55);
#8260 = AXIS2_PLACEMENT_3D('',#8261,#8262,#8263);
#8261 = CARTESIAN_POINT('',(9.5,-94.49097,-4.5E-02));
#8262 = DIRECTION('',(-0.,-0.,-1.));
#8263 = DIRECTION('',(-0.,-1.,0.));
#8264 = ADVANCED_FACE('',(#8265),#8281,.F.);
#8265 = FACE_BOUND('',#8266,.T.);
#8266 = EDGE_LOOP('',(#8267,#8273,#8274,#8280));
#8267 = ORIENTED_EDGE('',*,*,#8268,.F.);
#8268 = EDGE_CURVE('',#2109,#4423,#8269,.T.);
#8269 = LINE('',#8270,#8271);
#8270 = CARTESIAN_POINT('',(32.9,-81.7,-4.5E-02));
#8271 = VECTOR('',#8272,1.);
#8272 = DIRECTION('',(0.,0.,1.));
#8273 = ORIENTED_EDGE('',*,*,#2108,.T.);
#8274 = ORIENTED_EDGE('',*,*,#8275,.F.);
#8275 = EDGE_CURVE('',#4425,#2111,#8276,.T.);
#8276 = LINE('',#8277,#8278);
#8277 = CARTESIAN_POINT('',(32.543708123276,-81.65707106847,-4.5E-02));
#8278 = VECTOR('',#8279,1.);
#8279 = DIRECTION('',(-0.,-0.,-1.));
#8280 = ORIENTED_EDGE('',*,*,#4422,.F.);
#8281 = CYLINDRICAL_SURFACE('',#8282,1.5);
#8282 = AXIS2_PLACEMENT_3D('',#8283,#8284,#8285);
#8283 = CARTESIAN_POINT('',(32.9,-80.2,-4.5E-02));
#8284 = DIRECTION('',(-0.,-0.,-1.));
#8285 = DIRECTION('',(-0.,-1.,0.));
#8286 = ADVANCED_FACE('',(#8287),#8298,.F.);
#8287 = FACE_BOUND('',#8288,.T.);
#8288 = EDGE_LOOP('',(#8289,#8290,#8296,#8297));
#8289 = ORIENTED_EDGE('',*,*,#2137,.T.);
#8290 = ORIENTED_EDGE('',*,*,#8291,.T.);
#8291 = EDGE_CURVE('',#2129,#4443,#8292,.T.);
#8292 = LINE('',#8293,#8294);
#8293 = CARTESIAN_POINT('',(31.1,-82.75,-4.5E-02));
#8294 = VECTOR('',#8295,1.);
#8295 = DIRECTION('',(0.,0.,1.));
#8296 = ORIENTED_EDGE('',*,*,#4451,.F.);
#8297 = ORIENTED_EDGE('',*,*,#8275,.T.);
#8298 = CYLINDRICAL_SURFACE('',#8299,1.5);
#8299 = AXIS2_PLACEMENT_3D('',#8300,#8301,#8302);
#8300 = CARTESIAN_POINT('',(31.1,-81.25,-4.5E-02));
#8301 = DIRECTION('',(-0.,-0.,-1.));
#8302 = DIRECTION('',(-0.,-1.,0.));
#8303 = ADVANCED_FACE('',(#8304),#8315,.F.);
#8304 = FACE_BOUND('',#8305,.T.);
#8305 = EDGE_LOOP('',(#8306,#8307,#8308,#8314));
#8306 = ORIENTED_EDGE('',*,*,#8291,.F.);
#8307 = ORIENTED_EDGE('',*,*,#2128,.T.);
#8308 = ORIENTED_EDGE('',*,*,#8309,.F.);
#8309 = EDGE_CURVE('',#4434,#2120,#8310,.T.);
#8310 = LINE('',#8311,#8312);
#8311 = CARTESIAN_POINT('',(31.456291876724,-79.79292893152,-4.5E-02));
#8312 = VECTOR('',#8313,1.);
#8313 = DIRECTION('',(-0.,-0.,-1.));
#8314 = ORIENTED_EDGE('',*,*,#4442,.F.);
#8315 = CYLINDRICAL_SURFACE('',#8316,1.5);
#8316 = AXIS2_PLACEMENT_3D('',#8317,#8318,#8319);
#8317 = CARTESIAN_POINT('',(31.1,-81.25,-4.5E-02));
#8318 = DIRECTION('',(-0.,-0.,-1.));
#8319 = DIRECTION('',(-0.,-1.,0.));
#8320 = ADVANCED_FACE('',(#8321),#8327,.F.);
#8321 = FACE_BOUND('',#8322,.T.);
#8322 = EDGE_LOOP('',(#8323,#8324,#8325,#8326));
#8323 = ORIENTED_EDGE('',*,*,#2119,.T.);
#8324 = ORIENTED_EDGE('',*,*,#8268,.T.);
#8325 = ORIENTED_EDGE('',*,*,#4433,.F.);
#8326 = ORIENTED_EDGE('',*,*,#8309,.T.);
#8327 = CYLINDRICAL_SURFACE('',#8328,1.5);
#8328 = AXIS2_PLACEMENT_3D('',#8329,#8330,#8331);
#8329 = CARTESIAN_POINT('',(32.9,-80.2,-4.5E-02));
#8330 = DIRECTION('',(-0.,-0.,-1.));
#8331 = DIRECTION('',(-0.,-1.,0.));
#8332 = ADVANCED_FACE('',(#8333),#8349,.F.);
#8333 = FACE_BOUND('',#8334,.T.);
#8334 = EDGE_LOOP('',(#8335,#8341,#8342,#8348));
#8335 = ORIENTED_EDGE('',*,*,#8336,.F.);
#8336 = EDGE_CURVE('',#2147,#4461,#8337,.T.);
#8337 = LINE('',#8338,#8339);
#8338 = CARTESIAN_POINT('',(25.9,-82.75,-4.5E-02));
#8339 = VECTOR('',#8340,1.);
#8340 = DIRECTION('',(0.,0.,1.));
#8341 = ORIENTED_EDGE('',*,*,#2146,.T.);
#8342 = ORIENTED_EDGE('',*,*,#8343,.F.);
#8343 = EDGE_CURVE('',#4463,#2149,#8344,.T.);
#8344 = LINE('',#8345,#8346);
#8345 = CARTESIAN_POINT('',(24.456291876724,-81.65707106847,-4.5E-02));
#8346 = VECTOR('',#8347,1.);
#8347 = DIRECTION('',(-0.,-0.,-1.));
#8348 = ORIENTED_EDGE('',*,*,#4460,.F.);
#8349 = CYLINDRICAL_SURFACE('',#8350,1.5);
#8350 = AXIS2_PLACEMENT_3D('',#8351,#8352,#8353);
#8351 = CARTESIAN_POINT('',(25.9,-81.25,-4.5E-02));
#8352 = DIRECTION('',(-0.,-0.,-1.));
#8353 = DIRECTION('',(-0.,-1.,0.));
#8354 = ADVANCED_FACE('',(#8355),#8366,.F.);
#8355 = FACE_BOUND('',#8356,.T.);
#8356 = EDGE_LOOP('',(#8357,#8358,#8364,#8365));
#8357 = ORIENTED_EDGE('',*,*,#2175,.T.);
#8358 = ORIENTED_EDGE('',*,*,#8359,.T.);
#8359 = EDGE_CURVE('',#2167,#4481,#8360,.T.);
#8360 = LINE('',#8361,#8362);
#8361 = CARTESIAN_POINT('',(24.1,-81.7,-4.5E-02));
#8362 = VECTOR('',#8363,1.);
#8363 = DIRECTION('',(0.,0.,1.));
#8364 = ORIENTED_EDGE('',*,*,#4489,.F.);
#8365 = ORIENTED_EDGE('',*,*,#8343,.T.);
#8366 = CYLINDRICAL_SURFACE('',#8367,1.5);
#8367 = AXIS2_PLACEMENT_3D('',#8368,#8369,#8370);
#8368 = CARTESIAN_POINT('',(24.1,-80.2,-4.5E-02));
#8369 = DIRECTION('',(-0.,-0.,-1.));
#8370 = DIRECTION('',(-0.,-1.,0.));
#8371 = ADVANCED_FACE('',(#8372),#8383,.F.);
#8372 = FACE_BOUND('',#8373,.T.);
#8373 = EDGE_LOOP('',(#8374,#8375,#8376,#8382));
#8374 = ORIENTED_EDGE('',*,*,#8359,.F.);
#8375 = ORIENTED_EDGE('',*,*,#2166,.T.);
#8376 = ORIENTED_EDGE('',*,*,#8377,.F.);
#8377 = EDGE_CURVE('',#4472,#2158,#8378,.T.);
#8378 = LINE('',#8379,#8380);
#8379 = CARTESIAN_POINT('',(25.543708123276,-79.79292893152,-4.5E-02));
#8380 = VECTOR('',#8381,1.);
#8381 = DIRECTION('',(-0.,-0.,-1.));
#8382 = ORIENTED_EDGE('',*,*,#4480,.F.);
#8383 = CYLINDRICAL_SURFACE('',#8384,1.5);
#8384 = AXIS2_PLACEMENT_3D('',#8385,#8386,#8387);
#8385 = CARTESIAN_POINT('',(24.1,-80.2,-4.5E-02));
#8386 = DIRECTION('',(-0.,-0.,-1.));
#8387 = DIRECTION('',(-0.,-1.,0.));
#8388 = ADVANCED_FACE('',(#8389),#8395,.F.);
#8389 = FACE_BOUND('',#8390,.T.);
#8390 = EDGE_LOOP('',(#8391,#8392,#8393,#8394));
#8391 = ORIENTED_EDGE('',*,*,#2157,.T.);
#8392 = ORIENTED_EDGE('',*,*,#8336,.T.);
#8393 = ORIENTED_EDGE('',*,*,#4471,.F.);
#8394 = ORIENTED_EDGE('',*,*,#8377,.T.);
#8395 = CYLINDRICAL_SURFACE('',#8396,1.5);
#8396 = AXIS2_PLACEMENT_3D('',#8397,#8398,#8399);
#8397 = CARTESIAN_POINT('',(25.9,-81.25,-4.5E-02));
#8398 = DIRECTION('',(-0.,-0.,-1.));
#8399 = DIRECTION('',(-0.,-1.,0.));
#8400 = ADVANCED_FACE('',(#8401),#8417,.F.);
#8401 = FACE_BOUND('',#8402,.T.);
#8402 = EDGE_LOOP('',(#8403,#8409,#8410,#8416));
#8403 = ORIENTED_EDGE('',*,*,#8404,.F.);
#8404 = EDGE_CURVE('',#2185,#4499,#8405,.T.);
#8405 = LINE('',#8406,#8407);
#8406 = CARTESIAN_POINT('',(13.9,-81.7,-4.5E-02));
#8407 = VECTOR('',#8408,1.);
#8408 = DIRECTION('',(0.,0.,1.));
#8409 = ORIENTED_EDGE('',*,*,#2184,.T.);
#8410 = ORIENTED_EDGE('',*,*,#8411,.F.);
#8411 = EDGE_CURVE('',#4501,#2187,#8412,.T.);
#8412 = LINE('',#8413,#8414);
#8413 = CARTESIAN_POINT('',(13.543708123276,-81.65707106847,-4.5E-02));
#8414 = VECTOR('',#8415,1.);
#8415 = DIRECTION('',(-0.,-0.,-1.));
#8416 = ORIENTED_EDGE('',*,*,#4498,.F.);
#8417 = CYLINDRICAL_SURFACE('',#8418,1.5);
#8418 = AXIS2_PLACEMENT_3D('',#8419,#8420,#8421);
#8419 = CARTESIAN_POINT('',(13.9,-80.2,-4.5E-02));
#8420 = DIRECTION('',(-0.,-0.,-1.));
#8421 = DIRECTION('',(-0.,-1.,0.));
#8422 = ADVANCED_FACE('',(#8423),#8434,.F.);
#8423 = FACE_BOUND('',#8424,.T.);
#8424 = EDGE_LOOP('',(#8425,#8426,#8432,#8433));
#8425 = ORIENTED_EDGE('',*,*,#2213,.T.);
#8426 = ORIENTED_EDGE('',*,*,#8427,.T.);
#8427 = EDGE_CURVE('',#2205,#4519,#8428,.T.);
#8428 = LINE('',#8429,#8430);
#8429 = CARTESIAN_POINT('',(12.1,-82.75,-4.5E-02));
#8430 = VECTOR('',#8431,1.);
#8431 = DIRECTION('',(0.,0.,1.));
#8432 = ORIENTED_EDGE('',*,*,#4527,.F.);
#8433 = ORIENTED_EDGE('',*,*,#8411,.T.);
#8434 = CYLINDRICAL_SURFACE('',#8435,1.5);
#8435 = AXIS2_PLACEMENT_3D('',#8436,#8437,#8438);
#8436 = CARTESIAN_POINT('',(12.1,-81.25,-4.5E-02));
#8437 = DIRECTION('',(-0.,-0.,-1.));
#8438 = DIRECTION('',(-0.,-1.,0.));
#8439 = ADVANCED_FACE('',(#8440),#8451,.F.);
#8440 = FACE_BOUND('',#8441,.T.);
#8441 = EDGE_LOOP('',(#8442,#8443,#8444,#8450));
#8442 = ORIENTED_EDGE('',*,*,#8427,.F.);
#8443 = ORIENTED_EDGE('',*,*,#2204,.T.);
#8444 = ORIENTED_EDGE('',*,*,#8445,.F.);
#8445 = EDGE_CURVE('',#4510,#2196,#8446,.T.);
#8446 = LINE('',#8447,#8448);
#8447 = CARTESIAN_POINT('',(12.456291876724,-79.79292893152,-4.5E-02));
#8448 = VECTOR('',#8449,1.);
#8449 = DIRECTION('',(-0.,-0.,-1.));
#8450 = ORIENTED_EDGE('',*,*,#4518,.F.);
#8451 = CYLINDRICAL_SURFACE('',#8452,1.5);
#8452 = AXIS2_PLACEMENT_3D('',#8453,#8454,#8455);
#8453 = CARTESIAN_POINT('',(12.1,-81.25,-4.5E-02));
#8454 = DIRECTION('',(-0.,-0.,-1.));
#8455 = DIRECTION('',(-0.,-1.,0.));
#8456 = ADVANCED_FACE('',(#8457),#8463,.F.);
#8457 = FACE_BOUND('',#8458,.T.);
#8458 = EDGE_LOOP('',(#8459,#8460,#8461,#8462));
#8459 = ORIENTED_EDGE('',*,*,#2195,.T.);
#8460 = ORIENTED_EDGE('',*,*,#8404,.T.);
#8461 = ORIENTED_EDGE('',*,*,#4509,.F.);
#8462 = ORIENTED_EDGE('',*,*,#8445,.T.);
#8463 = CYLINDRICAL_SURFACE('',#8464,1.5);
#8464 = AXIS2_PLACEMENT_3D('',#8465,#8466,#8467);
#8465 = CARTESIAN_POINT('',(13.9,-80.2,-4.5E-02));
#8466 = DIRECTION('',(-0.,-0.,-1.));
#8467 = DIRECTION('',(-0.,-1.,0.));
#8468 = ADVANCED_FACE('',(#8469),#8485,.F.);
#8469 = FACE_BOUND('',#8470,.T.);
#8470 = EDGE_LOOP('',(#8471,#8477,#8478,#8484));
#8471 = ORIENTED_EDGE('',*,*,#8472,.F.);
#8472 = EDGE_CURVE('',#2223,#4537,#8473,.T.);
#8473 = LINE('',#8474,#8475);
#8474 = CARTESIAN_POINT('',(6.9,-82.75,-4.5E-02));
#8475 = VECTOR('',#8476,1.);
#8476 = DIRECTION('',(0.,0.,1.));
#8477 = ORIENTED_EDGE('',*,*,#2222,.T.);
#8478 = ORIENTED_EDGE('',*,*,#8479,.F.);
#8479 = EDGE_CURVE('',#4539,#2225,#8480,.T.);
#8480 = LINE('',#8481,#8482);
#8481 = CARTESIAN_POINT('',(5.456291876724,-81.65707106847,-4.5E-02));
#8482 = VECTOR('',#8483,1.);
#8483 = DIRECTION('',(-0.,-0.,-1.));
#8484 = ORIENTED_EDGE('',*,*,#4536,.F.);
#8485 = CYLINDRICAL_SURFACE('',#8486,1.5);
#8486 = AXIS2_PLACEMENT_3D('',#8487,#8488,#8489);
#8487 = CARTESIAN_POINT('',(6.9,-81.25,-4.5E-02));
#8488 = DIRECTION('',(-0.,-0.,-1.));
#8489 = DIRECTION('',(-0.,-1.,0.));
#8490 = ADVANCED_FACE('',(#8491),#8502,.F.);
#8491 = FACE_BOUND('',#8492,.T.);
#8492 = EDGE_LOOP('',(#8493,#8494,#8500,#8501));
#8493 = ORIENTED_EDGE('',*,*,#2251,.T.);
#8494 = ORIENTED_EDGE('',*,*,#8495,.T.);
#8495 = EDGE_CURVE('',#2243,#4557,#8496,.T.);
#8496 = LINE('',#8497,#8498);
#8497 = CARTESIAN_POINT('',(5.1,-81.7,-4.5E-02));
#8498 = VECTOR('',#8499,1.);
#8499 = DIRECTION('',(0.,0.,1.));
#8500 = ORIENTED_EDGE('',*,*,#4565,.F.);
#8501 = ORIENTED_EDGE('',*,*,#8479,.T.);
#8502 = CYLINDRICAL_SURFACE('',#8503,1.5);
#8503 = AXIS2_PLACEMENT_3D('',#8504,#8505,#8506);
#8504 = CARTESIAN_POINT('',(5.1,-80.2,-4.5E-02));
#8505 = DIRECTION('',(-0.,-0.,-1.));
#8506 = DIRECTION('',(-0.,-1.,0.));
#8507 = ADVANCED_FACE('',(#8508),#8519,.F.);
#8508 = FACE_BOUND('',#8509,.T.);
#8509 = EDGE_LOOP('',(#8510,#8511,#8512,#8518));
#8510 = ORIENTED_EDGE('',*,*,#8495,.F.);
#8511 = ORIENTED_EDGE('',*,*,#2242,.T.);
#8512 = ORIENTED_EDGE('',*,*,#8513,.F.);
#8513 = EDGE_CURVE('',#4548,#2234,#8514,.T.);
#8514 = LINE('',#8515,#8516);
#8515 = CARTESIAN_POINT('',(6.543708123276,-79.79292893152,-4.5E-02));
#8516 = VECTOR('',#8517,1.);
#8517 = DIRECTION('',(-0.,-0.,-1.));
#8518 = ORIENTED_EDGE('',*,*,#4556,.F.);
#8519 = CYLINDRICAL_SURFACE('',#8520,1.5);
#8520 = AXIS2_PLACEMENT_3D('',#8521,#8522,#8523);
#8521 = CARTESIAN_POINT('',(5.1,-80.2,-4.5E-02));
#8522 = DIRECTION('',(-0.,-0.,-1.));
#8523 = DIRECTION('',(-0.,-1.,0.));
#8524 = ADVANCED_FACE('',(#8525),#8531,.F.);
#8525 = FACE_BOUND('',#8526,.T.);
#8526 = EDGE_LOOP('',(#8527,#8528,#8529,#8530));
#8527 = ORIENTED_EDGE('',*,*,#2233,.T.);
#8528 = ORIENTED_EDGE('',*,*,#8472,.T.);
#8529 = ORIENTED_EDGE('',*,*,#4547,.F.);
#8530 = ORIENTED_EDGE('',*,*,#8513,.T.);
#8531 = CYLINDRICAL_SURFACE('',#8532,1.5);
#8532 = AXIS2_PLACEMENT_3D('',#8533,#8534,#8535);
#8533 = CARTESIAN_POINT('',(6.9,-81.25,-4.5E-02));
#8534 = DIRECTION('',(-0.,-0.,-1.));
#8535 = DIRECTION('',(-0.,-1.,0.));
#8536 = ADVANCED_FACE('',(#8537),#8548,.F.);
#8537 = FACE_BOUND('',#8538,.T.);
#8538 = EDGE_LOOP('',(#8539,#8540,#8546,#8547));
#8539 = ORIENTED_EDGE('',*,*,#2260,.T.);
#8540 = ORIENTED_EDGE('',*,*,#8541,.T.);
#8541 = EDGE_CURVE('',#2261,#4575,#8542,.T.);
#8542 = LINE('',#8543,#8544);
#8543 = CARTESIAN_POINT('',(66.5,-79.04097,-4.5E-02));
#8544 = VECTOR('',#8545,1.);
#8545 = DIRECTION('',(0.,0.,1.));
#8546 = ORIENTED_EDGE('',*,*,#4574,.F.);
#8547 = ORIENTED_EDGE('',*,*,#8541,.F.);
#8548 = CYLINDRICAL_SURFACE('',#8549,2.55);
#8549 = AXIS2_PLACEMENT_3D('',#8550,#8551,#8552);
#8550 = CARTESIAN_POINT('',(66.5,-76.49097,-4.5E-02));
#8551 = DIRECTION('',(-0.,-0.,-1.));
#8552 = DIRECTION('',(-0.,-1.,0.));
#8553 = ADVANCED_FACE('',(#8554),#8565,.F.);
#8554 = FACE_BOUND('',#8555,.T.);
#8555 = EDGE_LOOP('',(#8556,#8557,#8563,#8564));
#8556 = ORIENTED_EDGE('',*,*,#2271,.T.);
#8557 = ORIENTED_EDGE('',*,*,#8558,.T.);
#8558 = EDGE_CURVE('',#2272,#4586,#8559,.T.);
#8559 = LINE('',#8560,#8561);
#8560 = CARTESIAN_POINT('',(66.5,-69.1,-4.5E-02));
#8561 = VECTOR('',#8562,1.);
#8562 = DIRECTION('',(0.,0.,1.));
#8563 = ORIENTED_EDGE('',*,*,#4585,.F.);
#8564 = ORIENTED_EDGE('',*,*,#8558,.F.);
#8565 = CYLINDRICAL_SURFACE('',#8566,2.1);
#8566 = AXIS2_PLACEMENT_3D('',#8567,#8568,#8569);
#8567 = CARTESIAN_POINT('',(66.5,-67.,-4.5E-02));
#8568 = DIRECTION('',(-0.,-0.,-1.));
#8569 = DIRECTION('',(-0.,-1.,0.));
#8570 = ADVANCED_FACE('',(#8571),#8587,.F.);
#8571 = FACE_BOUND('',#8572,.T.);
#8572 = EDGE_LOOP('',(#8573,#8579,#8580,#8586));
#8573 = ORIENTED_EDGE('',*,*,#8574,.F.);
#8574 = EDGE_CURVE('',#2283,#4597,#8575,.T.);
#8575 = LINE('',#8576,#8577);
#8576 = CARTESIAN_POINT('',(51.9,-68.7,-4.5E-02));
#8577 = VECTOR('',#8578,1.);
#8578 = DIRECTION('',(0.,0.,1.));
#8579 = ORIENTED_EDGE('',*,*,#2282,.T.);
#8580 = ORIENTED_EDGE('',*,*,#8581,.F.);
#8581 = EDGE_CURVE('',#4599,#2285,#8582,.T.);
#8582 = LINE('',#8583,#8584);
#8583 = CARTESIAN_POINT('',(51.543708123276,-68.65707106847,-4.5E-02));
#8584 = VECTOR('',#8585,1.);
#8585 = DIRECTION('',(-0.,-0.,-1.));
#8586 = ORIENTED_EDGE('',*,*,#4596,.F.);
#8587 = CYLINDRICAL_SURFACE('',#8588,1.5);
#8588 = AXIS2_PLACEMENT_3D('',#8589,#8590,#8591);
#8589 = CARTESIAN_POINT('',(51.9,-67.2,-4.5E-02));
#8590 = DIRECTION('',(-0.,-0.,-1.));
#8591 = DIRECTION('',(-0.,-1.,0.));
#8592 = ADVANCED_FACE('',(#8593),#8604,.F.);
#8593 = FACE_BOUND('',#8594,.T.);
#8594 = EDGE_LOOP('',(#8595,#8596,#8602,#8603));
#8595 = ORIENTED_EDGE('',*,*,#2311,.T.);
#8596 = ORIENTED_EDGE('',*,*,#8597,.T.);
#8597 = EDGE_CURVE('',#2303,#4617,#8598,.T.);
#8598 = LINE('',#8599,#8600);
#8599 = CARTESIAN_POINT('',(50.1,-69.75,-4.5E-02));
#8600 = VECTOR('',#8601,1.);
#8601 = DIRECTION('',(0.,0.,1.));
#8602 = ORIENTED_EDGE('',*,*,#4625,.F.);
#8603 = ORIENTED_EDGE('',*,*,#8581,.T.);
#8604 = CYLINDRICAL_SURFACE('',#8605,1.5);
#8605 = AXIS2_PLACEMENT_3D('',#8606,#8607,#8608);
#8606 = CARTESIAN_POINT('',(50.1,-68.25,-4.5E-02));
#8607 = DIRECTION('',(-0.,-0.,-1.));
#8608 = DIRECTION('',(-0.,-1.,0.));
#8609 = ADVANCED_FACE('',(#8610),#8621,.F.);
#8610 = FACE_BOUND('',#8611,.T.);
#8611 = EDGE_LOOP('',(#8612,#8613,#8614,#8620));
#8612 = ORIENTED_EDGE('',*,*,#8597,.F.);
#8613 = ORIENTED_EDGE('',*,*,#2302,.T.);
#8614 = ORIENTED_EDGE('',*,*,#8615,.F.);
#8615 = EDGE_CURVE('',#4608,#2294,#8616,.T.);
#8616 = LINE('',#8617,#8618);
#8617 = CARTESIAN_POINT('',(50.456291876724,-66.79292893152,-4.5E-02));
#8618 = VECTOR('',#8619,1.);
#8619 = DIRECTION('',(-0.,-0.,-1.));
#8620 = ORIENTED_EDGE('',*,*,#4616,.F.);
#8621 = CYLINDRICAL_SURFACE('',#8622,1.5);
#8622 = AXIS2_PLACEMENT_3D('',#8623,#8624,#8625);
#8623 = CARTESIAN_POINT('',(50.1,-68.25,-4.5E-02));
#8624 = DIRECTION('',(-0.,-0.,-1.));
#8625 = DIRECTION('',(-0.,-1.,0.));
#8626 = ADVANCED_FACE('',(#8627),#8633,.F.);
#8627 = FACE_BOUND('',#8628,.T.);
#8628 = EDGE_LOOP('',(#8629,#8630,#8631,#8632));
#8629 = ORIENTED_EDGE('',*,*,#2293,.T.);
#8630 = ORIENTED_EDGE('',*,*,#8574,.T.);
#8631 = ORIENTED_EDGE('',*,*,#4607,.F.);
#8632 = ORIENTED_EDGE('',*,*,#8615,.T.);
#8633 = CYLINDRICAL_SURFACE('',#8634,1.5);
#8634 = AXIS2_PLACEMENT_3D('',#8635,#8636,#8637);
#8635 = CARTESIAN_POINT('',(51.9,-67.2,-4.5E-02));
#8636 = DIRECTION('',(-0.,-0.,-1.));
#8637 = DIRECTION('',(-0.,-1.,0.));
#8638 = ADVANCED_FACE('',(#8639),#8655,.F.);
#8639 = FACE_BOUND('',#8640,.T.);
#8640 = EDGE_LOOP('',(#8641,#8647,#8648,#8654));
#8641 = ORIENTED_EDGE('',*,*,#8642,.F.);
#8642 = EDGE_CURVE('',#2321,#4635,#8643,.T.);
#8643 = LINE('',#8644,#8645);
#8644 = CARTESIAN_POINT('',(44.9,-69.75,-4.5E-02));
#8645 = VECTOR('',#8646,1.);
#8646 = DIRECTION('',(0.,0.,1.));
#8647 = ORIENTED_EDGE('',*,*,#2320,.T.);
#8648 = ORIENTED_EDGE('',*,*,#8649,.F.);
#8649 = EDGE_CURVE('',#4637,#2323,#8650,.T.);
#8650 = LINE('',#8651,#8652);
#8651 = CARTESIAN_POINT('',(43.456291876724,-68.65707106847,-4.5E-02));
#8652 = VECTOR('',#8653,1.);
#8653 = DIRECTION('',(-0.,-0.,-1.));
#8654 = ORIENTED_EDGE('',*,*,#4634,.F.);
#8655 = CYLINDRICAL_SURFACE('',#8656,1.5);
#8656 = AXIS2_PLACEMENT_3D('',#8657,#8658,#8659);
#8657 = CARTESIAN_POINT('',(44.9,-68.25,-4.5E-02));
#8658 = DIRECTION('',(-0.,-0.,-1.));
#8659 = DIRECTION('',(-0.,-1.,0.));
#8660 = ADVANCED_FACE('',(#8661),#8672,.F.);
#8661 = FACE_BOUND('',#8662,.T.);
#8662 = EDGE_LOOP('',(#8663,#8664,#8670,#8671));
#8663 = ORIENTED_EDGE('',*,*,#2349,.T.);
#8664 = ORIENTED_EDGE('',*,*,#8665,.T.);
#8665 = EDGE_CURVE('',#2341,#4655,#8666,.T.);
#8666 = LINE('',#8667,#8668);
#8667 = CARTESIAN_POINT('',(43.1,-68.7,-4.5E-02));
#8668 = VECTOR('',#8669,1.);
#8669 = DIRECTION('',(0.,0.,1.));
#8670 = ORIENTED_EDGE('',*,*,#4663,.F.);
#8671 = ORIENTED_EDGE('',*,*,#8649,.T.);
#8672 = CYLINDRICAL_SURFACE('',#8673,1.5);
#8673 = AXIS2_PLACEMENT_3D('',#8674,#8675,#8676);
#8674 = CARTESIAN_POINT('',(43.1,-67.2,-4.5E-02));
#8675 = DIRECTION('',(-0.,-0.,-1.));
#8676 = DIRECTION('',(-0.,-1.,0.));
#8677 = ADVANCED_FACE('',(#8678),#8689,.F.);
#8678 = FACE_BOUND('',#8679,.T.);
#8679 = EDGE_LOOP('',(#8680,#8681,#8682,#8688));
#8680 = ORIENTED_EDGE('',*,*,#8665,.F.);
#8681 = ORIENTED_EDGE('',*,*,#2340,.T.);
#8682 = ORIENTED_EDGE('',*,*,#8683,.F.);
#8683 = EDGE_CURVE('',#4646,#2332,#8684,.T.);
#8684 = LINE('',#8685,#8686);
#8685 = CARTESIAN_POINT('',(44.543708123276,-66.79292893152,-4.5E-02));
#8686 = VECTOR('',#8687,1.);
#8687 = DIRECTION('',(-0.,-0.,-1.));
#8688 = ORIENTED_EDGE('',*,*,#4654,.F.);
#8689 = CYLINDRICAL_SURFACE('',#8690,1.5);
#8690 = AXIS2_PLACEMENT_3D('',#8691,#8692,#8693);
#8691 = CARTESIAN_POINT('',(43.1,-67.2,-4.5E-02));
#8692 = DIRECTION('',(-0.,-0.,-1.));
#8693 = DIRECTION('',(-0.,-1.,0.));
#8694 = ADVANCED_FACE('',(#8695),#8701,.F.);
#8695 = FACE_BOUND('',#8696,.T.);
#8696 = EDGE_LOOP('',(#8697,#8698,#8699,#8700));
#8697 = ORIENTED_EDGE('',*,*,#2331,.T.);
#8698 = ORIENTED_EDGE('',*,*,#8642,.T.);
#8699 = ORIENTED_EDGE('',*,*,#4645,.F.);
#8700 = ORIENTED_EDGE('',*,*,#8683,.T.);
#8701 = CYLINDRICAL_SURFACE('',#8702,1.5);
#8702 = AXIS2_PLACEMENT_3D('',#8703,#8704,#8705);
#8703 = CARTESIAN_POINT('',(44.9,-68.25,-4.5E-02));
#8704 = DIRECTION('',(-0.,-0.,-1.));
#8705 = DIRECTION('',(-0.,-1.,0.));
#8706 = ADVANCED_FACE('',(#8707),#8723,.F.);
#8707 = FACE_BOUND('',#8708,.T.);
#8708 = EDGE_LOOP('',(#8709,#8715,#8716,#8722));
#8709 = ORIENTED_EDGE('',*,*,#8710,.F.);
#8710 = EDGE_CURVE('',#2359,#4673,#8711,.T.);
#8711 = LINE('',#8712,#8713);
#8712 = CARTESIAN_POINT('',(62.1,-63.69097,-4.5E-02));
#8713 = VECTOR('',#8714,1.);
#8714 = DIRECTION('',(0.,0.,1.));
#8715 = ORIENTED_EDGE('',*,*,#2358,.T.);
#8716 = ORIENTED_EDGE('',*,*,#8717,.F.);
#8717 = EDGE_CURVE('',#4675,#2361,#8718,.T.);
#8718 = LINE('',#8719,#8720);
#8719 = CARTESIAN_POINT('',(63.543708123276,-61.78389893152,-4.5E-02));
#8720 = VECTOR('',#8721,1.);
#8721 = DIRECTION('',(-0.,-0.,-1.));
#8722 = ORIENTED_EDGE('',*,*,#4672,.F.);
#8723 = CYLINDRICAL_SURFACE('',#8724,1.5);
#8724 = AXIS2_PLACEMENT_3D('',#8725,#8726,#8727);
#8725 = CARTESIAN_POINT('',(62.1,-62.19097,-4.5E-02));
#8726 = DIRECTION('',(-0.,-0.,-1.));
#8727 = DIRECTION('',(-0.,-1.,0.));
#8728 = ADVANCED_FACE('',(#8729),#8740,.F.);
#8729 = FACE_BOUND('',#8730,.T.);
#8730 = EDGE_LOOP('',(#8731,#8732,#8738,#8739));
#8731 = ORIENTED_EDGE('',*,*,#2387,.T.);
#8732 = ORIENTED_EDGE('',*,*,#8733,.T.);
#8733 = EDGE_CURVE('',#2379,#4693,#8734,.T.);
#8734 = LINE('',#8735,#8736);
#8735 = CARTESIAN_POINT('',(63.9,-64.74097,-4.5E-02));
#8736 = VECTOR('',#8737,1.);
#8737 = DIRECTION('',(0.,0.,1.));
#8738 = ORIENTED_EDGE('',*,*,#4701,.F.);
#8739 = ORIENTED_EDGE('',*,*,#8717,.T.);
#8740 = CYLINDRICAL_SURFACE('',#8741,1.5);
#8741 = AXIS2_PLACEMENT_3D('',#8742,#8743,#8744);
#8742 = CARTESIAN_POINT('',(63.9,-63.24097,-4.5E-02));
#8743 = DIRECTION('',(-0.,-0.,-1.));
#8744 = DIRECTION('',(-4.736951571734E-15,-1.,0.));
#8745 = ADVANCED_FACE('',(#8746),#8757,.F.);
#8746 = FACE_BOUND('',#8747,.T.);
#8747 = EDGE_LOOP('',(#8748,#8749,#8750,#8756));
#8748 = ORIENTED_EDGE('',*,*,#8733,.F.);
#8749 = ORIENTED_EDGE('',*,*,#2378,.T.);
#8750 = ORIENTED_EDGE('',*,*,#8751,.F.);
#8751 = EDGE_CURVE('',#4684,#2370,#8752,.T.);
#8752 = LINE('',#8753,#8754);
#8753 = CARTESIAN_POINT('',(62.456291876724,-63.64804106847,-4.5E-02));
#8754 = VECTOR('',#8755,1.);
#8755 = DIRECTION('',(-0.,-0.,-1.));
#8756 = ORIENTED_EDGE('',*,*,#4692,.F.);
#8757 = CYLINDRICAL_SURFACE('',#8758,1.5);
#8758 = AXIS2_PLACEMENT_3D('',#8759,#8760,#8761);
#8759 = CARTESIAN_POINT('',(63.9,-63.24097,-4.5E-02));
#8760 = DIRECTION('',(-0.,-0.,-1.));
#8761 = DIRECTION('',(-4.736951571734E-15,-1.,0.));
#8762 = ADVANCED_FACE('',(#8763),#8769,.F.);
#8763 = FACE_BOUND('',#8764,.T.);
#8764 = EDGE_LOOP('',(#8765,#8766,#8767,#8768));
#8765 = ORIENTED_EDGE('',*,*,#2369,.T.);
#8766 = ORIENTED_EDGE('',*,*,#8710,.T.);
#8767 = ORIENTED_EDGE('',*,*,#4683,.F.);
#8768 = ORIENTED_EDGE('',*,*,#8751,.T.);
#8769 = CYLINDRICAL_SURFACE('',#8770,1.5);
#8770 = AXIS2_PLACEMENT_3D('',#8771,#8772,#8773);
#8771 = CARTESIAN_POINT('',(62.1,-62.19097,-4.5E-02));
#8772 = DIRECTION('',(-0.,-0.,-1.));
#8773 = DIRECTION('',(-0.,-1.,0.));
#8774 = ADVANCED_FACE('',(#8775),#8786,.F.);
#8775 = FACE_BOUND('',#8776,.T.);
#8776 = EDGE_LOOP('',(#8777,#8778,#8784,#8785));
#8777 = ORIENTED_EDGE('',*,*,#2396,.T.);
#8778 = ORIENTED_EDGE('',*,*,#8779,.T.);
#8779 = EDGE_CURVE('',#2397,#4711,#8780,.T.);
#8780 = LINE('',#8781,#8782);
#8781 = CARTESIAN_POINT('',(66.5,-60.04097,-4.5E-02));
#8782 = VECTOR('',#8783,1.);
#8783 = DIRECTION('',(0.,0.,1.));
#8784 = ORIENTED_EDGE('',*,*,#4710,.F.);
#8785 = ORIENTED_EDGE('',*,*,#8779,.F.);
#8786 = CYLINDRICAL_SURFACE('',#8787,2.55);
#8787 = AXIS2_PLACEMENT_3D('',#8788,#8789,#8790);
#8788 = CARTESIAN_POINT('',(66.5,-57.49097,-4.5E-02));
#8789 = DIRECTION('',(-0.,-0.,-1.));
#8790 = DIRECTION('',(-0.,-1.,0.));
#8791 = ADVANCED_FACE('',(#8792),#8803,.F.);
#8792 = FACE_BOUND('',#8793,.T.);
#8793 = EDGE_LOOP('',(#8794,#8795,#8801,#8802));
#8794 = ORIENTED_EDGE('',*,*,#2407,.T.);
#8795 = ORIENTED_EDGE('',*,*,#8796,.T.);
#8796 = EDGE_CURVE('',#2408,#4722,#8797,.T.);
#8797 = LINE('',#8798,#8799);
#8798 = CARTESIAN_POINT('',(47.5,-65.05,-4.5E-02));
#8799 = VECTOR('',#8800,1.);
#8800 = DIRECTION('',(0.,0.,1.));
#8801 = ORIENTED_EDGE('',*,*,#4721,.F.);
#8802 = ORIENTED_EDGE('',*,*,#8796,.F.);
#8803 = CYLINDRICAL_SURFACE('',#8804,2.55);
#8804 = AXIS2_PLACEMENT_3D('',#8805,#8806,#8807);
#8805 = CARTESIAN_POINT('',(47.5,-62.5,-4.5E-02));
#8806 = DIRECTION('',(-0.,-0.,-1.));
#8807 = DIRECTION('',(-0.,-1.,0.));
#8808 = ADVANCED_FACE('',(#8809),#8820,.F.);
#8809 = FACE_BOUND('',#8810,.T.);
#8810 = EDGE_LOOP('',(#8811,#8812,#8818,#8819));
#8811 = ORIENTED_EDGE('',*,*,#2418,.T.);
#8812 = ORIENTED_EDGE('',*,*,#8813,.T.);
#8813 = EDGE_CURVE('',#2419,#4733,#8814,.T.);
#8814 = LINE('',#8815,#8816);
#8815 = CARTESIAN_POINT('',(28.5,-78.05,-4.5E-02));
#8816 = VECTOR('',#8817,1.);
#8817 = DIRECTION('',(0.,0.,1.));
#8818 = ORIENTED_EDGE('',*,*,#4732,.F.);
#8819 = ORIENTED_EDGE('',*,*,#8813,.F.);
#8820 = CYLINDRICAL_SURFACE('',#8821,2.55);
#8821 = AXIS2_PLACEMENT_3D('',#8822,#8823,#8824);
#8822 = CARTESIAN_POINT('',(28.5,-75.5,-4.5E-02));
#8823 = DIRECTION('',(-0.,-0.,-1.));
#8824 = DIRECTION('',(-0.,-1.,0.));
#8825 = ADVANCED_FACE('',(#8826),#8837,.F.);
#8826 = FACE_BOUND('',#8827,.T.);
#8827 = EDGE_LOOP('',(#8828,#8829,#8835,#8836));
#8828 = ORIENTED_EDGE('',*,*,#2429,.T.);
#8829 = ORIENTED_EDGE('',*,*,#8830,.T.);
#8830 = EDGE_CURVE('',#2430,#4744,#8831,.T.);
#8831 = LINE('',#8832,#8833);
#8832 = CARTESIAN_POINT('',(19.,-74.1,-4.5E-02));
#8833 = VECTOR('',#8834,1.);
#8834 = DIRECTION('',(0.,0.,1.));
#8835 = ORIENTED_EDGE('',*,*,#4743,.F.);
#8836 = ORIENTED_EDGE('',*,*,#8830,.F.);
#8837 = CYLINDRICAL_SURFACE('',#8838,2.1);
#8838 = AXIS2_PLACEMENT_3D('',#8839,#8840,#8841);
#8839 = CARTESIAN_POINT('',(19.,-72.,-4.5E-02));
#8840 = DIRECTION('',(-0.,-0.,-1.));
#8841 = DIRECTION('',(-0.,-1.,0.));
#8842 = ADVANCED_FACE('',(#8843),#8854,.F.);
#8843 = FACE_BOUND('',#8844,.T.);
#8844 = EDGE_LOOP('',(#8845,#8846,#8852,#8853));
#8845 = ORIENTED_EDGE('',*,*,#2440,.T.);
#8846 = ORIENTED_EDGE('',*,*,#8847,.T.);
#8847 = EDGE_CURVE('',#2441,#4755,#8848,.T.);
#8848 = LINE('',#8849,#8850);
#8849 = CARTESIAN_POINT('',(9.5,-78.05,-4.5E-02));
#8850 = VECTOR('',#8851,1.);
#8851 = DIRECTION('',(0.,0.,1.));
#8852 = ORIENTED_EDGE('',*,*,#4754,.F.);
#8853 = ORIENTED_EDGE('',*,*,#8847,.F.);
#8854 = CYLINDRICAL_SURFACE('',#8855,2.55);
#8855 = AXIS2_PLACEMENT_3D('',#8856,#8857,#8858);
#8856 = CARTESIAN_POINT('',(9.5,-75.5,-4.5E-02));
#8857 = DIRECTION('',(-0.,-0.,-1.));
#8858 = DIRECTION('',(-0.,-1.,0.));
#8859 = ( GEOMETRIC_REPRESENTATION_CONTEXT(3) 
GLOBAL_UNCERTAINTY_ASSIGNED_CONTEXT((#8863)) 
GLOBAL_UNIT_ASSIGNED_CONTEXT((#8860,#8861,#8862)) REPRESENTATION_CONTEXT
('Context #1','3D Context with UNIT and UNCERTAINTY') );
#8860 = ( LENGTH_UNIT() NAMED_UNIT(*) SI_UNIT(.MILLI.,.METRE.) );
#8861 = ( NAMED_UNIT(*) PLANE_ANGLE_UNIT() SI_UNIT($,.RADIAN.) );
#8862 = ( NAMED_UNIT(*) SI_UNIT($,.STERADIAN.) SOLID_ANGLE_UNIT() );
#8863 = UNCERTAINTY_MEASURE_WITH_UNIT(LENGTH_MEASURE(1.E-07),#8860,
  'distance_accuracy_value','confusion accuracy');
#8864 = CONTEXT_DEPENDENT_SHAPE_REPRESENTATION(#8865,#8867);
#8865 = ( REPRESENTATION_RELATIONSHIP('','',#32,#10) 
REPRESENTATION_RELATIONSHIP_WITH_TRANSFORMATION(#8866) 
SHAPE_REPRESENTATION_RELATIONSHIP() );
#8866 = ITEM_DEFINED_TRANSFORMATION('','',#11,#15);
#8867 = PRODUCT_DEFINITION_SHAPE('Placement','Placement of an item',
  #8868);
#8868 = NEXT_ASSEMBLY_USAGE_OCCURRENCE('1','=>[0:1:1:2]','',#5,#27,$);
#8869 = PRODUCT_RELATED_PRODUCT_CATEGORY('part',$,(#29));
#8870 = MECHANICAL_DESIGN_GEOMETRIC_PRESENTATION_REPRESENTATION('',(
    #8871),#8859);
#8871 = STYLED_ITEM('color',(#8872),#33);
#8872 = PRESENTATION_STYLE_ASSIGNMENT((#8873));
#8873 = SURFACE_STYLE_USAGE(.BOTH.,#8874);
#8874 = SURFACE_SIDE_STYLE('',(#8875));
#8875 = SURFACE_STYLE_FILL_AREA(#8876);
#8876 = FILL_AREA_STYLE('',(#8877));
#8877 = FILL_AREA_STYLE_COLOUR('',#8878);
#8878 = COLOUR_RGB('',0.313304153717,0.484529207832,0.410020903123);
ENDSEC;
END-ISO-10303-21;
